TransactionID,TransactionDate,CalendarYear,Quarter,MonthNumber,MonthName,DepartmentKey,CategoryKey,VendorKey,RegionKey,ProjectKey,Description,PaymentMethod,PostingStatus,NetAmount_AUD,GST_AUD,GrossAmount_AUD,PurchaseOrder,InvoiceNumber,OriginalCurrency,ExchangeRate
TX000001,2026-04-08,2026,2,4,April,D001,C020,V022,R04,P008,Customer Support Tools expense - Information Technology,Direct Debit,Posted,501.75,50.18,551.93,,INV-476417,AUD,1.0
TX000002,2026-05-17,2026,2,5,May,D006,C018,V030,R01,P001,Freight & Logistics expense - Operations,Invoice,Posted,8808.03,880.8,9688.83,PO-91070,INV-479201,AUD,1.0
TX000003,2025-08-14,2025,3,8,August,D004,C011,V019,R01,P008,Office Supplies expense - Marketing,Invoice,Posted,475.5,47.55,523.05,PO-56566,INV-319684,AUD,1.0
TX000004,2025-11-17,2025,4,11,November,D005,C019,V011,R05,P008,Vehicle Expenses expense - Sales,Invoice,Accrued,883.24,88.32,971.56,PO-83000,INV-330283,AUD,1.0
TX000005,2025-12-02,2025,4,12,December,D006,C003,V021,R01,P001,Hardware expense - Operations,Direct Debit,Posted,1279.94,127.99,1407.93,,INV-322955,AUD,1.0
TX000006,2025-11-02,2025,4,11,November,D008,C013,V010,R04,P008,Rent expense - Facilities,Invoice,Posted,1673.21,167.32,1840.53,PO-86484,INV-518801,AUD,1.0
TX000007,2025-01-05,2025,1,1,January,D004,C004,V004,R02,P002,Contractors expense - Marketing,Invoice,Posted,2884.24,288.42,3172.66,PO-60432,INV-500156,AUD,1.0
TX000008,2025-09-02,2025,3,9,September,D008,C014,V001,R01,P008,Utilities expense - Facilities,Direct Debit,Posted,866.33,86.63,952.96,,INV-456699,AUD,1.0
TX000009,2024-04-24,2024,2,4,April,D005,C010,V017,R01,P001,Events expense - Sales,Corporate Card,Posted,786.43,78.64,865.07,,,AUD,1.0
TX000010,2024-07-22,2024,3,7,July,D003,C006,V034,R03,P008,Travel expense - Human Resources,Invoice,Posted,1914.47,191.45,2105.92,PO-50306,INV-351083,AUD,1.0
TX000011,2024-02-29,2024,1,2,February,D004,C010,V032,R05,P002,Events expense - Marketing,Corporate Card,Posted,816.13,81.61,897.74,,,AUD,1.0
TX000012,2025-06-24,2025,2,6,June,D007,C004,V013,R05,P008,Contractors expense - Customer Service,Corporate Card,Accrued,2629.28,262.93,2892.21,,,AUD,1.0
TX000013,2025-04-07,2025,2,4,April,D002,C004,V015,R01,P005,Contractors expense - Finance,Corporate Card,Posted,1869.07,186.91,2055.98,,,AUD,1.0
TX000014,2024-02-02,2024,1,2,February,D006,C003,V032,R02,P004,Hardware expense - Operations,Direct Debit,Posted,581.86,58.19,640.05,,INV-922733,AUD,1.0
TX000015,2025-04-29,2025,2,4,April,D007,C004,V023,R01,P008,Contractors expense - Customer Service,Corporate Card,Pending,1385.88,138.59,1524.47,,,AUD,1.0
TX000016,2024-04-10,2024,2,4,April,D001,C004,V007,R03,P008,Contractors expense - Information Technology,Invoice,Posted,1117.93,111.79,1229.72,PO-42742,INV-179046,AUD,1.0
TX000017,2025-03-29,2025,1,3,March,D002,C001,V001,R03,P008,Software & SaaS expense - Finance,Invoice,Posted,1712.83,171.28,1884.11,PO-17685,INV-272634,AUD,1.0
TX000018,2025-01-23,2025,1,1,January,D001,C004,V030,R01,P008,Contractors expense - Information Technology,Corporate Card,Posted,670.42,67.04,737.46,,,AUD,1.0
TX000019,2025-05-13,2025,2,5,May,D003,C004,V035,R01,P008,Contractors expense - Human Resources,Invoice,Accrued,731.87,73.19,805.06,PO-79615,INV-265080,AUD,1.0
TX000020,2024-02-28,2024,1,2,February,D002,C017,V016,R01,P008,Legal & Compliance expense - Finance,Invoice,Posted,73.36,7.34,80.7,PO-20745,INV-539589,AUD,1.0
TX000021,2025-11-04,2025,4,11,November,D006,C006,V016,R01,P008,Travel expense - Operations,Corporate Card,Accrued,477.1,47.71,524.81,,,AUD,1.0
TX000022,2024-03-15,2024,1,3,March,D001,C004,V007,R03,P008,Contractors expense - Information Technology,Invoice,Posted,829.46,82.95,912.41,PO-42018,INV-487477,AUD,1.0
TX000023,2024-10-18,2024,4,10,October,D003,C007,V034,R04,P008,Training expense - Human Resources,Direct Debit,Posted,129.02,12.9,141.92,,INV-212235,AUD,1.0
TX000024,2026-01-30,2026,1,1,January,D003,C006,V022,R01,P003,Travel expense - Human Resources,Invoice,Accrued,176.26,17.63,193.89,PO-16658,INV-196781,AUD,1.0
TX000025,2025-10-11,2025,4,10,October,D007,C007,V009,R01,P005,Training expense - Customer Service,Corporate Card,Posted,352.78,35.28,388.06,,,AUD,1.0
TX000026,2024-01-10,2024,1,1,January,D002,C001,V010,R05,P008,Software & SaaS expense - Finance,Corporate Card,Posted,1425.66,142.57,1568.23,,,AUD,1.0
TX000027,2024-11-11,2024,4,11,November,D006,C003,V016,R04,P003,Hardware expense - Operations,Invoice,Pending,1239.29,123.93,1363.22,PO-30257,INV-348237,AUD,1.0
TX000028,2026-06-04,2026,2,6,June,D003,C004,V022,R04,P001,Contractors expense - Human Resources,Corporate Card,Posted,3090.82,309.08,3399.9,,,AUD,1.0
TX000029,2024-06-12,2024,2,6,June,D002,C006,V015,R04,P008,Travel expense - Finance,Direct Debit,Posted,170.16,17.02,187.18,,INV-517821,AUD,1.0
TX000030,2024-12-02,2024,4,12,December,D005,C001,V033,R05,P004,Software & SaaS expense - Sales,Invoice,Accrued,2153.0,215.3,2368.3,PO-44795,INV-140115,USD,1.4768
TX000031,2024-04-21,2024,2,4,April,D007,C007,V033,R03,P005,Training expense - Customer Service,Direct Debit,Accrued,234.03,23.4,257.43,,INV-872840,AUD,1.0
TX000032,2025-11-17,2025,4,11,November,D004,C006,V022,R02,P008,Travel expense - Marketing,Invoice,Posted,1080.8,108.08,1188.88,PO-97410,INV-528231,AUD,1.0
TX000033,2024-11-30,2024,4,11,November,D007,C007,V025,R02,P003,Training expense - Customer Service,Invoice,Posted,343.58,34.36,377.94,PO-66346,INV-923927,AUD,1.0
TX000034,2025-08-16,2025,3,8,August,D006,C011,V033,R02,P008,Office Supplies expense - Operations,Direct Debit,Posted,156.74,15.67,172.41,,INV-640490,AUD,1.0
TX000035,2025-11-10,2025,4,11,November,D006,C003,V020,R04,P008,Hardware expense - Operations,Invoice,Posted,571.12,57.11,628.23,PO-19545,INV-577538,AUD,1.0
TX000036,2025-02-28,2025,1,2,February,D004,C011,V016,R03,P008,Office Supplies expense - Marketing,Direct Debit,Posted,52.04,5.2,57.24,,INV-916232,AUD,1.0
TX000037,2025-03-11,2025,1,3,March,D004,C004,V030,R04,P008,Contractors expense - Marketing,Direct Debit,Posted,771.08,77.11,848.19,,INV-800005,AUD,1.0
TX000038,2025-06-27,2025,2,6,June,D006,C011,V033,R03,P008,Office Supplies expense - Operations,Invoice,Posted,80.78,8.08,88.86,PO-68991,INV-371782,AUD,1.0
TX000039,2026-02-08,2026,1,2,February,D004,C011,V032,R01,P008,Office Supplies expense - Marketing,Invoice,Posted,278.24,27.82,306.06,PO-51904,INV-666390,AUD,1.0
TX000040,2024-03-23,2024,1,3,March,D003,C004,V014,R01,P008,Contractors expense - Human Resources,Invoice,Posted,646.85,64.69,711.54,PO-65069,INV-508396,AUD,1.0
TX000041,2026-02-27,2026,1,2,February,D001,C020,V031,R04,P008,Customer Support Tools expense - Information Technology,Corporate Card,Accrued,270.87,27.09,297.96,,,AUD,1.0
TX000042,2025-03-05,2025,1,3,March,D004,C009,V002,R01,P007,Advertising expense - Marketing,Direct Debit,Posted,1453.71,145.37,1599.08,,INV-233827,AUD,1.0
TX000043,2025-09-29,2025,3,9,September,D001,C004,V006,R02,P008,Contractors expense - Information Technology,Invoice,Posted,2061.29,206.13,2267.42,PO-37742,INV-576786,AUD,1.0
TX000044,2024-11-30,2024,4,11,November,D006,C011,V027,R01,P008,Office Supplies expense - Operations,Invoice,Pending,157.04,15.7,172.74,PO-55870,INV-335113,AUD,1.0
TX000045,2025-10-27,2025,4,10,October,D002,C017,V002,R05,P001,Legal & Compliance expense - Finance,Invoice,Posted,142.64,14.26,156.9,PO-58351,INV-275939,AUD,1.0
TX000046,2025-09-12,2025,3,9,September,D002,C017,V007,R04,P008,Legal & Compliance expense - Finance,Invoice,Posted,2537.47,253.75,2791.22,PO-35995,INV-179688,AUD,1.0
TX000047,2025-08-29,2025,3,8,August,D004,C001,V008,R03,P005,Software & SaaS expense - Marketing,Invoice,Posted,2406.24,240.62,2646.86,PO-19038,INV-630538,AUD,1.0
TX000048,2025-10-25,2025,4,10,October,D006,C003,V007,R04,P008,Hardware expense - Operations,Direct Debit,Posted,777.33,77.73,855.06,,INV-284692,AUD,1.0
TX000049,2026-01-21,2026,1,1,January,D005,C012,V031,R04,P008,Telecommunications expense - Sales,Corporate Card,Posted,300.05,30.01,330.06,,,AUD,1.0
TX000050,2024-03-29,2024,1,3,March,D005,C010,V025,R01,P008,Events expense - Sales,Invoice,Posted,795.08,79.51,874.59,PO-43862,INV-456871,AUD,1.0
TX000051,2024-10-13,2024,4,10,October,D005,C012,V006,R01,P008,Telecommunications expense - Sales,Invoice,Posted,221.99,22.2,244.19,PO-74332,INV-569945,AUD,1.0
TX000052,2026-03-22,2026,1,3,March,D001,C001,V016,R01,P006,Software & SaaS expense - Information Technology,Invoice,Posted,760.48,76.05,836.53,PO-82140,INV-446859,AUD,1.0
TX000053,2024-12-26,2024,4,12,December,D008,C011,V013,R01,P004,Office Supplies expense - Facilities,Expense Claim,Posted,88.29,8.83,97.12,,,AUD,1.0
TX000054,2026-01-26,2026,1,1,January,D008,C011,V034,R03,P008,Office Supplies expense - Facilities,Invoice,Posted,408.22,40.82,449.04,PO-26591,INV-387636,AUD,1.0
TX000055,2024-02-16,2024,1,2,February,D001,C005,V032,R01,P008,Consulting expense - Information Technology,Invoice,Posted,717.76,71.78,789.54,PO-24953,INV-962050,USD,1.4879
TX000056,2024-03-07,2024,1,3,March,D007,C012,V004,R01,P008,Telecommunications expense - Customer Service,Invoice,Posted,186.82,18.68,205.5,PO-78494,INV-498855,AUD,1.0
TX000057,2025-04-06,2025,2,4,April,D008,C011,V020,R04,P008,Office Supplies expense - Facilities,Expense Claim,Posted,244.11,24.41,268.52,,,AUD,1.0
TX000058,2025-10-02,2025,4,10,October,D004,C006,V012,R03,P003,Travel expense - Marketing,Invoice,Posted,730.71,73.07,803.78,PO-14278,INV-342720,AUD,1.0
TX000059,2024-10-22,2024,4,10,October,D005,C019,V015,R04,P001,Vehicle Expenses expense - Sales,Direct Debit,Posted,1339.88,133.99,1473.87,,INV-779094,AUD,1.0
TX000060,2024-06-01,2024,2,6,June,D005,C006,V020,R01,P003,Travel expense - Sales,Direct Debit,Posted,1002.62,100.26,1102.88,,INV-418862,AUD,1.0
TX000061,2025-12-17,2025,4,12,December,D007,C007,V006,R02,P008,Training expense - Customer Service,Corporate Card,Posted,869.18,86.92,956.1,,,AUD,1.0
TX000062,2024-08-22,2024,3,8,August,D001,C020,V003,R03,P004,Customer Support Tools expense - Information Technology,Invoice,Posted,1088.73,108.87,1197.6,PO-86720,INV-557058,AUD,1.0
TX000063,2025-10-12,2025,4,10,October,D008,C003,V021,R02,P006,Hardware expense - Facilities,Invoice,Posted,4140.78,414.08,4554.86,PO-62488,INV-953085,AUD,1.0
TX000064,2026-02-17,2026,1,2,February,D001,C004,V008,R01,P004,Contractors expense - Information Technology,Invoice,Posted,4600.47,460.05,5060.52,PO-64165,INV-156837,USD,1.5486
TX000065,2024-07-11,2024,3,7,July,D006,C018,V004,R03,P008,Freight & Logistics expense - Operations,Direct Debit,Posted,667.45,66.75,734.2,,INV-227324,AUD,1.0
TX000066,2024-01-30,2024,1,1,January,D004,C011,V027,R01,P008,Office Supplies expense - Marketing,Invoice,Posted,595.98,59.6,655.58,PO-48254,INV-633590,AUD,1.0
TX000067,2025-12-23,2025,4,12,December,D005,C010,V016,R04,P008,Events expense - Sales,Invoice,Posted,728.83,72.88,801.71,PO-27892,INV-173201,AUD,1.0
TX000068,2024-10-09,2024,4,10,October,D007,C007,V001,R05,P008,Training expense - Customer Service,Corporate Card,Posted,186.51,18.65,205.16,,,USD,1.5234
TX000069,2025-07-05,2025,3,7,July,D008,C011,V025,R01,P008,Office Supplies expense - Facilities,Invoice,Posted,204.17,20.42,224.59,PO-40613,INV-997594,AUD,1.0
TX000070,2026-03-05,2026,1,3,March,D007,C001,V025,R01,P008,Software & SaaS expense - Customer Service,Direct Debit,Posted,646.72,64.67,711.39,,INV-626690,USD,1.5243
TX000071,2025-08-27,2025,3,8,August,D006,C003,V034,R04,P007,Hardware expense - Operations,Corporate Card,Posted,1455.07,145.51,1600.58,,,AUD,1.0
TX000072,2024-12-02,2024,4,12,December,D007,C007,V032,R03,P008,Training expense - Customer Service,Invoice,Posted,486.75,48.68,535.43,PO-68153,INV-274446,AUD,1.0
TX000073,2025-12-11,2025,4,12,December,D005,C001,V019,R01,P008,Software & SaaS expense - Sales,Invoice,Posted,726.24,72.62,798.86,PO-33600,INV-278240,AUD,1.0
TX000074,2024-06-28,2024,2,6,June,D002,C007,V016,R04,P008,Training expense - Finance,Invoice,Posted,275.78,27.58,303.36,PO-97404,INV-109853,AUD,1.0
TX000075,2026-04-03,2026,2,4,April,D008,C011,V029,R03,P003,Office Supplies expense - Facilities,Invoice,Posted,348.8,34.88,383.68,PO-59986,INV-699704,USD,1.578
TX000076,2025-01-02,2025,1,1,January,D005,C019,V026,R01,P008,Vehicle Expenses expense - Sales,Corporate Card,Posted,427.08,42.71,469.79,,,AUD,1.0
TX000077,2025-09-12,2025,3,9,September,D008,C016,V015,R04,P004,Insurance expense - Facilities,Corporate Card,Posted,549.78,54.98,604.76,,,AUD,1.0
TX000078,2026-01-08,2026,1,1,January,D003,C011,V003,R01,P008,Office Supplies expense - Human Resources,Invoice,Posted,143.17,14.32,157.49,PO-48680,INV-442589,AUD,1.0
TX000079,2026-02-04,2026,1,2,February,D007,C004,V024,R01,P008,Contractors expense - Customer Service,Direct Debit,Posted,2637.08,263.71,2900.79,,INV-605254,AUD,1.0
TX000080,2026-04-05,2026,2,4,April,D005,C019,V030,R04,P008,Vehicle Expenses expense - Sales,Invoice,Posted,365.17,36.52,401.69,PO-98188,INV-885395,AUD,1.0
TX000081,2025-11-19,2025,4,11,November,D005,C012,V024,R02,P008,Telecommunications expense - Sales,Invoice,Posted,201.46,20.15,221.61,PO-89964,INV-332120,AUD,1.0
TX000082,2025-10-25,2025,4,10,October,D002,C016,V020,R04,P008,Insurance expense - Finance,Invoice,Pending,552.36,55.24,607.6,PO-25220,INV-201913,AUD,1.0
TX000083,2024-08-28,2024,3,8,August,D003,C007,V035,R02,P008,Training expense - Human Resources,Invoice,Posted,185.51,18.55,204.06,PO-74139,INV-745558,AUD,1.0
TX000084,2025-02-21,2025,1,2,February,D005,C001,V029,R03,P003,Software & SaaS expense - Sales,Invoice,Posted,13224.29,1322.43,14546.72,PO-26011,INV-989227,AUD,1.0
TX000085,2026-04-23,2026,2,4,April,D008,C003,V002,R03,P008,Hardware expense - Facilities,Expense Claim,Posted,373.3,37.33,410.63,,,AUD,1.0
TX000086,2026-04-29,2026,2,4,April,D004,C010,V022,R01,P008,Events expense - Marketing,Corporate Card,Pending,4132.67,413.27,4545.94,,,AUD,1.0
TX000087,2024-05-13,2024,2,5,May,D005,C006,V009,R01,P008,Travel expense - Sales,Invoice,Posted,409.97,41.0,450.97,PO-78955,INV-219169,AUD,1.0
TX000088,2026-02-02,2026,1,2,February,D002,C006,V007,R02,P005,Travel expense - Finance,Corporate Card,Accrued,623.52,62.35,685.87,,,AUD,1.0
TX000089,2025-11-05,2025,4,11,November,D005,C010,V031,R03,P001,Events expense - Sales,Invoice,Posted,2626.88,262.69,2889.57,PO-20589,INV-437758,AUD,1.0
TX000090,2025-09-14,2025,3,9,September,D003,C001,V021,R01,P008,Software & SaaS expense - Human Resources,Invoice,Posted,683.45,68.35,751.8,PO-24996,INV-994217,AUD,1.0
TX000091,2025-11-01,2025,4,11,November,D004,C009,V022,R02,P004,Advertising expense - Marketing,Corporate Card,Posted,4511.45,451.14,4962.59,,,AUD,1.0
TX000092,2024-09-18,2024,3,9,September,D006,C004,V006,R03,P008,Contractors expense - Operations,Corporate Card,Posted,4116.66,411.67,4528.33,,,AUD,1.0
TX000093,2024-05-05,2024,2,5,May,D007,C007,V028,R04,P008,Training expense - Customer Service,Invoice,Posted,176.72,17.67,194.39,PO-24184,INV-467121,AUD,1.0
TX000094,2026-05-15,2026,2,5,May,D006,C003,V028,R03,P008,Hardware expense - Operations,Corporate Card,Accrued,2566.26,256.63,2822.89,,,AUD,1.0
TX000095,2026-04-29,2026,2,4,April,D005,C001,V020,R01,P008,Software & SaaS expense - Sales,Invoice,Posted,2306.5,230.65,2537.15,PO-19120,INV-248766,AUD,1.0
TX000096,2026-01-28,2026,1,1,January,D001,C001,V027,R03,P003,Software & SaaS expense - Information Technology,Invoice,Accrued,1285.7,128.57,1414.27,PO-88148,INV-189083,AUD,1.0
TX000097,2026-06-23,2026,2,6,June,D001,C002,V006,R01,P008,Cloud Services expense - Information Technology,Invoice,Posted,772.9,77.29,850.19,PO-77154,INV-219346,AUD,1.0
TX000098,2024-12-19,2024,4,12,December,D007,C001,V032,R01,P008,Software & SaaS expense - Customer Service,Invoice,Posted,1051.39,105.14,1156.53,PO-37686,INV-904624,USD,1.4582
TX000099,2024-05-20,2024,2,5,May,D005,C009,V028,R01,P001,Advertising expense - Sales,Corporate Card,Posted,736.75,73.67,810.42,,,AUD,1.0
TX000100,2026-04-05,2026,2,4,April,D006,C003,V028,R02,P008,Hardware expense - Operations,Invoice,Posted,2665.61,266.56,2932.17,PO-25096,INV-524707,AUD,1.0
TX000101,2024-01-22,2024,1,1,January,D006,C004,V024,R04,P008,Contractors expense - Operations,Invoice,Posted,746.41,74.64,821.05,PO-54500,INV-332335,AUD,1.0
TX000102,2024-12-07,2024,4,12,December,D003,C001,V033,R02,P002,Software & SaaS expense - Human Resources,Invoice,Posted,172.05,17.21,189.26,PO-23474,INV-253557,USD,1.5468
TX000103,2024-09-19,2024,3,9,September,D004,C004,V005,R03,P008,Contractors expense - Marketing,Corporate Card,Accrued,1616.07,161.61,1777.68,,,AUD,1.0
TX000104,2025-08-01,2025,3,8,August,D006,C019,V031,R01,P007,Vehicle Expenses expense - Operations,Invoice,Posted,749.03,74.9,823.93,PO-50685,INV-584172,AUD,1.0
TX000105,2025-04-07,2025,2,4,April,D001,C001,V006,R01,P004,Software & SaaS expense - Information Technology,Invoice,Posted,1350.12,135.01,1485.13,PO-15376,INV-571579,AUD,1.0
TX000106,2026-04-09,2026,2,4,April,D004,C006,V004,R03,P008,Travel expense - Marketing,Direct Debit,Posted,357.04,35.7,392.74,,INV-141043,USD,1.4626
TX000107,2024-09-10,2024,3,9,September,D008,C013,V024,R02,P008,Rent expense - Facilities,Invoice,Posted,1990.05,199.0,2189.05,PO-92691,INV-778748,AUD,1.0
TX000108,2024-12-08,2024,4,12,December,D002,C005,V019,R01,P008,Consulting expense - Finance,Corporate Card,Posted,600.96,60.1,661.06,,,AUD,1.0
TX000109,2024-03-27,2024,1,3,March,D005,C012,V009,R01,P008,Telecommunications expense - Sales,Corporate Card,Posted,1398.26,139.83,1538.09,,,AUD,1.0
TX000110,2025-10-23,2025,4,10,October,D007,C020,V012,R01,P005,Customer Support Tools expense - Customer Service,Direct Debit,Pending,1744.43,174.44,1918.87,,INV-262471,AUD,1.0
TX000111,2024-03-20,2024,1,3,March,D005,C001,V034,R02,P008,Software & SaaS expense - Sales,Direct Debit,Posted,407.89,40.79,448.68,,INV-270128,AUD,1.0
TX000112,2024-07-04,2024,3,7,July,D003,C011,V016,R02,P007,Office Supplies expense - Human Resources,Invoice,Accrued,997.95,99.8,1097.75,PO-71474,INV-975679,AUD,1.0
TX000113,2024-07-17,2024,3,7,July,D006,C019,V030,R05,P008,Vehicle Expenses expense - Operations,Invoice,Posted,3975.45,397.55,4373.0,PO-36174,INV-940181,AUD,1.0
TX000114,2025-09-11,2025,3,9,September,D003,C006,V024,R01,P008,Travel expense - Human Resources,Direct Debit,Posted,540.67,54.07,594.74,,INV-900185,AUD,1.0
TX000115,2024-06-13,2024,2,6,June,D005,C010,V028,R04,P002,Events expense - Sales,Invoice,Posted,3106.67,310.67,3417.34,PO-20696,INV-493124,AUD,1.0
TX000116,2024-08-17,2024,3,8,August,D001,C003,V022,R05,P008,Hardware expense - Information Technology,Invoice,Posted,1372.92,137.29,1510.21,PO-28191,INV-895702,AUD,1.0
TX000117,2025-12-23,2025,4,12,December,D008,C013,V002,R03,P008,Rent expense - Facilities,Invoice,Posted,372.86,37.29,410.15,PO-24573,INV-913875,AUD,1.0
TX000118,2024-10-22,2024,4,10,October,D004,C006,V030,R01,P004,Travel expense - Marketing,Corporate Card,Posted,674.68,67.47,742.15,,,AUD,1.0
TX000119,2024-10-25,2024,4,10,October,D007,C001,V027,R03,P004,Software & SaaS expense - Customer Service,Invoice,Accrued,297.43,29.74,327.17,PO-81313,INV-631971,AUD,1.0
TX000120,2026-03-16,2026,1,3,March,D001,C004,V025,R04,P001,Contractors expense - Information Technology,Corporate Card,Posted,789.08,78.91,867.99,,,AUD,1.0
TX000121,2024-12-06,2024,4,12,December,D003,C001,V012,R01,P005,Software & SaaS expense - Human Resources,Expense Claim,Posted,3850.19,385.02,4235.21,,,AUD,1.0
TX000122,2024-05-18,2024,2,5,May,D002,C016,V019,R03,P008,Insurance expense - Finance,Direct Debit,Posted,70.72,7.07,77.79,,INV-517568,AUD,1.0
TX000123,2026-04-14,2026,2,4,April,D008,C011,V019,R01,P008,Office Supplies expense - Facilities,Direct Debit,Posted,95.97,9.6,105.57,,INV-485896,AUD,1.0
TX000124,2025-03-23,2025,1,3,March,D007,C012,V012,R04,P006,Telecommunications expense - Customer Service,Direct Debit,Posted,385.13,38.51,423.64,,INV-862400,AUD,1.0
TX000125,2025-03-10,2025,1,3,March,D002,C006,V035,R03,P008,Travel expense - Finance,Invoice,Posted,502.21,50.22,552.43,PO-65851,INV-274739,AUD,1.0
TX000126,2025-12-07,2025,4,12,December,D008,C011,V023,R02,P008,Office Supplies expense - Facilities,Corporate Card,Posted,288.64,28.86,317.5,,,AUD,1.0
TX000127,2025-11-18,2025,4,11,November,D007,C007,V011,R02,P008,Training expense - Customer Service,Invoice,Posted,523.07,52.31,575.38,PO-58015,INV-479742,AUD,1.0
TX000128,2025-01-27,2025,1,1,January,D001,C005,V024,R01,P007,Consulting expense - Information Technology,Invoice,Posted,609.94,60.99,670.93,PO-95139,INV-392227,AUD,1.0
TX000129,2024-09-12,2024,3,9,September,D002,C001,V025,R03,P008,Software & SaaS expense - Finance,Invoice,Posted,3304.75,330.48,3635.23,PO-74382,INV-309902,AUD,1.0
TX000130,2024-05-05,2024,2,5,May,D003,C001,V029,R02,P008,Software & SaaS expense - Human Resources,Invoice,Posted,2103.24,210.32,2313.56,PO-30644,INV-846385,AUD,1.0
TX000131,2025-12-27,2025,4,12,December,D003,C006,V013,R02,P002,Travel expense - Human Resources,Invoice,Posted,818.07,81.81,899.88,PO-71263,INV-942700,AUD,1.0
TX000132,2025-07-18,2025,3,7,July,D003,C008,V026,R04,P001,Recruitment expense - Human Resources,Direct Debit,Pending,448.77,44.88,493.65,,INV-773540,AUD,1.0
TX000133,2024-03-16,2024,1,3,March,D008,C013,V012,R03,P005,Rent expense - Facilities,Invoice,Posted,3713.13,371.31,4084.44,PO-77908,INV-260448,AUD,1.0
TX000134,2024-11-07,2024,4,11,November,D003,C004,V023,R01,P008,Contractors expense - Human Resources,Invoice,Posted,5515.5,551.55,6067.05,PO-82199,INV-387782,AUD,1.0
TX000135,2024-05-08,2024,2,5,May,D005,C012,V011,R02,P008,Telecommunications expense - Sales,Invoice,Accrued,515.42,51.54,566.96,PO-54252,INV-983456,AUD,1.0
TX000136,2025-07-31,2025,3,7,July,D001,C020,V017,R04,P002,Customer Support Tools expense - Information Technology,Invoice,Posted,1663.6,166.36,1829.96,PO-92203,INV-672079,AUD,1.0
TX000137,2024-10-23,2024,4,10,October,D005,C010,V026,R01,P008,Events expense - Sales,Invoice,Posted,587.16,58.72,645.88,PO-36741,INV-456717,AUD,1.0
TX000138,2025-09-13,2025,3,9,September,D003,C006,V023,R04,P005,Travel expense - Human Resources,Invoice,Posted,341.93,34.19,376.12,PO-42495,INV-247720,AUD,1.0
TX000139,2024-04-09,2024,2,4,April,D001,C003,V027,R05,P008,Hardware expense - Information Technology,Invoice,Posted,463.57,46.36,509.93,PO-75308,INV-639728,AUD,1.0
TX000140,2025-04-23,2025,2,4,April,D008,C011,V026,R02,P002,Office Supplies expense - Facilities,Invoice,Posted,274.23,27.42,301.65,PO-74866,INV-726543,AUD,1.0
TX000141,2026-06-22,2026,2,6,June,D008,C011,V028,R02,P008,Office Supplies expense - Facilities,Invoice,Posted,117.13,11.71,128.84,PO-16705,INV-697983,AUD,1.0
TX000142,2025-07-29,2025,3,7,July,D004,C006,V033,R02,P001,Travel expense - Marketing,Direct Debit,Posted,433.85,43.39,477.24,,INV-234913,AUD,1.0
TX000143,2024-04-09,2024,2,4,April,D007,C007,V024,R04,P005,Training expense - Customer Service,Invoice,Posted,418.38,41.84,460.22,PO-27961,INV-848255,AUD,1.0
TX000144,2024-12-07,2024,4,12,December,D008,C014,V033,R02,P008,Utilities expense - Facilities,Corporate Card,Posted,453.8,45.38,499.18,,,AUD,1.0
TX000145,2025-06-03,2025,2,6,June,D008,C015,V002,R02,P008,Repairs & Maintenance expense - Facilities,Expense Claim,Posted,330.54,33.05,363.59,,,AUD,1.0
TX000146,2026-01-12,2026,1,1,January,D001,C005,V015,R02,P008,Consulting expense - Information Technology,Invoice,Posted,2422.15,242.22,2664.37,PO-59832,INV-254954,AUD,1.0
TX000147,2026-04-21,2026,2,4,April,D004,C001,V013,R02,P008,Software & SaaS expense - Marketing,Invoice,Posted,405.81,40.58,446.39,PO-90147,INV-594514,AUD,1.0
TX000148,2026-06-12,2026,2,6,June,D001,C012,V021,R01,P003,Telecommunications expense - Information Technology,Invoice,Posted,347.98,34.8,382.78,PO-99226,INV-774558,AUD,1.0
TX000149,2026-04-02,2026,2,4,April,D005,C012,V018,R02,P008,Telecommunications expense - Sales,Expense Claim,Posted,428.25,42.83,471.08,,,AUD,1.0
TX000150,2024-07-31,2024,3,7,July,D008,C011,V018,R02,P008,Office Supplies expense - Facilities,Invoice,Posted,117.16,11.72,128.88,PO-55237,INV-910616,AUD,1.0
TX000151,2026-04-03,2026,2,4,April,D003,C006,V006,R01,P008,Travel expense - Human Resources,Invoice,Posted,350.76,35.08,385.84,PO-80592,INV-384303,AUD,1.0
TX000152,2025-07-29,2025,3,7,July,D005,C006,V016,R01,P008,Travel expense - Sales,Invoice,Posted,183.27,18.33,201.6,PO-64172,INV-446337,AUD,1.0
TX000153,2026-01-04,2026,1,1,January,D008,C003,V011,R03,P002,Hardware expense - Facilities,Direct Debit,Posted,140.66,14.07,154.73,,INV-401198,AUD,1.0
TX000154,2024-11-24,2024,4,11,November,D005,C019,V015,R01,P008,Vehicle Expenses expense - Sales,Direct Debit,Posted,981.21,98.12,1079.33,,INV-978292,AUD,1.0
TX000155,2024-06-29,2024,2,6,June,D001,C020,V019,R02,P008,Customer Support Tools expense - Information Technology,Expense Claim,Pending,796.55,79.66,876.21,,,AUD,1.0
TX000156,2025-07-10,2025,3,7,July,D008,C004,V013,R04,P008,Contractors expense - Facilities,Corporate Card,Posted,3017.62,301.76,3319.38,,,AUD,1.0
TX000157,2024-01-15,2024,1,1,January,D006,C006,V012,R02,P008,Travel expense - Operations,Invoice,Posted,742.31,74.23,816.54,PO-62538,INV-801765,AUD,1.0
TX000158,2024-04-07,2024,2,4,April,D003,C004,V001,R02,P008,Contractors expense - Human Resources,Corporate Card,Posted,1114.29,111.43,1225.72,,,USD,1.4953
TX000159,2024-01-12,2024,1,1,January,D005,C019,V008,R01,P004,Vehicle Expenses expense - Sales,Corporate Card,Posted,790.33,79.03,869.36,,,AUD,1.0
TX000160,2026-02-27,2026,1,2,February,D005,C019,V019,R01,P008,Vehicle Expenses expense - Sales,Expense Claim,Posted,669.62,66.96,736.58,,,AUD,1.0
TX000161,2025-09-12,2025,3,9,September,D006,C011,V035,R03,P008,Office Supplies expense - Operations,Corporate Card,Posted,637.58,63.76,701.34,,,AUD,1.0
TX000162,2025-06-24,2025,2,6,June,D006,C003,V033,R04,P002,Hardware expense - Operations,Invoice,Posted,641.41,64.14,705.55,PO-99167,INV-315379,AUD,1.0
TX000163,2026-01-04,2026,1,1,January,D008,C003,V004,R04,P007,Hardware expense - Facilities,Invoice,Posted,785.94,78.59,864.53,PO-50392,INV-858414,AUD,1.0
TX000164,2024-01-23,2024,1,1,January,D007,C007,V005,R04,P008,Training expense - Customer Service,Invoice,Posted,113.78,11.38,125.16,PO-71875,INV-133276,USD,1.5902
TX000165,2024-10-20,2024,4,10,October,D007,C004,V027,R03,P008,Contractors expense - Customer Service,Invoice,Posted,376.97,37.7,414.67,PO-20518,INV-815894,AUD,1.0
TX000166,2025-11-08,2025,4,11,November,D003,C011,V035,R04,P002,Office Supplies expense - Human Resources,Expense Claim,Posted,189.81,18.98,208.79,,,AUD,1.0
TX000167,2024-11-01,2024,4,11,November,D008,C015,V025,R03,P007,Repairs & Maintenance expense - Facilities,Invoice,Accrued,965.71,96.57,1062.28,PO-24790,INV-133782,AUD,1.0
TX000168,2026-04-08,2026,2,4,April,D007,C020,V002,R03,P008,Customer Support Tools expense - Customer Service,Corporate Card,Posted,505.02,50.5,555.52,,,AUD,1.0
TX000169,2026-06-12,2026,2,6,June,D001,C002,V015,R03,P006,Cloud Services expense - Information Technology,Direct Debit,Pending,2266.07,226.61,2492.68,,INV-345536,AUD,1.0
TX000170,2026-04-15,2026,2,4,April,D006,C018,V021,R02,P008,Freight & Logistics expense - Operations,Invoice,Posted,1334.29,133.43,1467.72,PO-32955,INV-756401,AUD,1.0
TX000171,2025-11-26,2025,4,11,November,D007,C020,V025,R02,P008,Customer Support Tools expense - Customer Service,Invoice,Posted,1239.06,123.91,1362.97,PO-80507,INV-596520,AUD,1.0
TX000172,2024-09-03,2024,3,9,September,D004,C006,V030,R04,P002,Travel expense - Marketing,Expense Claim,Posted,1692.57,169.26,1861.83,,,AUD,1.0
TX000173,2024-09-05,2024,3,9,September,D005,C006,V029,R01,P001,Travel expense - Sales,Invoice,Posted,714.49,71.45,785.94,PO-19539,INV-297303,AUD,1.0
TX000174,2026-04-03,2026,2,4,April,D004,C009,V020,R01,P008,Advertising expense - Marketing,Corporate Card,Accrued,1142.78,114.28,1257.06,,,AUD,1.0
TX000175,2025-07-19,2025,3,7,July,D006,C006,V023,R02,P008,Travel expense - Operations,Direct Debit,Posted,340.25,34.02,374.27,,INV-857505,AUD,1.0
TX000176,2025-04-25,2025,2,4,April,D006,C004,V015,R01,P007,Contractors expense - Operations,Corporate Card,Posted,1965.46,196.55,2162.01,,,AUD,1.0
TX000177,2024-08-23,2024,3,8,August,D007,C020,V022,R04,P008,Customer Support Tools expense - Customer Service,Expense Claim,Posted,125.49,12.55,138.04,,,AUD,1.0
TX000178,2024-06-21,2024,2,6,June,D006,C004,V012,R01,P008,Contractors expense - Operations,Corporate Card,Posted,5378.23,537.82,5916.05,,,AUD,1.0
TX000179,2026-05-17,2026,2,5,May,D002,C017,V027,R03,P008,Legal & Compliance expense - Finance,Invoice,Posted,172.83,17.28,190.11,PO-69770,INV-491329,AUD,1.0
TX000180,2024-03-02,2024,1,3,March,D008,C015,V027,R02,P001,Repairs & Maintenance expense - Facilities,Direct Debit,Posted,1763.73,176.37,1940.1,,INV-256130,AUD,1.0
TX000181,2024-09-03,2024,3,9,September,D004,C010,V018,R02,P008,Events expense - Marketing,Expense Claim,Posted,1820.26,182.03,2002.29,,,AUD,1.0
TX000182,2025-12-14,2025,4,12,December,D004,C006,V003,R03,P008,Travel expense - Marketing,Invoice,Posted,215.3,21.53,236.83,PO-32463,INV-186702,AUD,1.0
TX000183,2025-05-26,2025,2,5,May,D007,C007,V007,R02,P008,Training expense - Customer Service,Invoice,Posted,491.72,49.17,540.89,PO-46749,INV-669408,AUD,1.0
TX000184,2025-07-31,2025,3,7,July,D001,C002,V014,R05,P005,Cloud Services expense - Information Technology,Corporate Card,Posted,2095.3,209.53,2304.83,,,AUD,1.0
TX000185,2024-06-15,2024,2,6,June,D004,C010,V035,R04,P006,Events expense - Marketing,Invoice,Posted,497.11,49.71,546.82,PO-55332,INV-156304,USD,1.5586
TX000186,2024-04-10,2024,2,4,April,D007,C004,V026,R04,P005,Contractors expense - Customer Service,Corporate Card,Posted,4081.57,408.16,4489.73,,,AUD,1.0
TX000187,2024-08-21,2024,3,8,August,D006,C018,V025,R05,P007,Freight & Logistics expense - Operations,Direct Debit,Posted,384.47,38.45,422.92,,INV-261712,AUD,1.0
TX000188,2025-01-24,2025,1,1,January,D003,C011,V006,R02,P005,Office Supplies expense - Human Resources,Invoice,Posted,173.62,17.36,190.98,PO-82710,INV-637333,AUD,1.0
TX000189,2025-02-21,2025,1,2,February,D002,C001,V021,R01,P008,Software & SaaS expense - Finance,Corporate Card,Pending,605.21,60.52,665.73,,,AUD,1.0
TX000190,2024-09-05,2024,3,9,September,D003,C011,V020,R02,P002,Office Supplies expense - Human Resources,Invoice,Posted,156.77,15.68,172.45,PO-20082,INV-478666,AUD,1.0
TX000191,2024-09-14,2024,3,9,September,D004,C011,V013,R03,P008,Office Supplies expense - Marketing,Invoice,Posted,208.71,20.87,229.58,PO-59792,INV-943135,AUD,1.0
TX000192,2026-06-01,2026,2,6,June,D006,C011,V009,R01,P008,Office Supplies expense - Operations,Corporate Card,Posted,116.35,11.63,127.98,,,AUD,1.0
TX000193,2025-02-11,2025,1,2,February,D006,C006,V016,R03,P008,Travel expense - Operations,Direct Debit,Accrued,494.45,49.45,543.9,,INV-309505,AUD,1.0
TX000194,2025-08-29,2025,3,8,August,D003,C011,V030,R03,P001,Office Supplies expense - Human Resources,Direct Debit,Posted,457.06,45.71,502.77,,INV-988970,AUD,1.0
TX000195,2026-03-25,2026,1,3,March,D007,C012,V017,R01,P005,Telecommunications expense - Customer Service,Direct Debit,Pending,796.46,79.65,876.11,,INV-602514,AUD,1.0
TX000196,2025-08-19,2025,3,8,August,D007,C020,V027,R02,P008,Customer Support Tools expense - Customer Service,Invoice,Posted,944.51,94.45,1038.96,PO-93647,INV-189110,AUD,1.0
TX000197,2024-04-21,2024,2,4,April,D004,C011,V003,R03,P003,Office Supplies expense - Marketing,Corporate Card,Posted,279.45,27.95,307.4,,,USD,1.4997
TX000198,2024-04-18,2024,2,4,April,D001,C001,V034,R01,P008,Software & SaaS expense - Information Technology,Invoice,Posted,1269.85,126.98,1396.83,PO-99070,INV-717181,AUD,1.0
TX000199,2025-12-08,2025,4,12,December,D003,C006,V019,R05,P008,Travel expense - Human Resources,Invoice,Posted,255.85,25.59,281.44,PO-72411,INV-202365,AUD,1.0
TX000200,2025-03-24,2025,1,3,March,D008,C011,V008,R01,P001,Office Supplies expense - Facilities,Invoice,Accrued,87.24,8.72,95.96,PO-41970,INV-641058,AUD,1.0
TX000201,2024-06-27,2024,2,6,June,D003,C006,V015,R02,P008,Travel expense - Human Resources,Invoice,Posted,1407.2,140.72,1547.92,PO-90492,INV-306909,AUD,1.0
TX000202,2025-04-05,2025,2,4,April,D007,C012,V018,R01,P003,Telecommunications expense - Customer Service,Invoice,Posted,2123.14,212.31,2335.45,PO-34505,INV-483561,AUD,1.0
TX000203,2024-11-29,2024,4,11,November,D004,C009,V032,R01,P008,Advertising expense - Marketing,Corporate Card,Posted,2471.41,247.14,2718.55,,,AUD,1.0
TX000204,2024-12-22,2024,4,12,December,D006,C011,V020,R03,P008,Office Supplies expense - Operations,Corporate Card,Posted,827.25,82.73,909.98,,,AUD,1.0
TX000205,2024-04-29,2024,2,4,April,D003,C006,V027,R03,P008,Travel expense - Human Resources,Invoice,Posted,669.41,66.94,736.35,PO-94575,INV-281649,AUD,1.0
TX000206,2025-07-22,2025,3,7,July,D003,C007,V029,R01,P003,Training expense - Human Resources,Expense Claim,Posted,870.7,87.07,957.77,,,AUD,1.0
TX000207,2025-01-28,2025,1,1,January,D008,C013,V029,R03,P007,Rent expense - Facilities,Invoice,Posted,2755.97,275.6,3031.57,PO-46025,INV-335765,AUD,1.0
TX000208,2025-07-04,2025,3,7,July,D005,C006,V032,R04,P008,Travel expense - Sales,Invoice,Posted,537.41,53.74,591.15,PO-58085,INV-668373,AUD,1.0
TX000209,2026-04-22,2026,2,4,April,D001,C020,V028,R03,P008,Customer Support Tools expense - Information Technology,Expense Claim,Posted,1144.61,114.46,1259.07,,,AUD,1.0
TX000210,2026-04-16,2026,2,4,April,D002,C006,V016,R04,P002,Travel expense - Finance,Corporate Card,Posted,120.54,12.05,132.59,,,AUD,1.0
TX000211,2025-03-14,2025,1,3,March,D003,C008,V014,R01,P003,Recruitment expense - Human Resources,Invoice,Posted,970.09,97.01,1067.1,PO-48356,INV-403387,AUD,1.0
TX000212,2025-08-09,2025,3,8,August,D005,C012,V007,R05,P008,Telecommunications expense - Sales,Invoice,Posted,344.6,34.46,379.06,PO-27392,INV-361805,AUD,1.0
TX000213,2024-05-29,2024,2,5,May,D006,C004,V032,R03,P008,Contractors expense - Operations,Corporate Card,Posted,476.34,47.63,523.97,,,AUD,1.0
TX000214,2026-03-24,2026,1,3,March,D002,C006,V024,R02,P004,Travel expense - Finance,Corporate Card,Posted,602.36,60.24,662.6,,,AUD,1.0
TX000215,2024-04-05,2024,2,4,April,D008,C015,V005,R03,P005,Repairs & Maintenance expense - Facilities,Expense Claim,Posted,1044.84,104.48,1149.32,,,AUD,1.0
TX000216,2024-11-26,2024,4,11,November,D005,C009,V032,R02,P002,Advertising expense - Sales,Invoice,Posted,6050.65,605.06,6655.71,PO-69836,INV-100708,AUD,1.0
TX000217,2025-03-14,2025,1,3,March,D004,C011,V020,R04,P008,Office Supplies expense - Marketing,Invoice,Accrued,95.77,9.58,105.35,PO-31695,INV-154302,AUD,1.0
TX000218,2025-02-09,2025,1,2,February,D005,C019,V006,R03,P004,Vehicle Expenses expense - Sales,Invoice,Posted,805.15,80.52,885.67,PO-55032,INV-956800,AUD,1.0
TX000219,2024-05-03,2024,2,5,May,D007,C004,V006,R02,P004,Contractors expense - Customer Service,Invoice,Posted,2320.12,232.01,2552.13,PO-27451,INV-772741,AUD,1.0
TX000220,2025-11-24,2025,4,11,November,D003,C001,V011,R02,P001,Software & SaaS expense - Human Resources,Corporate Card,Posted,757.55,75.75,833.3,,,AUD,1.0
TX000221,2025-12-04,2025,4,12,December,D008,C016,V009,R01,P008,Insurance expense - Facilities,Invoice,Posted,980.65,98.06,1078.71,PO-46302,INV-775933,USD,1.4972
TX000222,2024-03-27,2024,1,3,March,D004,C010,V019,R03,P008,Events expense - Marketing,Direct Debit,Posted,3844.24,384.42,4228.66,,INV-642899,AUD,1.0
TX000223,2025-09-13,2025,3,9,September,D004,C011,V016,R02,P008,Office Supplies expense - Marketing,Invoice,Posted,220.58,22.06,242.64,PO-11581,INV-478638,AUD,1.0
TX000224,2024-11-20,2024,4,11,November,D003,C007,V024,R04,P008,Training expense - Human Resources,Invoice,Posted,298.55,29.86,328.41,PO-11807,INV-374921,USD,1.4609
TX000225,2024-08-08,2024,3,8,August,D001,C001,V019,R05,P006,Software & SaaS expense - Information Technology,Invoice,Posted,1393.12,139.31,1532.43,PO-80328,INV-663772,AUD,1.0
TX000226,2025-09-22,2025,3,9,September,D003,C006,V014,R01,P001,Travel expense - Human Resources,Direct Debit,Posted,291.67,29.17,320.84,,INV-425236,AUD,1.0
TX000227,2025-12-16,2025,4,12,December,D007,C004,V028,R01,P002,Contractors expense - Customer Service,Invoice,Posted,466.0,46.6,512.6,PO-33022,INV-225245,AUD,1.0
TX000228,2024-01-13,2024,1,1,January,D003,C011,V023,R01,P008,Office Supplies expense - Human Resources,Corporate Card,Posted,254.7,25.47,280.17,,,AUD,1.0
TX000229,2026-03-10,2026,1,3,March,D005,C019,V002,R04,P008,Vehicle Expenses expense - Sales,Invoice,Pending,574.47,57.45,631.92,PO-92251,INV-180813,AUD,1.0
TX000230,2025-05-23,2025,2,5,May,D008,C014,V011,R01,P008,Utilities expense - Facilities,Invoice,Posted,530.46,53.05,583.51,PO-39937,INV-876764,AUD,1.0
TX000231,2025-06-05,2025,2,6,June,D001,C001,V003,R04,P001,Software & SaaS expense - Information Technology,Invoice,Posted,942.82,94.28,1037.1,PO-82465,INV-942127,AUD,1.0
TX000232,2026-01-01,2026,1,1,January,D007,C004,V021,R01,P007,Contractors expense - Customer Service,Invoice,Accrued,1211.25,121.12,1332.37,PO-33507,INV-334026,AUD,1.0
TX000233,2026-04-03,2026,2,4,April,D001,C004,V019,R01,P008,Contractors expense - Information Technology,Invoice,Posted,2777.05,277.71,3054.76,PO-48219,INV-691194,AUD,1.0
TX000234,2026-03-14,2026,1,3,March,D005,C019,V032,R03,P008,Vehicle Expenses expense - Sales,Direct Debit,Accrued,1611.71,161.17,1772.88,,INV-125071,AUD,1.0
TX000235,2024-08-26,2024,3,8,August,D006,C019,V022,R04,P008,Vehicle Expenses expense - Operations,Invoice,Posted,4322.51,432.25,4754.76,PO-74491,INV-162804,AUD,1.0
TX000236,2024-05-25,2024,2,5,May,D005,C001,V034,R01,P004,Software & SaaS expense - Sales,Invoice,Posted,342.57,34.26,376.83,PO-76247,INV-239999,AUD,1.0
TX000237,2025-10-14,2025,4,10,October,D007,C001,V009,R02,P001,Software & SaaS expense - Customer Service,Invoice,Posted,632.36,63.24,695.6,PO-52762,INV-433507,AUD,1.0
TX000238,2025-04-08,2025,2,4,April,D005,C006,V007,R01,P003,Travel expense - Sales,Invoice,Posted,294.13,29.41,323.54,PO-37215,INV-573869,AUD,1.0
TX000239,2024-11-11,2024,4,11,November,D008,C011,V020,R04,P002,Office Supplies expense - Facilities,Invoice,Posted,888.09,88.81,976.9,PO-21955,INV-845702,AUD,1.0
TX000240,2024-09-11,2024,3,9,September,D006,C011,V017,R02,P008,Office Supplies expense - Operations,Expense Claim,Posted,365.84,36.58,402.42,,,AUD,1.0
TX000241,2025-07-17,2025,3,7,July,D004,C001,V009,R02,P008,Software & SaaS expense - Marketing,Invoice,Posted,1591.73,159.17,1750.9,PO-94500,INV-188121,AUD,1.0
TX000242,2025-08-19,2025,3,8,August,D005,C001,V029,R01,P001,Software & SaaS expense - Sales,Direct Debit,Posted,1550.02,155.0,1705.02,,INV-583388,AUD,1.0
TX000243,2024-02-21,2024,1,2,February,D003,C008,V032,R02,P008,Recruitment expense - Human Resources,Invoice,Posted,227.51,22.75,250.26,PO-14541,INV-743937,AUD,1.0
TX000244,2025-09-26,2025,3,9,September,D004,C011,V031,R01,P007,Office Supplies expense - Marketing,Invoice,Posted,101.43,10.14,111.57,PO-78919,INV-361250,AUD,1.0
TX000245,2025-10-07,2025,4,10,October,D001,C004,V035,R04,P005,Contractors expense - Information Technology,Invoice,Posted,2894.6,289.46,3184.06,PO-13416,INV-434367,AUD,1.0
TX000246,2025-09-03,2025,3,9,September,D004,C001,V004,R04,P008,Software & SaaS expense - Marketing,Invoice,Posted,2120.58,212.06,2332.64,PO-30922,INV-204998,AUD,1.0
TX000247,2024-09-10,2024,3,9,September,D004,C006,V004,R02,P008,Travel expense - Marketing,Expense Claim,Posted,54.54,5.45,59.99,,,AUD,1.0
TX000248,2024-11-21,2024,4,11,November,D006,C018,V010,R01,P008,Freight & Logistics expense - Operations,Expense Claim,Posted,1719.2,171.92,1891.12,,,AUD,1.0
TX000249,2024-11-12,2024,4,11,November,D003,C007,V015,R01,P001,Training expense - Human Resources,Invoice,Posted,85.08,8.51,93.59,PO-54663,INV-851763,AUD,1.0
TX000250,2024-06-30,2024,2,6,June,D006,C003,V010,R01,P008,Hardware expense - Operations,Invoice,Posted,1263.09,126.31,1389.4,PO-67261,INV-930307,AUD,1.0
TX000251,2025-10-16,2025,4,10,October,D008,C015,V023,R01,P008,Repairs & Maintenance expense - Facilities,Invoice,Posted,233.61,23.36,256.97,PO-26691,INV-286340,AUD,1.0
TX000252,2026-01-16,2026,1,1,January,D001,C012,V003,R05,P006,Telecommunications expense - Information Technology,Direct Debit,Posted,213.43,21.34,234.77,,INV-209167,AUD,1.0
TX000253,2025-05-23,2025,2,5,May,D003,C006,V021,R03,P004,Travel expense - Human Resources,Invoice,Posted,3273.87,327.39,3601.26,PO-18885,INV-467506,AUD,1.0
TX000254,2024-09-19,2024,3,9,September,D002,C016,V027,R01,P006,Insurance expense - Finance,Invoice,Posted,438.12,43.81,481.93,PO-85766,INV-782591,AUD,1.0
TX000255,2026-02-15,2026,1,2,February,D004,C004,V003,R02,P008,Contractors expense - Marketing,Expense Claim,Posted,1131.45,113.15,1244.6,,,AUD,1.0
TX000256,2025-01-19,2025,1,1,January,D003,C011,V006,R01,P008,Office Supplies expense - Human Resources,Corporate Card,Posted,172.18,17.22,189.4,,,AUD,1.0
TX000257,2024-12-05,2024,4,12,December,D004,C004,V035,R02,P008,Contractors expense - Marketing,Invoice,Posted,1094.68,109.47,1204.15,PO-74349,INV-261050,AUD,1.0
TX000258,2024-02-25,2024,1,2,February,D006,C003,V031,R02,P004,Hardware expense - Operations,Invoice,Posted,488.79,48.88,537.67,PO-62096,INV-593821,AUD,1.0
TX000259,2025-05-15,2025,2,5,May,D005,C001,V024,R03,P006,Software & SaaS expense - Sales,Invoice,Posted,2195.79,219.58,2415.37,PO-39654,INV-977740,AUD,1.0
TX000260,2024-10-02,2024,4,10,October,D001,C002,V006,R03,P008,Cloud Services expense - Information Technology,Invoice,Posted,4118.55,411.86,4530.41,PO-17993,INV-981639,AUD,1.0
TX000261,2025-01-31,2025,1,1,January,D007,C020,V016,R03,P008,Customer Support Tools expense - Customer Service,Direct Debit,Posted,698.67,69.87,768.54,,INV-641922,AUD,1.0
TX000262,2026-03-30,2026,1,3,March,D003,C001,V011,R05,P007,Software & SaaS expense - Human Resources,Expense Claim,Pending,434.26,43.43,477.69,,,AUD,1.0
TX000263,2025-10-04,2025,4,10,October,D003,C008,V005,R01,P008,Recruitment expense - Human Resources,Invoice,Posted,117.4,11.74,129.14,PO-11620,INV-924758,AUD,1.0
TX000264,2025-12-18,2025,4,12,December,D007,C001,V007,R02,P002,Software & SaaS expense - Customer Service,Invoice,Posted,3491.04,349.1,3840.14,PO-55071,INV-530849,AUD,1.0
TX000265,2024-09-27,2024,3,9,September,D007,C012,V012,R02,P008,Telecommunications expense - Customer Service,Corporate Card,Posted,277.49,27.75,305.24,,,AUD,1.0
TX000266,2026-06-29,2026,2,6,June,D006,C019,V018,R01,P008,Vehicle Expenses expense - Operations,Invoice,Posted,1497.22,149.72,1646.94,PO-22873,INV-339030,AUD,1.0
TX000267,2024-05-17,2024,2,5,May,D005,C019,V018,R02,P008,Vehicle Expenses expense - Sales,Invoice,Accrued,1755.78,175.58,1931.36,PO-63368,INV-876936,AUD,1.0
TX000268,2025-05-11,2025,2,5,May,D006,C003,V020,R02,P003,Hardware expense - Operations,Direct Debit,Posted,1396.78,139.68,1536.46,,INV-282176,AUD,1.0
TX000269,2024-07-16,2024,3,7,July,D004,C001,V024,R01,P008,Software & SaaS expense - Marketing,Direct Debit,Posted,1437.13,143.71,1580.84,,INV-229890,AUD,1.0
TX000270,2025-11-28,2025,4,11,November,D001,C002,V012,R01,P008,Cloud Services expense - Information Technology,Invoice,Posted,4118.16,411.82,4529.98,PO-43903,INV-885342,AUD,1.0
TX000271,2026-04-30,2026,2,4,April,D002,C005,V014,R01,P001,Consulting expense - Finance,Corporate Card,Posted,4498.32,449.83,4948.15,,,AUD,1.0
TX000272,2024-01-21,2024,1,1,January,D001,C004,V001,R04,P008,Contractors expense - Information Technology,Expense Claim,Posted,672.58,67.26,739.84,,,AUD,1.0
TX000273,2024-10-08,2024,4,10,October,D007,C012,V014,R04,P008,Telecommunications expense - Customer Service,Direct Debit,Posted,340.55,34.05,374.6,,INV-636361,AUD,1.0
TX000274,2025-11-09,2025,4,11,November,D006,C018,V020,R03,P008,Freight & Logistics expense - Operations,Invoice,Posted,2458.77,245.88,2704.65,PO-46291,INV-373832,AUD,1.0
TX000275,2025-11-02,2025,4,11,November,D005,C006,V004,R01,P008,Travel expense - Sales,Corporate Card,Posted,986.2,98.62,1084.82,,,AUD,1.0
TX000276,2024-10-29,2024,4,10,October,D005,C010,V013,R02,P008,Events expense - Sales,Corporate Card,Posted,384.69,38.47,423.16,,,AUD,1.0
TX000277,2025-11-18,2025,4,11,November,D006,C018,V012,R01,P003,Freight & Logistics expense - Operations,Corporate Card,Posted,942.21,94.22,1036.43,,,AUD,1.0
TX000278,2024-07-06,2024,3,7,July,D006,C019,V020,R01,P005,Vehicle Expenses expense - Operations,Invoice,Posted,337.37,33.74,371.11,PO-25437,INV-593393,AUD,1.0
TX000279,2024-02-24,2024,1,2,February,D002,C006,V025,R04,P008,Travel expense - Finance,Direct Debit,Pending,720.63,72.06,792.69,,INV-459315,AUD,1.0
TX000280,2025-02-23,2025,1,2,February,D008,C004,V006,R01,P008,Contractors expense - Facilities,Invoice,Posted,1596.03,159.6,1755.63,PO-45851,INV-319553,AUD,1.0
TX000281,2026-02-18,2026,1,2,February,D003,C008,V006,R03,P008,Recruitment expense - Human Resources,Invoice,Posted,167.55,16.76,184.31,PO-10611,INV-139557,AUD,1.0
TX000282,2025-06-30,2025,2,6,June,D004,C011,V021,R01,P001,Office Supplies expense - Marketing,Invoice,Posted,449.6,44.96,494.56,PO-39657,INV-827213,AUD,1.0
TX000283,2026-06-17,2026,2,6,June,D006,C006,V020,R01,P006,Travel expense - Operations,Corporate Card,Posted,346.71,34.67,381.38,,,AUD,1.0
TX000284,2026-06-28,2026,2,6,June,D003,C006,V013,R05,P008,Travel expense - Human Resources,Corporate Card,Posted,503.41,50.34,553.75,,,AUD,1.0
TX000285,2025-10-17,2025,4,10,October,D005,C012,V004,R03,P008,Telecommunications expense - Sales,Invoice,Posted,709.7,70.97,780.67,PO-59840,INV-229598,AUD,1.0
TX000286,2025-07-14,2025,3,7,July,D005,C010,V001,R03,P003,Events expense - Sales,Corporate Card,Posted,365.08,36.51,401.59,,,AUD,1.0
TX000287,2024-05-20,2024,2,5,May,D007,C001,V019,R02,P008,Software & SaaS expense - Customer Service,Invoice,Posted,615.99,61.6,677.59,PO-63707,INV-409698,AUD,1.0
TX000288,2024-06-13,2024,2,6,June,D001,C005,V031,R02,P003,Consulting expense - Information Technology,Invoice,Posted,4498.99,449.9,4948.89,PO-23276,INV-368322,AUD,1.0
TX000289,2025-10-21,2025,4,10,October,D004,C009,V030,R05,P004,Advertising expense - Marketing,Invoice,Posted,828.04,82.8,910.84,PO-16014,INV-110142,AUD,1.0
TX000290,2026-05-22,2026,2,5,May,D003,C011,V029,R03,P005,Office Supplies expense - Human Resources,Corporate Card,Posted,494.69,49.47,544.16,,,AUD,1.0
TX000291,2024-04-26,2024,2,4,April,D007,C012,V025,R05,P004,Telecommunications expense - Customer Service,Invoice,Posted,621.16,62.12,683.28,PO-27368,INV-829987,AUD,1.0
TX000292,2026-01-13,2026,1,1,January,D001,C020,V031,R01,P007,Customer Support Tools expense - Information Technology,Invoice,Posted,2420.18,242.02,2662.2,PO-13777,INV-817712,AUD,1.0
TX000293,2026-06-20,2026,2,6,June,D003,C007,V027,R05,P002,Training expense - Human Resources,Corporate Card,Posted,184.35,18.43,202.78,,,AUD,1.0
TX000294,2025-06-21,2025,2,6,June,D004,C011,V007,R04,P008,Office Supplies expense - Marketing,Invoice,Posted,162.0,16.2,178.2,PO-29484,INV-979789,AUD,1.0
TX000295,2026-04-26,2026,2,4,April,D001,C001,V031,R03,P003,Software & SaaS expense - Information Technology,Invoice,Posted,470.51,47.05,517.56,PO-94320,INV-497030,USD,1.4576
TX000296,2025-02-16,2025,1,2,February,D004,C001,V029,R02,P008,Software & SaaS expense - Marketing,Invoice,Posted,347.54,34.75,382.29,PO-62879,INV-532368,USD,1.5618
TX000297,2024-02-06,2024,1,2,February,D001,C020,V020,R01,P008,Customer Support Tools expense - Information Technology,Corporate Card,Posted,2273.72,227.37,2501.09,,,AUD,1.0
TX000298,2026-04-25,2026,2,4,April,D001,C020,V031,R01,P008,Customer Support Tools expense - Information Technology,Invoice,Posted,1118.96,111.9,1230.86,PO-10287,INV-457938,AUD,1.0
TX000299,2024-12-29,2024,4,12,December,D005,C012,V003,R02,P008,Telecommunications expense - Sales,Direct Debit,Posted,1063.51,106.35,1169.86,,INV-366641,AUD,1.0
TX000300,2025-09-17,2025,3,9,September,D004,C004,V014,R01,P008,Contractors expense - Marketing,Corporate Card,Posted,1294.31,129.43,1423.74,,,AUD,1.0
TX000301,2025-10-10,2025,4,10,October,D002,C017,V033,R04,P008,Legal & Compliance expense - Finance,Invoice,Accrued,239.2,23.92,263.12,PO-86692,INV-606390,AUD,1.0
TX000302,2025-06-04,2025,2,6,June,D003,C011,V009,R02,P008,Office Supplies expense - Human Resources,Corporate Card,Posted,50.11,5.01,55.12,,,AUD,1.0
TX000303,2025-03-04,2025,1,3,March,D004,C006,V019,R02,P005,Travel expense - Marketing,Invoice,Posted,629.36,62.94,692.3,PO-49179,INV-984027,AUD,1.0
TX000304,2025-12-19,2025,4,12,December,D006,C019,V014,R03,P008,Vehicle Expenses expense - Operations,Invoice,Posted,299.3,29.93,329.23,PO-95208,INV-286450,AUD,1.0
TX000305,2025-05-30,2025,2,5,May,D006,C019,V031,R01,P005,Vehicle Expenses expense - Operations,Corporate Card,Accrued,5345.21,534.52,5879.73,,,AUD,1.0
TX000306,2025-06-30,2025,2,6,June,D005,C010,V002,R04,P008,Events expense - Sales,Invoice,Posted,1025.39,102.54,1127.93,PO-47567,INV-816586,AUD,1.0
TX000307,2024-09-13,2024,3,9,September,D003,C001,V035,R03,P004,Software & SaaS expense - Human Resources,Invoice,Posted,2035.85,203.59,2239.44,PO-47701,INV-826596,AUD,1.0
TX000308,2025-11-11,2025,4,11,November,D001,C004,V021,R02,P008,Contractors expense - Information Technology,Direct Debit,Posted,2470.05,247.01,2717.06,,INV-336504,AUD,1.0
TX000309,2025-10-10,2025,4,10,October,D006,C018,V013,R02,P008,Freight & Logistics expense - Operations,Corporate Card,Posted,1127.37,112.74,1240.11,,,AUD,1.0
TX000310,2025-06-10,2025,2,6,June,D002,C006,V017,R01,P004,Travel expense - Finance,Invoice,Posted,159.25,15.93,175.18,PO-30290,INV-141880,AUD,1.0
TX000311,2024-06-06,2024,2,6,June,D006,C018,V020,R01,P008,Freight & Logistics expense - Operations,Invoice,Posted,1511.92,151.19,1663.11,PO-38830,INV-292800,AUD,1.0
TX000312,2025-06-17,2025,2,6,June,D002,C017,V035,R02,P007,Legal & Compliance expense - Finance,Direct Debit,Posted,504.86,50.49,555.35,,INV-407835,AUD,1.0
TX000313,2024-08-11,2024,3,8,August,D008,C014,V001,R04,P008,Utilities expense - Facilities,Invoice,Accrued,349.9,34.99,384.89,PO-41958,INV-141814,AUD,1.0
TX000314,2025-11-29,2025,4,11,November,D006,C011,V025,R04,P008,Office Supplies expense - Operations,Invoice,Posted,71.45,7.15,78.6,PO-77411,INV-941814,AUD,1.0
TX000315,2025-06-04,2025,2,6,June,D008,C013,V013,R01,P008,Rent expense - Facilities,Invoice,Posted,1943.23,194.32,2137.55,PO-92173,INV-168652,USD,1.566
TX000316,2024-08-03,2024,3,8,August,D004,C011,V035,R02,P002,Office Supplies expense - Marketing,Direct Debit,Posted,385.13,38.51,423.64,,INV-124906,AUD,1.0
TX000317,2025-04-15,2025,2,4,April,D006,C003,V017,R01,P001,Hardware expense - Operations,Invoice,Posted,1059.76,105.98,1165.74,PO-92603,INV-524094,AUD,1.0
TX000318,2025-03-19,2025,1,3,March,D006,C003,V001,R02,P002,Hardware expense - Operations,Corporate Card,Posted,1431.88,143.19,1575.07,,,AUD,1.0
TX000319,2024-03-15,2024,1,3,March,D006,C018,V020,R01,P008,Freight & Logistics expense - Operations,Direct Debit,Posted,1882.63,188.26,2070.89,,INV-132316,AUD,1.0
TX000320,2025-04-30,2025,2,4,April,D003,C008,V035,R01,P008,Recruitment expense - Human Resources,Invoice,Accrued,189.14,18.91,208.05,PO-94926,INV-491255,AUD,1.0
TX000321,2024-01-12,2024,1,1,January,D003,C001,V026,R01,P008,Software & SaaS expense - Human Resources,Invoice,Accrued,2463.46,246.35,2709.81,PO-55069,INV-322022,AUD,1.0
TX000322,2025-02-26,2025,1,2,February,D003,C004,V017,R01,P008,Contractors expense - Human Resources,Direct Debit,Posted,1030.87,103.09,1133.96,,INV-675512,AUD,1.0
TX000323,2025-04-17,2025,2,4,April,D002,C005,V013,R03,P004,Consulting expense - Finance,Invoice,Posted,2152.6,215.26,2367.86,PO-23113,INV-398987,AUD,1.0
TX000324,2025-09-26,2025,3,9,September,D002,C004,V020,R01,P008,Contractors expense - Finance,Invoice,Accrued,2235.56,223.56,2459.12,PO-32103,INV-105066,AUD,1.0
TX000325,2024-11-16,2024,4,11,November,D004,C004,V018,R03,P008,Contractors expense - Marketing,Corporate Card,Posted,2763.0,276.3,3039.3,,,AUD,1.0
TX000326,2025-01-02,2025,1,1,January,D005,C010,V006,R02,P003,Events expense - Sales,Invoice,Posted,285.01,28.5,313.51,PO-19882,INV-119535,AUD,1.0
TX000327,2026-05-19,2026,2,5,May,D001,C020,V014,R02,P006,Customer Support Tools expense - Information Technology,Invoice,Posted,2317.33,231.73,2549.06,PO-57948,INV-511564,USD,1.5208
TX000328,2024-08-16,2024,3,8,August,D005,C006,V026,R02,P008,Travel expense - Sales,Invoice,Posted,991.96,99.2,1091.16,PO-29162,INV-871667,AUD,1.0
TX000329,2026-01-19,2026,1,1,January,D008,C011,V015,R01,P008,Office Supplies expense - Facilities,Invoice,Accrued,91.08,9.11,100.19,PO-57349,INV-506945,AUD,1.0
TX000330,2025-04-25,2025,2,4,April,D008,C003,V007,R01,P008,Hardware expense - Facilities,Direct Debit,Posted,1537.11,153.71,1690.82,,INV-670792,AUD,1.0
TX000331,2025-08-06,2025,3,8,August,D003,C007,V005,R03,P005,Training expense - Human Resources,Direct Debit,Posted,287.49,28.75,316.24,,INV-461792,AUD,1.0
TX000332,2025-05-13,2025,2,5,May,D008,C014,V029,R01,P008,Utilities expense - Facilities,Invoice,Posted,842.54,84.25,926.79,PO-25509,INV-793223,AUD,1.0
TX000333,2024-08-23,2024,3,8,August,D007,C007,V031,R03,P008,Training expense - Customer Service,Corporate Card,Posted,260.05,26.01,286.06,,,AUD,1.0
TX000334,2024-05-10,2024,2,5,May,D003,C004,V010,R03,P001,Contractors expense - Human Resources,Invoice,Posted,771.43,77.14,848.57,PO-12440,INV-854500,USD,1.5399
TX000335,2026-01-15,2026,1,1,January,D005,C001,V031,R01,P008,Software & SaaS expense - Sales,Direct Debit,Posted,1767.86,176.79,1944.65,,INV-960307,AUD,1.0
TX000336,2026-02-24,2026,1,2,February,D003,C008,V022,R03,P004,Recruitment expense - Human Resources,Invoice,Posted,1495.42,149.54,1644.96,PO-12170,INV-312177,AUD,1.0
TX000337,2025-06-19,2025,2,6,June,D007,C004,V003,R03,P003,Contractors expense - Customer Service,Corporate Card,Posted,4702.51,470.25,5172.76,,,AUD,1.0
TX000338,2025-09-09,2025,3,9,September,D001,C020,V027,R03,P007,Customer Support Tools expense - Information Technology,Invoice,Posted,606.67,60.67,667.34,PO-59969,INV-467544,AUD,1.0
TX000339,2025-08-26,2025,3,8,August,D002,C006,V015,R01,P008,Travel expense - Finance,Invoice,Posted,890.6,89.06,979.66,PO-10932,INV-706063,AUD,1.0
TX000340,2025-06-19,2025,2,6,June,D002,C007,V021,R01,P008,Training expense - Finance,Invoice,Posted,243.6,24.36,267.96,PO-80268,INV-544136,AUD,1.0
TX000341,2025-08-01,2025,3,8,August,D006,C018,V014,R01,P008,Freight & Logistics expense - Operations,Invoice,Posted,928.18,92.82,1021.0,PO-43263,INV-421549,AUD,1.0
TX000342,2025-08-14,2025,3,8,August,D006,C019,V008,R02,P002,Vehicle Expenses expense - Operations,Corporate Card,Posted,1482.66,148.27,1630.93,,,AUD,1.0
TX000343,2025-02-14,2025,1,2,February,D006,C018,V004,R03,P008,Freight & Logistics expense - Operations,Invoice,Posted,1423.32,142.33,1565.65,PO-60374,INV-520106,AUD,1.0
TX000344,2025-09-20,2025,3,9,September,D005,C019,V012,R05,P001,Vehicle Expenses expense - Sales,Invoice,Posted,1149.61,114.96,1264.57,PO-47487,INV-304206,AUD,1.0
TX000345,2024-02-04,2024,1,2,February,D004,C010,V016,R01,P001,Events expense - Marketing,Invoice,Posted,373.26,37.33,410.59,PO-36255,INV-642892,AUD,1.0
TX000346,2024-01-16,2024,1,1,January,D002,C001,V023,R02,P008,Software & SaaS expense - Finance,Invoice,Posted,345.16,34.52,379.68,PO-10609,INV-373791,USD,1.5182
TX000347,2024-06-28,2024,2,6,June,D007,C020,V019,R01,P001,Customer Support Tools expense - Customer Service,Invoice,Posted,572.0,57.2,629.2,PO-85352,INV-362292,AUD,1.0
TX000348,2025-12-11,2025,4,12,December,D008,C013,V022,R02,P008,Rent expense - Facilities,Invoice,Posted,7485.26,748.53,8233.79,PO-25239,INV-370343,AUD,1.0
TX000349,2024-03-10,2024,1,3,March,D007,C004,V021,R03,P004,Contractors expense - Customer Service,Invoice,Posted,1400.24,140.02,1540.26,PO-47655,INV-197527,AUD,1.0
TX000350,2025-02-12,2025,1,2,February,D006,C003,V021,R02,P003,Hardware expense - Operations,Invoice,Posted,149.44,14.94,164.38,PO-34925,INV-623238,AUD,1.0
TX000351,2026-01-24,2026,1,1,January,D004,C004,V014,R03,P008,Contractors expense - Marketing,Direct Debit,Posted,3263.55,326.36,3589.91,,INV-795650,AUD,1.0
TX000352,2025-05-19,2025,2,5,May,D001,C020,V031,R04,P008,Customer Support Tools expense - Information Technology,Direct Debit,Posted,566.94,56.69,623.63,,INV-388078,AUD,1.0
TX000353,2025-05-17,2025,2,5,May,D003,C008,V009,R01,P004,Recruitment expense - Human Resources,Invoice,Posted,365.97,36.6,402.57,PO-32911,INV-579404,AUD,1.0
TX000354,2024-05-03,2024,2,5,May,D008,C011,V014,R03,P001,Office Supplies expense - Facilities,Invoice,Posted,187.01,18.7,205.71,PO-44452,INV-348658,AUD,1.0
TX000355,2024-10-02,2024,4,10,October,D008,C014,V028,R01,P003,Utilities expense - Facilities,Invoice,Posted,192.07,19.21,211.28,PO-33578,INV-699166,AUD,1.0
TX000356,2024-05-14,2024,2,5,May,D004,C001,V028,R03,P008,Software & SaaS expense - Marketing,Direct Debit,Posted,1768.71,176.87,1945.58,,INV-110215,AUD,1.0
TX000357,2024-06-29,2024,2,6,June,D007,C012,V034,R01,P008,Telecommunications expense - Customer Service,Invoice,Posted,414.55,41.46,456.01,PO-16253,INV-517754,AUD,1.0
TX000358,2024-04-11,2024,2,4,April,D003,C001,V007,R01,P004,Software & SaaS expense - Human Resources,Invoice,Accrued,907.58,90.76,998.34,PO-43779,INV-460857,AUD,1.0
TX000359,2024-01-21,2024,1,1,January,D007,C001,V013,R01,P008,Software & SaaS expense - Customer Service,Invoice,Posted,1326.33,132.63,1458.96,PO-76904,INV-611174,USD,1.4927
TX000360,2026-03-04,2026,1,3,March,D008,C003,V010,R02,P004,Hardware expense - Facilities,Direct Debit,Posted,3321.78,332.18,3653.96,,INV-524434,AUD,1.0
TX000361,2026-05-19,2026,2,5,May,D002,C001,V021,R01,P004,Software & SaaS expense - Finance,Corporate Card,Posted,1973.66,197.37,2171.03,,,AUD,1.0
TX000362,2026-03-10,2026,1,3,March,D006,C019,V027,R02,P008,Vehicle Expenses expense - Operations,Invoice,Posted,443.68,44.37,488.05,PO-37600,INV-275018,AUD,1.0
TX000363,2025-02-10,2025,1,2,February,D002,C001,V004,R01,P008,Software & SaaS expense - Finance,Direct Debit,Posted,363.99,36.4,400.39,,INV-262816,AUD,1.0
TX000364,2024-03-27,2024,1,3,March,D007,C007,V029,R01,P008,Training expense - Customer Service,Direct Debit,Posted,335.01,33.5,368.51,,INV-440998,AUD,1.0
TX000365,2026-06-03,2026,2,6,June,D008,C013,V018,R05,P008,Rent expense - Facilities,Expense Claim,Posted,2687.23,268.72,2955.95,,,AUD,1.0
TX000366,2025-04-12,2025,2,4,April,D007,C020,V023,R03,P008,Customer Support Tools expense - Customer Service,Invoice,Posted,700.5,70.05,770.55,PO-30410,INV-418319,AUD,1.0
TX000367,2024-01-11,2024,1,1,January,D001,C005,V023,R04,P008,Consulting expense - Information Technology,Corporate Card,Posted,677.41,67.74,745.15,,,AUD,1.0
TX000368,2024-11-02,2024,4,11,November,D001,C020,V015,R02,P004,Customer Support Tools expense - Information Technology,Invoice,Posted,1681.59,168.16,1849.75,PO-42754,INV-271200,AUD,1.0
TX000369,2026-01-02,2026,1,1,January,D007,C012,V016,R01,P001,Telecommunications expense - Customer Service,Corporate Card,Posted,432.74,43.27,476.01,,,AUD,1.0
TX000370,2025-10-26,2025,4,10,October,D005,C010,V009,R01,P001,Events expense - Sales,Corporate Card,Posted,369.03,36.9,405.93,,,AUD,1.0
TX000371,2024-07-11,2024,3,7,July,D006,C003,V002,R01,P008,Hardware expense - Operations,Invoice,Posted,566.71,56.67,623.38,PO-40514,INV-194578,AUD,1.0
TX000372,2024-06-03,2024,2,6,June,D001,C004,V032,R01,P007,Contractors expense - Information Technology,Direct Debit,Posted,2917.35,291.74,3209.09,,INV-174852,USD,1.4584
TX000373,2025-07-10,2025,3,7,July,D008,C004,V025,R01,P008,Contractors expense - Facilities,Direct Debit,Posted,2696.18,269.62,2965.8,,INV-564478,AUD,1.0
TX000374,2024-09-10,2024,3,9,September,D001,C002,V034,R02,P008,Cloud Services expense - Information Technology,Invoice,Posted,1746.34,174.63,1920.97,PO-15529,INV-880900,USD,1.5904
TX000375,2025-07-16,2025,3,7,July,D002,C005,V024,R02,P004,Consulting expense - Finance,Corporate Card,Posted,811.67,81.17,892.84,,,AUD,1.0
TX000376,2024-10-09,2024,4,10,October,D002,C006,V003,R04,P001,Travel expense - Finance,Corporate Card,Posted,945.81,94.58,1040.39,,,AUD,1.0
TX000377,2024-09-11,2024,3,9,September,D003,C007,V004,R01,P008,Training expense - Human Resources,Invoice,Pending,961.99,96.2,1058.19,PO-94495,INV-893454,AUD,1.0
TX000378,2024-12-21,2024,4,12,December,D008,C015,V023,R01,P008,Repairs & Maintenance expense - Facilities,Invoice,Posted,816.71,81.67,898.38,PO-81137,INV-830897,AUD,1.0
TX000379,2025-05-16,2025,2,5,May,D004,C010,V030,R01,P005,Events expense - Marketing,Direct Debit,Posted,140.1,14.01,154.11,,INV-262555,AUD,1.0
TX000380,2025-04-05,2025,2,4,April,D005,C009,V033,R02,P008,Advertising expense - Sales,Invoice,Posted,1193.21,119.32,1312.53,PO-41298,INV-436272,AUD,1.0
TX000381,2026-01-08,2026,1,1,January,D002,C016,V013,R05,P008,Insurance expense - Finance,Invoice,Posted,472.7,47.27,519.97,PO-94004,INV-437666,AUD,1.0
TX000382,2024-04-23,2024,2,4,April,D002,C007,V009,R03,P001,Training expense - Finance,Invoice,Posted,148.62,14.86,163.48,PO-74213,INV-651363,AUD,1.0
TX000383,2025-09-30,2025,3,9,September,D005,C001,V005,R01,P008,Software & SaaS expense - Sales,Corporate Card,Posted,2232.72,223.27,2455.99,,,AUD,1.0
TX000384,2026-06-30,2026,2,6,June,D007,C007,V018,R04,P001,Training expense - Customer Service,Direct Debit,Posted,319.69,31.97,351.66,,INV-644719,AUD,1.0
TX000385,2024-04-09,2024,2,4,April,D002,C016,V013,R01,P006,Insurance expense - Finance,Corporate Card,Posted,464.84,46.48,511.32,,,AUD,1.0
TX000386,2025-03-01,2025,1,3,March,D002,C017,V030,R03,P005,Legal & Compliance expense - Finance,Invoice,Posted,963.1,96.31,1059.41,PO-76151,INV-453907,AUD,1.0
TX000387,2025-11-04,2025,4,11,November,D003,C008,V023,R05,P007,Recruitment expense - Human Resources,Expense Claim,Posted,1229.41,122.94,1352.35,,,AUD,1.0
TX000388,2025-10-10,2025,4,10,October,D007,C007,V014,R03,P008,Training expense - Customer Service,Corporate Card,Posted,194.3,19.43,213.73,,,AUD,1.0
TX000389,2025-02-10,2025,1,2,February,D001,C012,V002,R01,P004,Telecommunications expense - Information Technology,Invoice,Posted,270.13,27.01,297.14,PO-46170,INV-680557,AUD,1.0
TX000390,2025-06-07,2025,2,6,June,D003,C001,V009,R01,P005,Software & SaaS expense - Human Resources,Invoice,Posted,648.74,64.87,713.61,PO-38499,INV-869933,AUD,1.0
TX000391,2024-03-20,2024,1,3,March,D006,C011,V007,R01,P008,Office Supplies expense - Operations,Corporate Card,Posted,264.76,26.48,291.24,,,AUD,1.0
TX000392,2024-02-27,2024,1,2,February,D006,C006,V008,R04,P007,Travel expense - Operations,Corporate Card,Posted,1248.87,124.89,1373.76,,,AUD,1.0
TX000393,2026-03-07,2026,1,3,March,D007,C001,V035,R01,P001,Software & SaaS expense - Customer Service,Corporate Card,Posted,1132.09,113.21,1245.3,,,AUD,1.0
TX000394,2025-02-06,2025,1,2,February,D008,C016,V015,R02,P008,Insurance expense - Facilities,Invoice,Posted,294.98,29.5,324.48,PO-16463,INV-674779,AUD,1.0
TX000395,2025-02-12,2025,1,2,February,D005,C001,V009,R02,P007,Software & SaaS expense - Sales,Invoice,Posted,1914.59,191.46,2106.05,PO-83553,INV-745919,AUD,1.0
TX000396,2026-01-23,2026,1,1,January,D004,C004,V021,R01,P008,Contractors expense - Marketing,Invoice,Posted,2919.59,291.96,3211.55,PO-34967,INV-436318,AUD,1.0
TX000397,2024-12-18,2024,4,12,December,D001,C020,V029,R01,P008,Customer Support Tools expense - Information Technology,Direct Debit,Posted,958.71,95.87,1054.58,,INV-263568,AUD,1.0
TX000398,2026-02-14,2026,1,2,February,D002,C001,V010,R03,P004,Software & SaaS expense - Finance,Invoice,Posted,402.74,40.27,443.01,PO-36712,INV-672967,AUD,1.0
TX000399,2025-06-19,2025,2,6,June,D005,C012,V010,R02,P008,Telecommunications expense - Sales,Invoice,Posted,828.71,82.87,911.58,PO-43483,INV-278593,AUD,1.0
TX000400,2024-03-02,2024,1,3,March,D005,C006,V004,R04,P008,Travel expense - Sales,Invoice,Posted,296.6,29.66,326.26,PO-96520,INV-477717,AUD,1.0
TX000401,2026-06-04,2026,2,6,June,D002,C001,V025,R01,P008,Software & SaaS expense - Finance,Expense Claim,Posted,572.06,57.21,629.27,,,AUD,1.0
TX000402,2026-06-06,2026,2,6,June,D002,C004,V002,R01,P008,Contractors expense - Finance,Corporate Card,Posted,1018.93,101.89,1120.82,,,AUD,1.0
TX000403,2024-12-29,2024,4,12,December,D005,C006,V018,R05,P008,Travel expense - Sales,Direct Debit,Posted,1461.17,146.12,1607.29,,INV-130897,AUD,1.0
TX000404,2025-07-22,2025,3,7,July,D005,C006,V009,R01,P008,Travel expense - Sales,Expense Claim,Posted,211.9,21.19,233.09,,,AUD,1.0
TX000405,2024-08-20,2024,3,8,August,D007,C004,V020,R02,P007,Contractors expense - Customer Service,Invoice,Posted,3657.68,365.77,4023.45,PO-80956,INV-817276,AUD,1.0
TX000406,2026-03-30,2026,1,3,March,D004,C004,V034,R01,P008,Contractors expense - Marketing,Direct Debit,Posted,4201.43,420.14,4621.57,,INV-692282,AUD,1.0
TX000407,2024-06-10,2024,2,6,June,D006,C003,V008,R02,P008,Hardware expense - Operations,Corporate Card,Posted,3437.61,343.76,3781.37,,,AUD,1.0
TX000408,2026-01-26,2026,1,1,January,D005,C006,V012,R03,P002,Travel expense - Sales,Corporate Card,Posted,732.25,73.23,805.48,,,AUD,1.0
TX000409,2024-01-27,2024,1,1,January,D006,C003,V033,R03,P008,Hardware expense - Operations,Corporate Card,Posted,2055.58,205.56,2261.14,,,AUD,1.0
TX000410,2025-04-30,2025,2,4,April,D003,C004,V001,R01,P001,Contractors expense - Human Resources,Invoice,Posted,562.52,56.25,618.77,PO-67577,INV-747033,AUD,1.0
TX000411,2025-05-16,2025,2,5,May,D006,C011,V003,R04,P007,Office Supplies expense - Operations,Corporate Card,Accrued,489.89,48.99,538.88,,,AUD,1.0
TX000412,2025-08-08,2025,3,8,August,D001,C005,V003,R01,P008,Consulting expense - Information Technology,Invoice,Posted,2328.18,232.82,2561.0,PO-92660,INV-151690,USD,1.4559
TX000413,2024-07-13,2024,3,7,July,D005,C010,V019,R02,P005,Events expense - Sales,Corporate Card,Posted,713.61,71.36,784.97,,,AUD,1.0
TX000414,2024-05-25,2024,2,5,May,D008,C016,V033,R03,P002,Insurance expense - Facilities,Invoice,Posted,199.68,19.97,219.65,PO-36467,INV-576769,AUD,1.0
TX000415,2024-04-02,2024,2,4,April,D005,C009,V011,R03,P008,Advertising expense - Sales,Invoice,Posted,1990.33,199.03,2189.36,PO-78657,INV-841635,AUD,1.0
TX000416,2025-01-28,2025,1,1,January,D003,C007,V011,R02,P001,Training expense - Human Resources,Corporate Card,Posted,941.59,94.16,1035.75,,,AUD,1.0
TX000417,2024-07-02,2024,3,7,July,D001,C004,V029,R01,P008,Contractors expense - Information Technology,Direct Debit,Posted,1196.17,119.62,1315.79,,INV-112800,USD,1.4505
TX000418,2025-04-14,2025,2,4,April,D008,C016,V032,R02,P008,Insurance expense - Facilities,Invoice,Posted,195.69,19.57,215.26,PO-88656,INV-106892,AUD,1.0
TX000419,2024-09-07,2024,3,9,September,D005,C012,V014,R03,P008,Telecommunications expense - Sales,Direct Debit,Posted,477.24,47.72,524.96,,INV-412938,AUD,1.0
TX000420,2024-12-05,2024,4,12,December,D002,C001,V011,R01,P008,Software & SaaS expense - Finance,Corporate Card,Posted,1767.09,176.71,1943.8,,,AUD,1.0
TX000421,2024-06-30,2024,2,6,June,D008,C015,V006,R02,P008,Repairs & Maintenance expense - Facilities,Direct Debit,Posted,925.32,92.53,1017.85,,INV-984274,AUD,1.0
TX000422,2025-07-17,2025,3,7,July,D002,C005,V018,R02,P002,Consulting expense - Finance,Invoice,Posted,840.15,84.02,924.17,PO-84890,INV-865175,AUD,1.0
TX000423,2025-10-06,2025,4,10,October,D002,C006,V019,R03,P008,Travel expense - Finance,Invoice,Posted,364.33,36.43,400.76,PO-27001,INV-744129,AUD,1.0
TX000424,2025-07-30,2025,3,7,July,D008,C014,V012,R03,P008,Utilities expense - Facilities,Invoice,Posted,1420.81,142.08,1562.89,PO-70933,INV-755843,AUD,1.0
TX000425,2026-03-26,2026,1,3,March,D002,C016,V027,R04,P008,Insurance expense - Finance,Invoice,Posted,376.46,37.65,414.11,PO-36370,INV-823535,AUD,1.0
TX000426,2024-10-15,2024,4,10,October,D005,C001,V021,R01,P008,Software & SaaS expense - Sales,Invoice,Posted,1473.61,147.36,1620.97,PO-13816,INV-972460,AUD,1.0
TX000427,2024-06-28,2024,2,6,June,D004,C006,V031,R04,P008,Travel expense - Marketing,Corporate Card,Posted,717.69,71.77,789.46,,,AUD,1.0
TX000428,2024-12-09,2024,4,12,December,D008,C016,V004,R04,P008,Insurance expense - Facilities,Corporate Card,Posted,822.37,82.24,904.61,,,AUD,1.0
TX000429,2024-08-01,2024,3,8,August,D006,C006,V002,R01,P002,Travel expense - Operations,Invoice,Posted,484.67,48.47,533.14,PO-34560,INV-724103,AUD,1.0
TX000430,2024-04-29,2024,2,4,April,D005,C019,V018,R04,P008,Vehicle Expenses expense - Sales,Invoice,Accrued,668.54,66.85,735.39,PO-38329,INV-650607,AUD,1.0
TX000431,2024-11-05,2024,4,11,November,D003,C001,V013,R01,P001,Software & SaaS expense - Human Resources,Invoice,Posted,2601.68,260.17,2861.85,PO-34931,INV-456637,AUD,1.0
TX000432,2025-05-10,2025,2,5,May,D005,C009,V034,R01,P008,Advertising expense - Sales,Corporate Card,Posted,1877.41,187.74,2065.15,,,AUD,1.0
TX000433,2025-06-18,2025,2,6,June,D002,C001,V006,R01,P001,Software & SaaS expense - Finance,Invoice,Posted,144.33,14.43,158.76,PO-12946,INV-705615,AUD,1.0
TX000434,2026-02-15,2026,1,2,February,D005,C019,V013,R04,P005,Vehicle Expenses expense - Sales,Direct Debit,Posted,463.27,46.33,509.6,,INV-265146,AUD,1.0
TX000435,2024-10-07,2024,4,10,October,D002,C001,V007,R05,P008,Software & SaaS expense - Finance,Invoice,Posted,559.28,55.93,615.21,PO-47128,INV-701969,AUD,1.0
TX000436,2024-09-07,2024,3,9,September,D003,C001,V035,R01,P008,Software & SaaS expense - Human Resources,Invoice,Posted,920.03,92.0,1012.03,PO-17051,INV-190302,AUD,1.0
TX000437,2025-03-12,2025,1,3,March,D007,C004,V029,R03,P008,Contractors expense - Customer Service,Direct Debit,Posted,2071.95,207.19,2279.14,,INV-659399,AUD,1.0
TX000438,2024-03-21,2024,1,3,March,D008,C014,V030,R01,P008,Utilities expense - Facilities,Corporate Card,Posted,314.47,31.45,345.92,,,AUD,1.0
TX000439,2024-08-17,2024,3,8,August,D003,C008,V012,R01,P005,Recruitment expense - Human Resources,Direct Debit,Posted,837.46,83.75,921.21,,INV-131734,AUD,1.0
TX000440,2024-03-07,2024,1,3,March,D008,C003,V011,R01,P008,Hardware expense - Facilities,Invoice,Posted,578.18,57.82,636.0,PO-24022,INV-441699,AUD,1.0
TX000441,2025-07-23,2025,3,7,July,D002,C017,V027,R01,P008,Legal & Compliance expense - Finance,Invoice,Posted,391.72,39.17,430.89,PO-37294,INV-953452,AUD,1.0
TX000442,2025-12-11,2025,4,12,December,D007,C012,V016,R02,P005,Telecommunications expense - Customer Service,Corporate Card,Posted,108.88,10.89,119.77,,,AUD,1.0
TX000443,2024-04-27,2024,2,4,April,D008,C011,V012,R02,P008,Office Supplies expense - Facilities,Corporate Card,Posted,146.64,14.66,161.3,,,AUD,1.0
TX000444,2026-04-19,2026,2,4,April,D007,C007,V006,R02,P008,Training expense - Customer Service,Corporate Card,Posted,182.16,18.22,200.38,,,AUD,1.0
TX000445,2026-02-14,2026,1,2,February,D003,C011,V025,R01,P008,Office Supplies expense - Human Resources,Invoice,Posted,290.81,29.08,319.89,PO-99071,INV-419343,AUD,1.0
TX000446,2025-03-21,2025,1,3,March,D006,C003,V033,R02,P008,Hardware expense - Operations,Invoice,Posted,771.77,77.18,848.95,PO-16963,INV-100884,AUD,1.0
TX000447,2025-12-21,2025,4,12,December,D006,C003,V016,R04,P008,Hardware expense - Operations,Corporate Card,Posted,1183.67,118.37,1302.04,,,AUD,1.0
TX000448,2025-03-21,2025,1,3,March,D004,C011,V025,R01,P002,Office Supplies expense - Marketing,Invoice,Posted,443.28,44.33,487.61,PO-26455,INV-240800,AUD,1.0
TX000449,2024-01-12,2024,1,1,January,D002,C016,V032,R01,P008,Insurance expense - Finance,Direct Debit,Accrued,258.18,25.82,284.0,,INV-829169,AUD,1.0
TX000450,2025-09-10,2025,3,9,September,D007,C020,V029,R01,P008,Customer Support Tools expense - Customer Service,Invoice,Posted,596.31,59.63,655.94,PO-41031,INV-846722,AUD,1.0
TX000451,2025-05-28,2025,2,5,May,D005,C010,V003,R05,P008,Events expense - Sales,Invoice,Posted,1047.01,104.7,1151.71,PO-78997,INV-887042,AUD,1.0
TX000452,2026-03-08,2026,1,3,March,D005,C010,V006,R02,P008,Events expense - Sales,Corporate Card,Posted,496.29,49.63,545.92,,,AUD,1.0
TX000453,2025-07-06,2025,3,7,July,D005,C012,V001,R01,P005,Telecommunications expense - Sales,Invoice,Posted,358.2,35.82,394.02,PO-48616,INV-403257,AUD,1.0
TX000454,2024-06-20,2024,2,6,June,D001,C012,V017,R05,P008,Telecommunications expense - Information Technology,Invoice,Pending,133.24,13.32,146.56,PO-91830,INV-128624,AUD,1.0
TX000455,2024-10-20,2024,4,10,October,D008,C003,V018,R01,P001,Hardware expense - Facilities,Invoice,Posted,387.46,38.75,426.21,PO-89144,INV-283095,AUD,1.0
TX000456,2025-08-28,2025,3,8,August,D003,C011,V017,R02,P008,Office Supplies expense - Human Resources,Invoice,Posted,357.67,35.77,393.44,PO-21062,INV-252117,AUD,1.0
TX000457,2025-09-01,2025,3,9,September,D003,C007,V025,R03,P007,Training expense - Human Resources,Corporate Card,Posted,152.1,15.21,167.31,,,AUD,1.0
TX000458,2024-12-19,2024,4,12,December,D001,C012,V004,R01,P008,Telecommunications expense - Information Technology,Invoice,Posted,190.94,19.09,210.03,PO-79798,INV-345011,AUD,1.0
TX000459,2025-01-23,2025,1,1,January,D007,C012,V028,R01,P008,Telecommunications expense - Customer Service,Expense Claim,Posted,316.87,31.69,348.56,,,AUD,1.0
TX000460,2025-06-28,2025,2,6,June,D006,C011,V018,R03,P008,Office Supplies expense - Operations,Invoice,Posted,166.33,16.63,182.96,PO-98511,INV-885478,AUD,1.0
TX000461,2024-09-04,2024,3,9,September,D004,C010,V012,R01,P008,Events expense - Marketing,Corporate Card,Posted,947.81,94.78,1042.59,,,AUD,1.0
TX000462,2024-09-14,2024,3,9,September,D004,C001,V014,R01,P002,Software & SaaS expense - Marketing,Direct Debit,Posted,1355.56,135.56,1491.12,,INV-779378,AUD,1.0
TX000463,2025-08-02,2025,3,8,August,D003,C001,V030,R03,P004,Software & SaaS expense - Human Resources,Invoice,Posted,1250.31,125.03,1375.34,PO-97500,INV-907278,USD,1.5654
TX000464,2026-02-27,2026,1,2,February,D006,C006,V004,R01,P001,Travel expense - Operations,Invoice,Posted,538.48,53.85,592.33,PO-74450,INV-310416,USD,1.4897
TX000465,2025-09-16,2025,3,9,September,D007,C004,V035,R03,P002,Contractors expense - Customer Service,Corporate Card,Posted,2593.88,259.39,2853.27,,,AUD,1.0
TX000466,2024-04-15,2024,2,4,April,D001,C001,V029,R01,P008,Software & SaaS expense - Information Technology,Corporate Card,Posted,291.51,29.15,320.66,,,AUD,1.0
TX000467,2025-02-03,2025,1,2,February,D005,C006,V001,R03,P008,Travel expense - Sales,Invoice,Posted,938.33,93.83,1032.16,PO-19188,INV-666366,AUD,1.0
TX000468,2024-08-19,2024,3,8,August,D001,C004,V031,R05,P008,Contractors expense - Information Technology,Expense Claim,Posted,583.93,58.39,642.32,,,AUD,1.0
TX000469,2024-02-26,2024,1,2,February,D002,C005,V006,R02,P008,Consulting expense - Finance,Invoice,Posted,870.7,87.07,957.77,PO-61131,INV-211954,USD,1.5491
TX000470,2025-10-07,2025,4,10,October,D006,C011,V013,R01,P008,Office Supplies expense - Operations,Corporate Card,Posted,125.15,12.52,137.67,,,AUD,1.0
TX000471,2024-03-05,2024,1,3,March,D005,C010,V029,R02,P008,Events expense - Sales,Corporate Card,Posted,882.24,88.22,970.46,,,AUD,1.0
TX000472,2025-10-31,2025,4,10,October,D008,C015,V015,R04,P008,Repairs & Maintenance expense - Facilities,Invoice,Posted,146.62,14.66,161.28,PO-95037,INV-236878,AUD,1.0
TX000473,2024-01-15,2024,1,1,January,D003,C011,V007,R01,P005,Office Supplies expense - Human Resources,Corporate Card,Posted,207.62,20.76,228.38,,,AUD,1.0
TX000474,2025-05-24,2025,2,5,May,D004,C001,V026,R04,P007,Software & SaaS expense - Marketing,Direct Debit,Posted,1119.97,112.0,1231.97,,INV-721894,AUD,1.0
TX000475,2024-06-26,2024,2,6,June,D006,C003,V027,R01,P002,Hardware expense - Operations,Invoice,Posted,744.63,74.46,819.09,PO-27481,INV-204823,AUD,1.0
TX000476,2026-03-21,2026,1,3,March,D007,C004,V001,R01,P008,Contractors expense - Customer Service,Invoice,Posted,3207.75,320.78,3528.53,PO-72391,INV-825990,AUD,1.0
TX000477,2024-05-09,2024,2,5,May,D004,C004,V027,R03,P008,Contractors expense - Marketing,Corporate Card,Posted,1110.04,111.0,1221.04,,,AUD,1.0
TX000478,2025-09-18,2025,3,9,September,D002,C016,V027,R04,P005,Insurance expense - Finance,Invoice,Posted,155.91,15.59,171.5,PO-80742,INV-632195,AUD,1.0
TX000479,2024-08-12,2024,3,8,August,D008,C016,V004,R03,P003,Insurance expense - Facilities,Corporate Card,Posted,427.03,42.7,469.73,,,AUD,1.0
TX000480,2024-10-18,2024,4,10,October,D004,C009,V030,R01,P008,Advertising expense - Marketing,Invoice,Posted,2947.82,294.78,3242.6,PO-87687,INV-707924,AUD,1.0
TX000481,2024-11-29,2024,4,11,November,D007,C004,V015,R03,P008,Contractors expense - Customer Service,Invoice,Posted,2839.1,283.91,3123.01,PO-59221,INV-331381,AUD,1.0
TX000482,2024-03-16,2024,1,3,March,D008,C014,V010,R02,P008,Utilities expense - Facilities,Invoice,Posted,261.71,26.17,287.88,PO-35448,INV-762722,AUD,1.0
TX000483,2025-01-02,2025,1,1,January,D005,C006,V004,R01,P001,Travel expense - Sales,Invoice,Posted,363.96,36.4,400.36,PO-38816,INV-409499,AUD,1.0
TX000484,2025-09-10,2025,3,9,September,D003,C011,V015,R05,P008,Office Supplies expense - Human Resources,Corporate Card,Posted,45,4.5,49.5,,,AUD,1.0
TX000485,2026-01-17,2026,1,1,January,D007,C004,V015,R01,P007,Contractors expense - Customer Service,Invoice,Posted,5730.28,573.03,6303.31,PO-15796,INV-142004,AUD,1.0
TX000486,2025-04-26,2025,2,4,April,D001,C004,V007,R02,P008,Contractors expense - Information Technology,Invoice,Posted,1537.65,153.77,1691.42,PO-38574,INV-239158,AUD,1.0
TX000487,2025-01-02,2025,1,1,January,D005,C006,V031,R03,P002,Travel expense - Sales,Invoice,Posted,648.12,64.81,712.93,PO-69616,INV-586288,AUD,1.0
TX000488,2026-03-01,2026,1,3,March,D003,C011,V024,R02,P008,Office Supplies expense - Human Resources,Invoice,Posted,385.57,38.56,424.13,PO-53634,INV-656710,AUD,1.0
TX000489,2024-02-03,2024,1,2,February,D005,C010,V035,R03,P008,Events expense - Sales,Corporate Card,Posted,878.77,87.88,966.65,,,AUD,1.0
TX000490,2024-02-26,2024,1,2,February,D006,C003,V003,R01,P005,Hardware expense - Operations,Invoice,Posted,720.72,72.07,792.79,PO-36832,INV-245129,AUD,1.0
TX000491,2024-12-08,2024,4,12,December,D004,C010,V014,R01,P008,Events expense - Marketing,Invoice,Posted,3037.34,303.73,3341.07,PO-65434,INV-390607,AUD,1.0
TX000492,2024-02-25,2024,1,2,February,D002,C005,V034,R01,P008,Consulting expense - Finance,Invoice,Accrued,2720.92,272.09,2993.01,PO-69241,INV-751114,AUD,1.0
TX000493,2025-01-11,2025,1,1,January,D002,C004,V006,R04,P008,Contractors expense - Finance,Expense Claim,Posted,1404.31,140.43,1544.74,,,AUD,1.0
TX000494,2024-04-24,2024,2,4,April,D003,C007,V002,R01,P003,Training expense - Human Resources,Invoice,Posted,295.37,29.54,324.91,PO-48209,INV-298244,AUD,1.0
TX000495,2024-03-05,2024,1,3,March,D001,C020,V034,R04,P008,Customer Support Tools expense - Information Technology,Invoice,Posted,991.02,99.1,1090.12,PO-87772,INV-798199,AUD,1.0
TX000496,2025-12-14,2025,4,12,December,D008,C013,V020,R01,P002,Rent expense - Facilities,Invoice,Posted,1412.74,141.27,1554.01,PO-56284,INV-398196,USD,1.5655
TX000497,2025-04-11,2025,2,4,April,D003,C008,V019,R05,P008,Recruitment expense - Human Resources,Corporate Card,Posted,236.88,23.69,260.57,,,AUD,1.0
TX000498,2024-06-14,2024,2,6,June,D004,C001,V009,R01,P005,Software & SaaS expense - Marketing,Invoice,Posted,886.34,88.63,974.97,PO-55068,INV-255130,AUD,1.0
TX000499,2025-01-16,2025,1,1,January,D008,C014,V008,R05,P008,Utilities expense - Facilities,Invoice,Posted,1852.16,185.22,2037.38,PO-51971,INV-263633,AUD,1.0
TX000500,2024-01-05,2024,1,1,January,D006,C019,V019,R03,P008,Vehicle Expenses expense - Operations,Direct Debit,Posted,3447.35,344.74,3792.09,,INV-602248,AUD,1.0
TX000501,2024-02-11,2024,1,2,February,D003,C011,V026,R02,P005,Office Supplies expense - Human Resources,Invoice,Posted,269.79,26.98,296.77,PO-35578,INV-711772,AUD,1.0
TX000502,2025-06-23,2025,2,6,June,D004,C006,V029,R01,P002,Travel expense - Marketing,Invoice,Posted,1374.17,137.42,1511.59,PO-17346,INV-799155,AUD,1.0
TX000503,2025-01-04,2025,1,1,January,D007,C004,V025,R03,P007,Contractors expense - Customer Service,Invoice,Posted,1325.91,132.59,1458.5,PO-68224,INV-877548,USD,1.5811
TX000504,2025-03-01,2025,1,3,March,D008,C011,V028,R01,P008,Office Supplies expense - Facilities,Direct Debit,Posted,367.15,36.71,403.86,,INV-417960,AUD,1.0
TX000505,2025-05-01,2025,2,5,May,D006,C003,V025,R05,P008,Hardware expense - Operations,Direct Debit,Posted,362.6,36.26,398.86,,INV-844747,AUD,1.0
TX000506,2025-08-04,2025,3,8,August,D003,C004,V032,R01,P006,Contractors expense - Human Resources,Invoice,Posted,3093.41,309.34,3402.75,PO-10320,INV-261505,AUD,1.0
TX000507,2024-09-25,2024,3,9,September,D005,C019,V019,R04,P008,Vehicle Expenses expense - Sales,Corporate Card,Posted,675.64,67.56,743.2,,,AUD,1.0
TX000508,2024-10-10,2024,4,10,October,D008,C003,V031,R02,P005,Hardware expense - Facilities,Corporate Card,Posted,1687.2,168.72,1855.92,,,AUD,1.0
TX000509,2024-05-02,2024,2,5,May,D006,C018,V017,R03,P001,Freight & Logistics expense - Operations,Invoice,Posted,231.12,23.11,254.23,PO-64986,INV-767153,AUD,1.0
TX000510,2024-12-30,2024,4,12,December,D001,C003,V005,R01,P008,Hardware expense - Information Technology,Invoice,Posted,1583.09,158.31,1741.4,PO-81265,INV-438277,AUD,1.0
TX000511,2026-06-12,2026,2,6,June,D006,C019,V024,R04,P004,Vehicle Expenses expense - Operations,Direct Debit,Posted,241.57,24.16,265.73,,INV-491133,AUD,1.0
TX000512,2026-03-08,2026,1,3,March,D008,C013,V007,R01,P008,Rent expense - Facilities,Direct Debit,Posted,1203.65,120.37,1324.02,,INV-823153,AUD,1.0
TX000513,2026-05-01,2026,2,5,May,D002,C006,V009,R02,P001,Travel expense - Finance,Invoice,Posted,1922.52,192.25,2114.77,PO-88335,INV-648532,AUD,1.0
TX000514,2026-02-20,2026,1,2,February,D006,C004,V008,R03,P001,Contractors expense - Operations,Invoice,Posted,1176.71,117.67,1294.38,PO-24643,INV-181511,AUD,1.0
TX000515,2024-01-20,2024,1,1,January,D008,C016,V003,R02,P003,Insurance expense - Facilities,Invoice,Posted,964.72,96.47,1061.19,PO-18683,INV-416298,AUD,1.0
TX000516,2025-11-14,2025,4,11,November,D001,C020,V014,R01,P002,Customer Support Tools expense - Information Technology,Corporate Card,Posted,831.5,83.15,914.65,,,AUD,1.0
TX000517,2026-02-03,2026,1,2,February,D005,C012,V033,R01,P003,Telecommunications expense - Sales,Invoice,Posted,989.07,98.91,1087.98,PO-11832,INV-654527,AUD,1.0
TX000518,2024-08-10,2024,3,8,August,D004,C006,V001,R01,P008,Travel expense - Marketing,Corporate Card,Posted,321.36,32.14,353.5,,,AUD,1.0
TX000519,2025-03-26,2025,1,3,March,D002,C004,V028,R04,P008,Contractors expense - Finance,Invoice,Posted,1035.51,103.55,1139.06,PO-27814,INV-619900,USD,1.4685
TX000520,2026-02-19,2026,1,2,February,D006,C019,V006,R01,P008,Vehicle Expenses expense - Operations,Invoice,Posted,648.94,64.89,713.83,PO-68190,INV-336845,AUD,1.0
TX000521,2025-07-21,2025,3,7,July,D007,C007,V005,R05,P007,Training expense - Customer Service,Invoice,Posted,678.53,67.85,746.38,PO-61952,INV-559337,AUD,1.0
TX000522,2025-06-19,2025,2,6,June,D002,C001,V007,R01,P006,Software & SaaS expense - Finance,Invoice,Posted,511.77,51.18,562.95,PO-62990,INV-228725,AUD,1.0
TX000523,2024-08-26,2024,3,8,August,D007,C012,V018,R01,P008,Telecommunications expense - Customer Service,Expense Claim,Posted,2039.18,203.92,2243.1,,,AUD,1.0
TX000524,2025-02-18,2025,1,2,February,D008,C014,V007,R01,P008,Utilities expense - Facilities,Invoice,Posted,288.21,28.82,317.03,PO-16927,INV-970645,AUD,1.0
TX000525,2024-03-10,2024,1,3,March,D008,C015,V021,R01,P003,Repairs & Maintenance expense - Facilities,Invoice,Posted,170.38,17.04,187.42,PO-74512,INV-931239,AUD,1.0
TX000526,2025-04-22,2025,2,4,April,D004,C006,V017,R03,P008,Travel expense - Marketing,Invoice,Posted,665.95,66.6,732.55,PO-66414,INV-224921,AUD,1.0
TX000527,2025-01-27,2025,1,1,January,D008,C011,V003,R04,P007,Office Supplies expense - Facilities,Corporate Card,Posted,432.22,43.22,475.44,,,AUD,1.0
TX000528,2026-01-02,2026,1,1,January,D007,C012,V032,R03,P008,Telecommunications expense - Customer Service,Invoice,Posted,748.39,74.84,823.23,PO-76412,INV-158444,AUD,1.0
TX000529,2025-02-04,2025,1,2,February,D005,C010,V023,R02,P006,Events expense - Sales,Invoice,Posted,1255.86,125.59,1381.45,PO-58026,INV-465823,AUD,1.0
TX000530,2026-04-08,2026,2,4,April,D001,C020,V007,R04,P005,Customer Support Tools expense - Information Technology,Invoice,Posted,640.49,64.05,704.54,PO-21133,INV-821411,AUD,1.0
TX000531,2024-03-08,2024,1,3,March,D005,C001,V021,R01,P001,Software & SaaS expense - Sales,Invoice,Posted,814.18,81.42,895.6,PO-12914,INV-431889,AUD,1.0
TX000532,2025-01-21,2025,1,1,January,D007,C007,V007,R02,P008,Training expense - Customer Service,Invoice,Posted,378.45,37.84,416.29,PO-31840,INV-744693,AUD,1.0
TX000533,2024-11-02,2024,4,11,November,D006,C011,V005,R01,P008,Office Supplies expense - Operations,Invoice,Pending,570.89,57.09,627.98,PO-62694,INV-943687,AUD,1.0
TX000534,2024-08-19,2024,3,8,August,D002,C016,V022,R04,P002,Insurance expense - Finance,Invoice,Posted,226.85,22.69,249.54,PO-20048,INV-783185,AUD,1.0
TX000535,2026-04-23,2026,2,4,April,D005,C012,V035,R04,P007,Telecommunications expense - Sales,Invoice,Posted,258.08,25.81,283.89,PO-81770,INV-289373,AUD,1.0
TX000536,2026-06-21,2026,2,6,June,D001,C012,V032,R03,P008,Telecommunications expense - Information Technology,Direct Debit,Posted,698.06,69.81,767.87,,INV-906479,AUD,1.0
TX000537,2025-03-20,2025,1,3,March,D001,C005,V016,R01,P008,Consulting expense - Information Technology,Invoice,Posted,292.76,29.28,322.04,PO-18444,INV-764721,AUD,1.0
TX000538,2024-07-27,2024,3,7,July,D007,C007,V017,R04,P008,Training expense - Customer Service,Invoice,Posted,380.53,38.05,418.58,PO-50703,INV-586706,AUD,1.0
TX000539,2025-05-12,2025,2,5,May,D007,C012,V011,R03,P001,Telecommunications expense - Customer Service,Invoice,Posted,651.54,65.15,716.69,PO-73680,INV-920231,AUD,1.0
TX000540,2024-01-21,2024,1,1,January,D001,C020,V020,R04,P005,Customer Support Tools expense - Information Technology,Corporate Card,Accrued,598.47,59.85,658.32,,,AUD,1.0
TX000541,2026-01-11,2026,1,1,January,D003,C004,V008,R01,P008,Contractors expense - Human Resources,Expense Claim,Posted,1966.04,196.6,2162.64,,,AUD,1.0
TX000542,2026-06-24,2026,2,6,June,D002,C004,V021,R02,P008,Contractors expense - Finance,Invoice,Posted,982.56,98.26,1080.82,PO-65426,INV-328598,AUD,1.0
TX000543,2024-05-27,2024,2,5,May,D002,C004,V027,R01,P004,Contractors expense - Finance,Invoice,Accrued,771.65,77.17,848.82,PO-51482,INV-672255,AUD,1.0
TX000544,2025-03-09,2025,1,3,March,D008,C015,V010,R01,P004,Repairs & Maintenance expense - Facilities,Direct Debit,Accrued,298.87,29.89,328.76,,INV-735242,AUD,1.0
TX000545,2024-02-05,2024,1,2,February,D001,C012,V017,R04,P008,Telecommunications expense - Information Technology,Expense Claim,Posted,429.02,42.9,471.92,,,AUD,1.0
TX000546,2024-05-04,2024,2,5,May,D004,C009,V026,R02,P008,Advertising expense - Marketing,Direct Debit,Posted,2311.2,231.12,2542.32,,INV-432591,AUD,1.0
TX000547,2026-06-19,2026,2,6,June,D007,C001,V032,R01,P002,Software & SaaS expense - Customer Service,Direct Debit,Posted,938.6,93.86,1032.46,,INV-960085,AUD,1.0
TX000548,2024-04-12,2024,2,4,April,D003,C011,V027,R01,P001,Office Supplies expense - Human Resources,Corporate Card,Posted,449.39,44.94,494.33,,,AUD,1.0
TX000549,2024-02-23,2024,1,2,February,D003,C011,V001,R02,P008,Office Supplies expense - Human Resources,Invoice,Posted,157.56,15.76,173.32,PO-77681,INV-848226,AUD,1.0
TX000550,2026-02-25,2026,1,2,February,D003,C008,V021,R03,P008,Recruitment expense - Human Resources,Invoice,Posted,237.43,23.74,261.17,PO-52936,INV-938366,AUD,1.0
TX000551,2024-10-15,2024,4,10,October,D004,C001,V025,R02,P003,Software & SaaS expense - Marketing,Expense Claim,Posted,5748.61,574.86,6323.47,,,AUD,1.0
TX000552,2024-06-21,2024,2,6,June,D001,C004,V010,R03,P008,Contractors expense - Information Technology,Expense Claim,Posted,722.04,72.2,794.24,,,AUD,1.0
TX000553,2025-03-21,2025,1,3,March,D008,C016,V014,R03,P002,Insurance expense - Facilities,Invoice,Posted,739.98,74.0,813.98,PO-88654,INV-326037,AUD,1.0
TX000554,2026-04-23,2026,2,4,April,D005,C019,V027,R03,P007,Vehicle Expenses expense - Sales,Corporate Card,Posted,766.26,76.63,842.89,,,AUD,1.0
TX000555,2025-04-25,2025,2,4,April,D003,C006,V014,R05,P006,Travel expense - Human Resources,Corporate Card,Posted,1281.9,128.19,1410.09,,,AUD,1.0
TX000556,2024-03-01,2024,1,3,March,D001,C003,V023,R05,P008,Hardware expense - Information Technology,Invoice,Posted,386.3,38.63,424.93,PO-83342,INV-143122,AUD,1.0
TX000557,2025-08-17,2025,3,8,August,D003,C006,V022,R01,P008,Travel expense - Human Resources,Invoice,Posted,1181.83,118.18,1300.01,PO-25314,INV-428486,AUD,1.0
TX000558,2024-02-15,2024,1,2,February,D003,C007,V024,R04,P008,Training expense - Human Resources,Direct Debit,Posted,596.82,59.68,656.5,,INV-376570,AUD,1.0
TX000559,2025-06-13,2025,2,6,June,D006,C011,V032,R04,P005,Office Supplies expense - Operations,Direct Debit,Posted,331.42,33.14,364.56,,INV-155807,AUD,1.0
TX000560,2024-07-12,2024,3,7,July,D003,C001,V017,R01,P001,Software & SaaS expense - Human Resources,Invoice,Posted,443.8,44.38,488.18,PO-67870,INV-473838,AUD,1.0
TX000561,2025-12-27,2025,4,12,December,D008,C013,V010,R02,P008,Rent expense - Facilities,Invoice,Posted,4456.87,445.69,4902.56,PO-96918,INV-714127,AUD,1.0
TX000562,2024-08-05,2024,3,8,August,D001,C005,V005,R03,P003,Consulting expense - Information Technology,Invoice,Posted,637.58,63.76,701.34,PO-99212,INV-227916,AUD,1.0
TX000563,2025-02-07,2025,1,2,February,D006,C018,V021,R05,P002,Freight & Logistics expense - Operations,Invoice,Posted,5428.1,542.81,5970.91,PO-15747,INV-788047,USD,1.5391
TX000564,2025-09-29,2025,3,9,September,D008,C011,V009,R05,P008,Office Supplies expense - Facilities,Invoice,Accrued,292.0,29.2,321.2,PO-59989,INV-197046,AUD,1.0
TX000565,2025-02-12,2025,1,2,February,D005,C006,V026,R01,P008,Travel expense - Sales,Corporate Card,Posted,220.62,22.06,242.68,,,AUD,1.0
TX000566,2025-03-18,2025,1,3,March,D005,C019,V007,R03,P005,Vehicle Expenses expense - Sales,Invoice,Posted,2002.37,200.24,2202.61,PO-83801,INV-729502,AUD,1.0
TX000567,2025-03-09,2025,1,3,March,D002,C017,V012,R02,P005,Legal & Compliance expense - Finance,Invoice,Posted,527.19,52.72,579.91,PO-39390,INV-779068,AUD,1.0
TX000568,2025-12-03,2025,4,12,December,D003,C007,V006,R02,P008,Training expense - Human Resources,Direct Debit,Posted,172.12,17.21,189.33,,INV-233997,AUD,1.0
TX000569,2025-12-01,2025,4,12,December,D005,C006,V004,R02,P004,Travel expense - Sales,Invoice,Posted,1105.44,110.54,1215.98,PO-70903,INV-792956,AUD,1.0
TX000570,2026-01-07,2026,1,1,January,D005,C009,V033,R01,P002,Advertising expense - Sales,Direct Debit,Posted,1155.29,115.53,1270.82,,INV-838594,AUD,1.0
TX000571,2024-10-31,2024,4,10,October,D006,C018,V029,R03,P008,Freight & Logistics expense - Operations,Expense Claim,Posted,1932.07,193.21,2125.28,,,AUD,1.0
TX000572,2024-07-08,2024,3,7,July,D002,C016,V007,R05,P004,Insurance expense - Finance,Invoice,Posted,407.52,40.75,448.27,PO-70314,INV-825411,AUD,1.0
TX000573,2025-02-18,2025,1,2,February,D008,C011,V024,R03,P008,Office Supplies expense - Facilities,Invoice,Posted,704.09,70.41,774.5,PO-12082,INV-829842,AUD,1.0
TX000574,2024-07-11,2024,3,7,July,D001,C002,V016,R02,P002,Cloud Services expense - Information Technology,Direct Debit,Posted,1069.02,106.9,1175.92,,INV-585936,AUD,1.0
TX000575,2024-05-31,2024,2,5,May,D008,C013,V010,R01,P003,Rent expense - Facilities,Invoice,Posted,4349.75,434.98,4784.73,PO-41801,INV-311118,AUD,1.0
TX000576,2024-10-28,2024,4,10,October,D007,C001,V028,R01,P002,Software & SaaS expense - Customer Service,Invoice,Posted,2127.06,212.71,2339.77,PO-73714,INV-638292,AUD,1.0
TX000577,2025-08-28,2025,3,8,August,D008,C004,V028,R03,P008,Contractors expense - Facilities,Invoice,Posted,2076.89,207.69,2284.58,PO-25327,INV-618823,AUD,1.0
TX000578,2025-09-29,2025,3,9,September,D006,C011,V019,R03,P001,Office Supplies expense - Operations,Invoice,Posted,384.54,38.45,422.99,PO-99780,INV-455627,AUD,1.0
TX000579,2025-09-08,2025,3,9,September,D008,C004,V025,R04,P008,Contractors expense - Facilities,Direct Debit,Posted,3857.4,385.74,4243.14,,INV-752048,AUD,1.0
TX000580,2024-07-31,2024,3,7,July,D005,C019,V009,R03,P008,Vehicle Expenses expense - Sales,Invoice,Accrued,506.33,50.63,556.96,PO-74713,INV-418402,AUD,1.0
TX000581,2024-08-28,2024,3,8,August,D004,C010,V017,R01,P001,Events expense - Marketing,Direct Debit,Posted,625.05,62.5,687.55,,INV-166758,AUD,1.0
TX000582,2024-12-11,2024,4,12,December,D007,C001,V015,R03,P002,Software & SaaS expense - Customer Service,Direct Debit,Posted,62.77,6.28,69.05,,INV-684080,AUD,1.0
TX000583,2024-09-30,2024,3,9,September,D003,C011,V007,R04,P008,Office Supplies expense - Human Resources,Direct Debit,Posted,191.77,19.18,210.95,,INV-740231,AUD,1.0
TX000584,2025-09-16,2025,3,9,September,D002,C017,V011,R02,P008,Legal & Compliance expense - Finance,Direct Debit,Posted,2230.21,223.02,2453.23,,INV-562965,AUD,1.0
TX000585,2026-02-19,2026,1,2,February,D008,C015,V024,R04,P003,Repairs & Maintenance expense - Facilities,Direct Debit,Posted,434.05,43.41,477.46,,INV-906389,AUD,1.0
TX000586,2024-01-07,2024,1,1,January,D004,C009,V006,R01,P008,Advertising expense - Marketing,Invoice,Posted,501.9,50.19,552.09,PO-79422,INV-542207,AUD,1.0
TX000587,2026-03-17,2026,1,3,March,D004,C004,V027,R04,P007,Contractors expense - Marketing,Expense Claim,Posted,1779.32,177.93,1957.25,,,AUD,1.0
TX000588,2026-01-04,2026,1,1,January,D002,C001,V011,R01,P006,Software & SaaS expense - Finance,Invoice,Posted,869.53,86.95,956.48,PO-85308,INV-160617,AUD,1.0
TX000589,2025-10-08,2025,4,10,October,D005,C010,V020,R02,P008,Events expense - Sales,Invoice,Accrued,1178.26,117.83,1296.09,PO-90006,INV-253995,AUD,1.0
TX000590,2025-12-18,2025,4,12,December,D007,C012,V029,R03,P008,Telecommunications expense - Customer Service,Invoice,Posted,714.55,71.45,786.0,PO-53842,INV-508937,AUD,1.0
TX000591,2026-01-12,2026,1,1,January,D003,C008,V006,R05,P004,Recruitment expense - Human Resources,Invoice,Posted,397.47,39.75,437.22,PO-80770,INV-721285,AUD,1.0
TX000592,2024-09-21,2024,3,9,September,D004,C006,V008,R03,P008,Travel expense - Marketing,Invoice,Posted,3290.45,329.05,3619.5,PO-95322,INV-230809,AUD,1.0
TX000593,2025-04-04,2025,2,4,April,D005,C012,V016,R03,P008,Telecommunications expense - Sales,Corporate Card,Posted,864.44,86.44,950.88,,,AUD,1.0
TX000594,2024-12-24,2024,4,12,December,D005,C009,V009,R03,P008,Advertising expense - Sales,Invoice,Posted,2564.84,256.48,2821.32,PO-57352,INV-576378,AUD,1.0
TX000595,2024-04-10,2024,2,4,April,D003,C011,V006,R02,P007,Office Supplies expense - Human Resources,Invoice,Posted,210.29,21.03,231.32,PO-78019,INV-916656,AUD,1.0
TX000596,2025-02-08,2025,1,2,February,D005,C012,V029,R02,P007,Telecommunications expense - Sales,Invoice,Posted,648.47,64.85,713.32,PO-69993,INV-235670,AUD,1.0
TX000597,2025-12-22,2025,4,12,December,D002,C016,V011,R01,P008,Insurance expense - Finance,Expense Claim,Posted,1099.69,109.97,1209.66,,,AUD,1.0
TX000598,2024-05-03,2024,2,5,May,D006,C018,V008,R01,P008,Freight & Logistics expense - Operations,Direct Debit,Posted,950.68,95.07,1045.75,,INV-151014,AUD,1.0
TX000599,2024-11-08,2024,4,11,November,D005,C006,V001,R01,P008,Travel expense - Sales,Direct Debit,Posted,320.11,32.01,352.12,,INV-693246,AUD,1.0
TX000600,2025-04-08,2025,2,4,April,D006,C011,V009,R02,P008,Office Supplies expense - Operations,Invoice,Posted,438.89,43.89,482.78,PO-52626,INV-193653,AUD,1.0
TX000601,2026-03-30,2026,1,3,March,D007,C012,V035,R01,P006,Telecommunications expense - Customer Service,Invoice,Posted,351.42,35.14,386.56,PO-92589,INV-934832,AUD,1.0
TX000602,2026-03-01,2026,1,3,March,D005,C012,V006,R03,P008,Telecommunications expense - Sales,Invoice,Posted,137.75,13.78,151.53,PO-34824,INV-887017,AUD,1.0
TX000603,2025-05-02,2025,2,5,May,D001,C001,V002,R03,P008,Software & SaaS expense - Information Technology,Direct Debit,Posted,694.49,69.45,763.94,,INV-188759,AUD,1.0
TX000604,2026-04-06,2026,2,4,April,D006,C011,V002,R02,P008,Office Supplies expense - Operations,Invoice,Posted,172.85,17.29,190.14,PO-21930,INV-220213,AUD,1.0
TX000605,2024-04-11,2024,2,4,April,D003,C006,V006,R01,P004,Travel expense - Human Resources,Expense Claim,Posted,638.29,63.83,702.12,,,AUD,1.0
TX000606,2024-11-01,2024,4,11,November,D007,C001,V021,R01,P007,Software & SaaS expense - Customer Service,Invoice,Posted,435.48,43.55,479.03,PO-25083,INV-382368,AUD,1.0
TX000607,2024-03-03,2024,1,3,March,D006,C011,V002,R02,P001,Office Supplies expense - Operations,Direct Debit,Accrued,190.25,19.03,209.28,,INV-807890,AUD,1.0
TX000608,2024-04-13,2024,2,4,April,D004,C010,V027,R03,P002,Events expense - Marketing,Invoice,Posted,494.88,49.49,544.37,PO-80836,INV-276358,AUD,1.0
TX000609,2026-03-11,2026,1,3,March,D004,C010,V029,R05,P008,Events expense - Marketing,Invoice,Posted,1527.24,152.72,1679.96,PO-42884,INV-980266,AUD,1.0
TX000610,2025-11-27,2025,4,11,November,D007,C007,V033,R04,P003,Training expense - Customer Service,Invoice,Posted,198.6,19.86,218.46,PO-26118,INV-970840,AUD,1.0
TX000611,2024-05-23,2024,2,5,May,D005,C010,V021,R01,P008,Events expense - Sales,Corporate Card,Posted,1123.42,112.34,1235.76,,,AUD,1.0
TX000612,2025-09-05,2025,3,9,September,D006,C003,V001,R04,P002,Hardware expense - Operations,Invoice,Posted,1126.06,112.61,1238.67,PO-95078,INV-782902,AUD,1.0
TX000613,2024-03-20,2024,1,3,March,D001,C020,V008,R04,P007,Customer Support Tools expense - Information Technology,Direct Debit,Posted,262.97,26.3,289.27,,INV-905270,AUD,1.0
TX000614,2026-04-11,2026,2,4,April,D001,C001,V029,R02,P008,Software & SaaS expense - Information Technology,Corporate Card,Posted,3907.66,390.77,4298.43,,,AUD,1.0
TX000615,2025-10-02,2025,4,10,October,D005,C019,V024,R01,P008,Vehicle Expenses expense - Sales,Corporate Card,Posted,257.32,25.73,283.05,,,AUD,1.0
TX000616,2026-04-20,2026,2,4,April,D007,C001,V032,R04,P008,Software & SaaS expense - Customer Service,Corporate Card,Posted,591.04,59.1,650.14,,,AUD,1.0
TX000617,2024-06-28,2024,2,6,June,D002,C007,V017,R01,P001,Training expense - Finance,Invoice,Posted,45,4.5,49.5,PO-99218,INV-687324,USD,1.5517
TX000618,2026-06-23,2026,2,6,June,D008,C003,V004,R05,P008,Hardware expense - Facilities,Direct Debit,Posted,2873.43,287.34,3160.77,,INV-643471,AUD,1.0
TX000619,2025-04-22,2025,2,4,April,D008,C011,V015,R02,P001,Office Supplies expense - Facilities,Invoice,Posted,236.2,23.62,259.82,PO-13325,INV-873266,AUD,1.0
TX000620,2024-08-19,2024,3,8,August,D007,C001,V022,R04,P003,Software & SaaS expense - Customer Service,Invoice,Posted,521.6,52.16,573.76,PO-87664,INV-935946,AUD,1.0
TX000621,2025-10-03,2025,4,10,October,D006,C006,V022,R01,P008,Travel expense - Operations,Invoice,Posted,697.76,69.78,767.54,PO-22539,INV-755725,AUD,1.0
TX000622,2025-04-02,2025,2,4,April,D002,C001,V025,R05,P008,Software & SaaS expense - Finance,Invoice,Accrued,206.52,20.65,227.17,PO-67923,INV-157450,AUD,1.0
TX000623,2024-11-04,2024,4,11,November,D007,C001,V004,R01,P001,Software & SaaS expense - Customer Service,Invoice,Posted,652.73,65.27,718.0,PO-88587,INV-925727,AUD,1.0
TX000624,2025-11-06,2025,4,11,November,D001,C004,V007,R02,P008,Contractors expense - Information Technology,Invoice,Posted,3246.7,324.67,3571.37,PO-88010,INV-847948,AUD,1.0
TX000625,2024-03-10,2024,1,3,March,D004,C010,V023,R01,P008,Events expense - Marketing,Invoice,Posted,833.49,83.35,916.84,PO-17928,INV-233882,AUD,1.0
TX000626,2024-11-15,2024,4,11,November,D007,C020,V020,R05,P008,Customer Support Tools expense - Customer Service,Invoice,Posted,913.18,91.32,1004.5,PO-48150,INV-486746,AUD,1.0
TX000627,2024-01-09,2024,1,1,January,D003,C001,V004,R01,P008,Software & SaaS expense - Human Resources,Invoice,Posted,882.82,88.28,971.1,PO-54767,INV-298553,AUD,1.0
TX000628,2025-11-14,2025,4,11,November,D008,C015,V022,R03,P008,Repairs & Maintenance expense - Facilities,Invoice,Posted,1577.78,157.78,1735.56,PO-23742,INV-576370,AUD,1.0
TX000629,2026-06-16,2026,2,6,June,D001,C004,V015,R01,P001,Contractors expense - Information Technology,Invoice,Posted,2656.07,265.61,2921.68,PO-53452,INV-946485,AUD,1.0
TX000630,2026-01-27,2026,1,1,January,D007,C004,V001,R02,P008,Contractors expense - Customer Service,Invoice,Posted,1377.5,137.75,1515.25,PO-35480,INV-762002,AUD,1.0
TX000631,2025-08-22,2025,3,8,August,D006,C003,V019,R05,P003,Hardware expense - Operations,Invoice,Posted,1361.67,136.17,1497.84,PO-44313,INV-206105,AUD,1.0
TX000632,2024-01-22,2024,1,1,January,D003,C007,V022,R03,P008,Training expense - Human Resources,Invoice,Posted,622.83,62.28,685.11,PO-79065,INV-937836,AUD,1.0
TX000633,2025-09-30,2025,3,9,September,D007,C001,V009,R01,P008,Software & SaaS expense - Customer Service,Invoice,Posted,1599.04,159.9,1758.94,PO-93380,INV-356428,AUD,1.0
TX000634,2024-02-17,2024,1,2,February,D004,C010,V016,R01,P002,Events expense - Marketing,Invoice,Posted,517.59,51.76,569.35,PO-76665,INV-506968,AUD,1.0
TX000635,2026-02-08,2026,1,2,February,D006,C011,V024,R02,P003,Office Supplies expense - Operations,Expense Claim,Posted,236.78,23.68,260.46,,,AUD,1.0
TX000636,2025-10-15,2025,4,10,October,D001,C002,V016,R01,P003,Cloud Services expense - Information Technology,Direct Debit,Accrued,1099.31,109.93,1209.24,,INV-492279,AUD,1.0
TX000637,2024-09-17,2024,3,9,September,D002,C004,V034,R03,P004,Contractors expense - Finance,Invoice,Posted,1053.17,105.32,1158.49,PO-71282,INV-553515,AUD,1.0
TX000638,2025-02-22,2025,1,2,February,D006,C011,V012,R01,P006,Office Supplies expense - Operations,Invoice,Posted,200.64,20.06,220.7,PO-75767,INV-637700,AUD,1.0
TX000639,2025-07-13,2025,3,7,July,D002,C017,V008,R01,P004,Legal & Compliance expense - Finance,Invoice,Posted,378.15,37.81,415.96,PO-99592,INV-986516,AUD,1.0
TX000640,2024-10-08,2024,4,10,October,D004,C011,V035,R03,P002,Office Supplies expense - Marketing,Direct Debit,Posted,52.02,5.2,57.22,,INV-708125,AUD,1.0
TX000641,2026-02-14,2026,1,2,February,D001,C004,V010,R03,P008,Contractors expense - Information Technology,Corporate Card,Posted,3063.61,306.36,3369.97,,,AUD,1.0
TX000642,2025-08-24,2025,3,8,August,D008,C015,V006,R04,P005,Repairs & Maintenance expense - Facilities,Direct Debit,Posted,413.16,41.32,454.48,,INV-571829,AUD,1.0
TX000643,2026-05-23,2026,2,5,May,D001,C003,V020,R01,P008,Hardware expense - Information Technology,Corporate Card,Posted,623.38,62.34,685.72,,,AUD,1.0
TX000644,2025-07-04,2025,3,7,July,D005,C009,V003,R02,P008,Advertising expense - Sales,Corporate Card,Posted,3446.23,344.62,3790.85,,,AUD,1.0
TX000645,2026-06-06,2026,2,6,June,D007,C012,V035,R01,P006,Telecommunications expense - Customer Service,Invoice,Posted,294.44,29.44,323.88,PO-32468,INV-209380,USD,1.5459
TX000646,2025-11-22,2025,4,11,November,D003,C001,V002,R04,P008,Software & SaaS expense - Human Resources,Invoice,Posted,2297.42,229.74,2527.16,PO-17530,INV-486559,AUD,1.0
TX000647,2025-06-14,2025,2,6,June,D001,C002,V026,R01,P008,Cloud Services expense - Information Technology,Invoice,Posted,811.76,81.18,892.94,PO-37063,INV-236243,AUD,1.0
TX000648,2026-06-10,2026,2,6,June,D004,C006,V031,R02,P008,Travel expense - Marketing,Invoice,Posted,177.93,17.79,195.72,PO-70156,INV-388820,AUD,1.0
TX000649,2024-07-25,2024,3,7,July,D001,C002,V016,R02,P008,Cloud Services expense - Information Technology,Direct Debit,Posted,1932.04,193.2,2125.24,,INV-873105,AUD,1.0
TX000650,2024-04-03,2024,2,4,April,D005,C019,V020,R04,P008,Vehicle Expenses expense - Sales,Direct Debit,Posted,376.84,37.68,414.52,,INV-747743,AUD,1.0
TX000651,2026-01-20,2026,1,1,January,D007,C012,V007,R02,P008,Telecommunications expense - Customer Service,Invoice,Posted,45,4.5,49.5,PO-92324,INV-663858,AUD,1.0
TX000652,2024-10-25,2024,4,10,October,D002,C016,V032,R03,P008,Insurance expense - Finance,Invoice,Posted,275.19,27.52,302.71,PO-76112,INV-903774,AUD,1.0
TX000653,2026-03-09,2026,1,3,March,D006,C011,V033,R02,P004,Office Supplies expense - Operations,Invoice,Posted,385.48,38.55,424.03,PO-35480,INV-515943,AUD,1.0
TX000654,2024-02-08,2024,1,2,February,D001,C003,V021,R01,P008,Hardware expense - Information Technology,Invoice,Posted,1338.02,133.8,1471.82,PO-67373,INV-247068,AUD,1.0
TX000655,2025-04-27,2025,2,4,April,D005,C006,V007,R01,P001,Travel expense - Sales,Corporate Card,Posted,311.21,31.12,342.33,,,AUD,1.0
TX000656,2024-01-12,2024,1,1,January,D005,C006,V003,R02,P003,Travel expense - Sales,Invoice,Posted,1472.76,147.28,1620.04,PO-78534,INV-772149,AUD,1.0
TX000657,2025-11-09,2025,4,11,November,D002,C006,V001,R03,P007,Travel expense - Finance,Invoice,Accrued,265.6,26.56,292.16,PO-36212,INV-195825,AUD,1.0
TX000658,2024-01-17,2024,1,1,January,D007,C001,V013,R05,P005,Software & SaaS expense - Customer Service,Expense Claim,Posted,1280.38,128.04,1408.42,,,AUD,1.0
TX000659,2025-11-11,2025,4,11,November,D003,C011,V007,R01,P007,Office Supplies expense - Human Resources,Corporate Card,Accrued,404.74,40.47,445.21,,,AUD,1.0
TX000660,2025-02-08,2025,1,2,February,D007,C001,V021,R01,P002,Software & SaaS expense - Customer Service,Invoice,Posted,495.4,49.54,544.94,PO-18652,INV-789922,AUD,1.0
TX000661,2026-04-14,2026,2,4,April,D005,C019,V014,R03,P001,Vehicle Expenses expense - Sales,Invoice,Posted,509.46,50.95,560.41,PO-84606,INV-279787,USD,1.5569
TX000662,2024-09-14,2024,3,9,September,D002,C007,V025,R01,P008,Training expense - Finance,Corporate Card,Posted,403.42,40.34,443.76,,,AUD,1.0
TX000663,2026-05-21,2026,2,5,May,D008,C003,V029,R01,P008,Hardware expense - Facilities,Invoice,Pending,583.4,58.34,641.74,PO-40488,INV-122243,AUD,1.0
TX000664,2025-09-23,2025,3,9,September,D002,C005,V016,R01,P007,Consulting expense - Finance,Invoice,Posted,1439.92,143.99,1583.91,PO-36789,INV-773226,AUD,1.0
TX000665,2024-02-08,2024,1,2,February,D004,C011,V022,R02,P008,Office Supplies expense - Marketing,Direct Debit,Posted,111.52,11.15,122.67,,INV-535047,AUD,1.0
TX000666,2025-10-25,2025,4,10,October,D005,C001,V022,R01,P008,Software & SaaS expense - Sales,Direct Debit,Posted,486.82,48.68,535.5,,INV-820738,AUD,1.0
TX000667,2025-12-13,2025,4,12,December,D004,C010,V012,R04,P008,Events expense - Marketing,Direct Debit,Posted,721.86,72.19,794.05,,INV-765181,AUD,1.0
TX000668,2024-05-24,2024,2,5,May,D004,C004,V014,R01,P008,Contractors expense - Marketing,Corporate Card,Posted,1153.48,115.35,1268.83,,,AUD,1.0
TX000669,2024-09-07,2024,3,9,September,D007,C004,V029,R03,P005,Contractors expense - Customer Service,Expense Claim,Posted,4094.34,409.43,4503.77,,,AUD,1.0
TX000670,2025-04-27,2025,2,4,April,D008,C013,V010,R02,P008,Rent expense - Facilities,Direct Debit,Accrued,920.81,92.08,1012.89,,INV-724094,AUD,1.0
TX000671,2025-07-04,2025,3,7,July,D003,C008,V030,R03,P004,Recruitment expense - Human Resources,Invoice,Posted,274.45,27.45,301.9,PO-71506,INV-305222,AUD,1.0
TX000672,2024-06-07,2024,2,6,June,D004,C001,V024,R01,P008,Software & SaaS expense - Marketing,Expense Claim,Posted,862.45,86.25,948.7,,,USD,1.506
TX000673,2025-10-18,2025,4,10,October,D002,C006,V008,R04,P008,Travel expense - Finance,Invoice,Posted,479.9,47.99,527.89,PO-55688,INV-634363,AUD,1.0
TX000674,2025-12-27,2025,4,12,December,D008,C015,V025,R03,P008,Repairs & Maintenance expense - Facilities,Corporate Card,Posted,1655.16,165.52,1820.68,,,AUD,1.0
TX000675,2024-09-24,2024,3,9,September,D008,C015,V011,R01,P004,Repairs & Maintenance expense - Facilities,Invoice,Accrued,5193.83,519.38,5713.21,PO-77965,INV-297995,AUD,1.0
TX000676,2026-06-16,2026,2,6,June,D007,C004,V020,R04,P004,Contractors expense - Customer Service,Direct Debit,Posted,1669.64,166.96,1836.6,,INV-889013,AUD,1.0
TX000677,2026-06-16,2026,2,6,June,D002,C001,V023,R03,P008,Software & SaaS expense - Finance,Invoice,Posted,1738.62,173.86,1912.48,PO-10841,INV-276578,AUD,1.0
TX000678,2026-04-15,2026,2,4,April,D008,C003,V027,R01,P008,Hardware expense - Facilities,Corporate Card,Posted,975.49,97.55,1073.04,,,AUD,1.0
TX000679,2025-12-21,2025,4,12,December,D003,C004,V008,R02,P008,Contractors expense - Human Resources,Invoice,Posted,1183.93,118.39,1302.32,PO-35150,INV-371950,AUD,1.0
TX000680,2026-06-11,2026,2,6,June,D007,C012,V011,R03,P008,Telecommunications expense - Customer Service,Invoice,Accrued,359.15,35.91,395.06,PO-97205,INV-710738,AUD,1.0
TX000681,2026-03-19,2026,1,3,March,D001,C001,V025,R01,P008,Software & SaaS expense - Information Technology,Invoice,Accrued,1310.14,131.01,1441.15,PO-51317,INV-956526,AUD,1.0
TX000682,2024-09-02,2024,3,9,September,D006,C019,V023,R02,P008,Vehicle Expenses expense - Operations,Direct Debit,Posted,386.75,38.68,425.43,,INV-656405,AUD,1.0
TX000683,2024-10-13,2024,4,10,October,D004,C006,V031,R02,P008,Travel expense - Marketing,Invoice,Accrued,714.22,71.42,785.64,PO-52229,INV-117438,AUD,1.0
TX000684,2025-10-10,2025,4,10,October,D006,C003,V029,R05,P008,Hardware expense - Operations,Corporate Card,Posted,457.1,45.71,502.81,,,AUD,1.0
TX000685,2025-05-02,2025,2,5,May,D002,C016,V010,R02,P008,Insurance expense - Finance,Invoice,Posted,1620.37,162.04,1782.41,PO-98219,INV-675402,AUD,1.0
TX000686,2026-06-14,2026,2,6,June,D008,C004,V031,R04,P008,Contractors expense - Facilities,Invoice,Posted,2195.69,219.57,2415.26,PO-21722,INV-210592,AUD,1.0
TX000687,2025-03-21,2025,1,3,March,D001,C002,V025,R05,P005,Cloud Services expense - Information Technology,Invoice,Accrued,2069.24,206.92,2276.16,PO-26134,INV-797802,AUD,1.0
TX000688,2024-05-19,2024,2,5,May,D008,C003,V015,R04,P005,Hardware expense - Facilities,Invoice,Posted,1279.0,127.9,1406.9,PO-60023,INV-785684,AUD,1.0
TX000689,2025-10-19,2025,4,10,October,D007,C004,V006,R01,P002,Contractors expense - Customer Service,Corporate Card,Accrued,781.11,78.11,859.22,,,AUD,1.0
TX000690,2025-08-09,2025,3,8,August,D006,C004,V001,R04,P008,Contractors expense - Operations,Invoice,Posted,920.35,92.04,1012.39,PO-57844,INV-936258,AUD,1.0
TX000691,2025-11-26,2025,4,11,November,D003,C008,V007,R03,P008,Recruitment expense - Human Resources,Invoice,Accrued,290.49,29.05,319.54,PO-38692,INV-624112,AUD,1.0
TX000692,2025-11-27,2025,4,11,November,D008,C004,V003,R03,P002,Contractors expense - Facilities,Expense Claim,Pending,2003.53,200.35,2203.88,,,AUD,1.0
TX000693,2025-12-24,2025,4,12,December,D008,C015,V025,R04,P008,Repairs & Maintenance expense - Facilities,Direct Debit,Posted,114.7,11.47,126.17,,INV-871464,AUD,1.0
TX000694,2024-02-23,2024,1,2,February,D003,C007,V011,R03,P004,Training expense - Human Resources,Expense Claim,Posted,145.09,14.51,159.6,,,AUD,1.0
TX000695,2025-06-24,2025,2,6,June,D005,C009,V026,R03,P003,Advertising expense - Sales,Direct Debit,Posted,1041.03,104.1,1145.13,,INV-844056,AUD,1.0
TX000696,2024-11-07,2024,4,11,November,D008,C015,V031,R01,P002,Repairs & Maintenance expense - Facilities,Invoice,Posted,405.71,40.57,446.28,PO-11197,INV-479821,AUD,1.0
TX000697,2026-01-13,2026,1,1,January,D002,C016,V025,R04,P008,Insurance expense - Finance,Direct Debit,Posted,1222.15,122.22,1344.37,,INV-596894,AUD,1.0
TX000698,2024-07-02,2024,3,7,July,D001,C001,V028,R05,P008,Software & SaaS expense - Information Technology,Invoice,Posted,879.97,88.0,967.97,PO-32608,INV-784507,AUD,1.0
TX000699,2026-02-02,2026,1,2,February,D007,C001,V025,R03,P008,Software & SaaS expense - Customer Service,Invoice,Posted,434.33,43.43,477.76,PO-74122,INV-772566,AUD,1.0
TX000700,2025-11-15,2025,4,11,November,D004,C001,V031,R02,P008,Software & SaaS expense - Marketing,Direct Debit,Posted,318.76,31.88,350.64,,INV-775908,AUD,1.0
TX000701,2025-12-20,2025,4,12,December,D007,C007,V005,R02,P002,Training expense - Customer Service,Invoice,Posted,2044.56,204.46,2249.02,PO-61615,INV-683071,AUD,1.0
TX000702,2026-04-17,2026,2,4,April,D008,C003,V008,R02,P008,Hardware expense - Facilities,Corporate Card,Posted,1341.48,134.15,1475.63,,,AUD,1.0
TX000703,2025-12-12,2025,4,12,December,D003,C001,V008,R02,P008,Software & SaaS expense - Human Resources,Invoice,Posted,1240.24,124.02,1364.26,PO-26346,INV-630734,AUD,1.0
TX000704,2024-11-01,2024,4,11,November,D006,C018,V001,R01,P008,Freight & Logistics expense - Operations,Invoice,Posted,879.21,87.92,967.13,PO-56152,INV-735617,AUD,1.0
TX000705,2025-07-05,2025,3,7,July,D004,C011,V016,R01,P008,Office Supplies expense - Marketing,Invoice,Posted,398.41,39.84,438.25,PO-46358,INV-234733,AUD,1.0
TX000706,2026-01-16,2026,1,1,January,D007,C001,V011,R02,P004,Software & SaaS expense - Customer Service,Invoice,Posted,869.13,86.91,956.04,PO-80242,INV-313660,AUD,1.0
TX000707,2024-03-13,2024,1,3,March,D005,C019,V024,R03,P003,Vehicle Expenses expense - Sales,Invoice,Posted,1051.43,105.14,1156.57,PO-51465,INV-926051,AUD,1.0
TX000708,2025-03-20,2025,1,3,March,D007,C001,V018,R05,P004,Software & SaaS expense - Customer Service,Corporate Card,Posted,1068.9,106.89,1175.79,,,AUD,1.0
TX000709,2024-10-06,2024,4,10,October,D003,C004,V015,R01,P002,Contractors expense - Human Resources,Direct Debit,Posted,1399.83,139.98,1539.81,,INV-421440,AUD,1.0
TX000710,2025-08-25,2025,3,8,August,D008,C003,V019,R02,P008,Hardware expense - Facilities,Direct Debit,Accrued,1052.49,105.25,1157.74,,INV-508486,AUD,1.0
TX000711,2024-07-04,2024,3,7,July,D006,C019,V026,R03,P008,Vehicle Expenses expense - Operations,Invoice,Posted,805.38,80.54,885.92,PO-26563,INV-249600,AUD,1.0
TX000712,2025-01-22,2025,1,1,January,D005,C001,V024,R04,P008,Software & SaaS expense - Sales,Corporate Card,Posted,1426.97,142.7,1569.67,,,AUD,1.0
TX000713,2024-12-28,2024,4,12,December,D008,C014,V034,R01,P008,Utilities expense - Facilities,Direct Debit,Posted,1192.49,119.25,1311.74,,INV-427928,AUD,1.0
TX000714,2026-05-15,2026,2,5,May,D002,C016,V006,R01,P008,Insurance expense - Finance,Invoice,Accrued,897.2,89.72,986.92,PO-65572,INV-809920,AUD,1.0
TX000715,2025-06-04,2025,2,6,June,D003,C007,V035,R02,P008,Training expense - Human Resources,Corporate Card,Posted,426.27,42.63,468.9,,,AUD,1.0
TX000716,2026-01-01,2026,1,1,January,D007,C020,V034,R03,P004,Customer Support Tools expense - Customer Service,Invoice,Accrued,924.87,92.49,1017.36,PO-78618,INV-336001,AUD,1.0
TX000717,2024-06-28,2024,2,6,June,D002,C005,V004,R04,P008,Consulting expense - Finance,Invoice,Accrued,1041.37,104.14,1145.51,PO-42737,INV-972128,AUD,1.0
TX000718,2025-07-06,2025,3,7,July,D002,C005,V014,R01,P004,Consulting expense - Finance,Direct Debit,Accrued,206.35,20.64,226.99,,INV-585550,USD,1.5273
TX000719,2025-09-24,2025,3,9,September,D008,C003,V022,R01,P008,Hardware expense - Facilities,Invoice,Posted,664.73,66.47,731.2,PO-11161,INV-206260,AUD,1.0
TX000720,2025-03-17,2025,1,3,March,D008,C004,V010,R01,P008,Contractors expense - Facilities,Invoice,Posted,444.32,44.43,488.75,PO-71695,INV-514563,AUD,1.0
TX000721,2025-01-18,2025,1,1,January,D005,C009,V018,R02,P003,Advertising expense - Sales,Direct Debit,Posted,589.17,58.92,648.09,,INV-555040,AUD,1.0
TX000722,2024-01-06,2024,1,1,January,D006,C019,V003,R01,P003,Vehicle Expenses expense - Operations,Invoice,Posted,369.19,36.92,406.11,PO-72822,INV-797557,AUD,1.0
TX000723,2024-09-29,2024,3,9,September,D002,C006,V009,R02,P008,Travel expense - Finance,Direct Debit,Accrued,192.16,19.22,211.38,,INV-984015,AUD,1.0
TX000724,2026-04-25,2026,2,4,April,D007,C004,V002,R01,P002,Contractors expense - Customer Service,Invoice,Posted,800.43,80.04,880.47,PO-54845,INV-550536,AUD,1.0
TX000725,2025-09-03,2025,3,9,September,D001,C004,V006,R02,P004,Contractors expense - Information Technology,Invoice,Posted,2604.05,260.41,2864.46,PO-25075,INV-376331,AUD,1.0
TX000726,2025-12-18,2025,4,12,December,D004,C011,V007,R04,P003,Office Supplies expense - Marketing,Invoice,Posted,373.8,37.38,411.18,PO-40065,INV-226312,USD,1.5387
TX000727,2024-05-15,2024,2,5,May,D007,C001,V010,R01,P003,Software & SaaS expense - Customer Service,Invoice,Posted,780.96,78.1,859.06,PO-50166,INV-834169,AUD,1.0
TX000728,2025-10-10,2025,4,10,October,D004,C004,V033,R01,P008,Contractors expense - Marketing,Invoice,Accrued,1509.66,150.97,1660.63,PO-64797,INV-358965,AUD,1.0
TX000729,2024-11-23,2024,4,11,November,D001,C002,V021,R01,P001,Cloud Services expense - Information Technology,Direct Debit,Posted,660.83,66.08,726.91,,INV-615151,AUD,1.0
TX000730,2025-01-07,2025,1,1,January,D006,C006,V009,R01,P008,Travel expense - Operations,Invoice,Posted,215.98,21.6,237.58,PO-58705,INV-349825,AUD,1.0
TX000731,2025-10-27,2025,4,10,October,D005,C006,V007,R02,P002,Travel expense - Sales,Direct Debit,Posted,207.11,20.71,227.82,,INV-838889,AUD,1.0
TX000732,2025-04-01,2025,2,4,April,D002,C001,V020,R05,P008,Software & SaaS expense - Finance,Invoice,Posted,253.31,25.33,278.64,PO-43099,INV-896241,AUD,1.0
TX000733,2026-05-23,2026,2,5,May,D006,C006,V028,R02,P008,Travel expense - Operations,Direct Debit,Posted,259.14,25.91,285.05,,INV-728258,AUD,1.0
TX000734,2024-10-07,2024,4,10,October,D003,C006,V013,R01,P008,Travel expense - Human Resources,Corporate Card,Pending,1128.63,112.86,1241.49,,,AUD,1.0
TX000735,2024-06-18,2024,2,6,June,D008,C016,V025,R02,P008,Insurance expense - Facilities,Invoice,Posted,373.05,37.3,410.35,PO-11161,INV-929053,AUD,1.0
TX000736,2025-06-09,2025,2,6,June,D008,C014,V020,R03,P008,Utilities expense - Facilities,Invoice,Posted,1270.05,127.0,1397.05,PO-79935,INV-349788,AUD,1.0
TX000737,2024-10-25,2024,4,10,October,D001,C012,V009,R01,P008,Telecommunications expense - Information Technology,Corporate Card,Posted,94.88,9.49,104.37,,,AUD,1.0
TX000738,2025-07-01,2025,3,7,July,D002,C001,V024,R03,P008,Software & SaaS expense - Finance,Invoice,Posted,1956.79,195.68,2152.47,PO-17505,INV-756361,AUD,1.0
TX000739,2026-04-15,2026,2,4,April,D001,C020,V018,R01,P008,Customer Support Tools expense - Information Technology,Direct Debit,Posted,6956.73,695.67,7652.4,,INV-881996,AUD,1.0
TX000740,2025-12-05,2025,4,12,December,D007,C007,V014,R04,P008,Training expense - Customer Service,Invoice,Posted,468.67,46.87,515.54,PO-61834,INV-263201,AUD,1.0
TX000741,2025-04-01,2025,2,4,April,D004,C011,V031,R03,P005,Office Supplies expense - Marketing,Invoice,Posted,117.33,11.73,129.06,PO-74293,INV-864915,AUD,1.0
TX000742,2024-07-03,2024,3,7,July,D005,C001,V026,R01,P008,Software & SaaS expense - Sales,Invoice,Posted,1345.59,134.56,1480.15,PO-94557,INV-522056,AUD,1.0
TX000743,2024-04-12,2024,2,4,April,D003,C011,V007,R03,P001,Office Supplies expense - Human Resources,Direct Debit,Posted,189.28,18.93,208.21,,INV-145864,AUD,1.0
TX000744,2024-05-15,2024,2,5,May,D004,C001,V001,R01,P008,Software & SaaS expense - Marketing,Direct Debit,Posted,2270.54,227.05,2497.59,,INV-245993,AUD,1.0
TX000745,2025-05-06,2025,2,5,May,D008,C016,V010,R01,P005,Insurance expense - Facilities,Invoice,Posted,215.88,21.59,237.47,PO-15836,INV-207809,AUD,1.0
TX000746,2025-07-11,2025,3,7,July,D005,C001,V010,R02,P008,Software & SaaS expense - Sales,Invoice,Accrued,564.29,56.43,620.72,PO-99707,INV-503433,AUD,1.0
TX000747,2025-12-04,2025,4,12,December,D002,C006,V007,R01,P002,Travel expense - Finance,Invoice,Posted,1132.72,113.27,1245.99,PO-21115,INV-145452,AUD,1.0
TX000748,2025-09-11,2025,3,9,September,D003,C004,V012,R02,P005,Contractors expense - Human Resources,Corporate Card,Posted,2186.94,218.69,2405.63,,,AUD,1.0
TX000749,2024-12-22,2024,4,12,December,D002,C005,V017,R04,P008,Consulting expense - Finance,Invoice,Accrued,4881.64,488.16,5369.8,PO-29482,INV-915565,AUD,1.0
TX000750,2025-11-02,2025,4,11,November,D003,C006,V031,R01,P007,Travel expense - Human Resources,Invoice,Posted,1065.52,106.55,1172.07,PO-52343,INV-233730,AUD,1.0
TX000751,2024-07-05,2024,3,7,July,D007,C007,V027,R01,P007,Training expense - Customer Service,Invoice,Accrued,398.24,39.82,438.06,PO-60224,INV-538996,AUD,1.0
TX000752,2025-07-16,2025,3,7,July,D008,C014,V015,R02,P008,Utilities expense - Facilities,Invoice,Posted,523.94,52.39,576.33,PO-38748,INV-837246,AUD,1.0
TX000753,2024-03-30,2024,1,3,March,D004,C006,V002,R01,P008,Travel expense - Marketing,Invoice,Accrued,482.11,48.21,530.32,PO-57298,INV-989980,AUD,1.0
TX000754,2026-05-19,2026,2,5,May,D003,C006,V027,R02,P008,Travel expense - Human Resources,Invoice,Accrued,98.54,9.85,108.39,PO-28753,INV-495796,AUD,1.0
TX000755,2026-01-20,2026,1,1,January,D001,C012,V007,R05,P006,Telecommunications expense - Information Technology,Direct Debit,Posted,487.54,48.75,536.29,,INV-482986,AUD,1.0
TX000756,2024-05-24,2024,2,5,May,D002,C004,V027,R01,P008,Contractors expense - Finance,Corporate Card,Posted,960.38,96.04,1056.42,,,AUD,1.0
TX000757,2024-11-02,2024,4,11,November,D008,C013,V001,R03,P007,Rent expense - Facilities,Direct Debit,Posted,1806.28,180.63,1986.91,,INV-627743,AUD,1.0
TX000758,2024-06-13,2024,2,6,June,D001,C004,V030,R04,P008,Contractors expense - Information Technology,Direct Debit,Posted,2508.15,250.82,2758.97,,INV-544250,AUD,1.0
TX000759,2024-06-09,2024,2,6,June,D005,C001,V009,R02,P008,Software & SaaS expense - Sales,Invoice,Posted,1684.94,168.49,1853.43,PO-83307,INV-734475,AUD,1.0
TX000760,2026-05-11,2026,2,5,May,D002,C017,V026,R03,P008,Legal & Compliance expense - Finance,Direct Debit,Posted,1011.75,101.18,1112.93,,INV-213666,AUD,1.0
TX000761,2024-04-16,2024,2,4,April,D002,C005,V002,R03,P008,Consulting expense - Finance,Invoice,Posted,819.05,81.91,900.96,PO-50516,INV-296863,AUD,1.0
TX000762,2025-07-18,2025,3,7,July,D004,C011,V006,R05,P004,Office Supplies expense - Marketing,Invoice,Accrued,328.53,32.85,361.38,PO-11111,INV-473973,AUD,1.0
TX000763,2026-02-08,2026,1,2,February,D005,C010,V026,R02,P005,Events expense - Sales,Invoice,Posted,1038.28,103.83,1142.11,PO-29685,INV-124835,AUD,1.0
TX000764,2025-08-24,2025,3,8,August,D007,C012,V019,R02,P008,Telecommunications expense - Customer Service,Invoice,Accrued,98.59,9.86,108.45,PO-40352,INV-326122,AUD,1.0
TX000765,2026-04-06,2026,2,4,April,D003,C011,V034,R01,P008,Office Supplies expense - Human Resources,Invoice,Posted,252.95,25.3,278.25,PO-91719,INV-997531,AUD,1.0
TX000766,2025-03-17,2025,1,3,March,D001,C012,V014,R03,P006,Telecommunications expense - Information Technology,Expense Claim,Posted,1516.2,151.62,1667.82,,,AUD,1.0
TX000767,2026-02-23,2026,1,2,February,D005,C012,V006,R04,P008,Telecommunications expense - Sales,Invoice,Posted,387.89,38.79,426.68,PO-85564,INV-480977,AUD,1.0
TX000768,2024-12-27,2024,4,12,December,D002,C001,V017,R01,P008,Software & SaaS expense - Finance,Direct Debit,Pending,1834.58,183.46,2018.04,,INV-611976,AUD,1.0
TX000769,2024-02-10,2024,1,2,February,D006,C006,V009,R02,P008,Travel expense - Operations,Corporate Card,Posted,577.41,57.74,635.15,,,AUD,1.0
TX000770,2025-02-27,2025,1,2,February,D008,C011,V003,R04,P008,Office Supplies expense - Facilities,Corporate Card,Posted,343.58,34.36,377.94,,,AUD,1.0
TX000771,2024-01-09,2024,1,1,January,D003,C001,V026,R01,P003,Software & SaaS expense - Human Resources,Direct Debit,Posted,1796.7,179.67,1976.37,,INV-591246,AUD,1.0
TX000772,2025-10-19,2025,4,10,October,D008,C003,V026,R01,P008,Hardware expense - Facilities,Invoice,Pending,1367.94,136.79,1504.73,PO-73739,INV-322964,AUD,1.0
TX000773,2025-12-20,2025,4,12,December,D008,C003,V010,R01,P001,Hardware expense - Facilities,Expense Claim,Posted,624.5,62.45,686.95,,,AUD,1.0
TX000774,2026-04-07,2026,2,4,April,D006,C011,V014,R05,P003,Office Supplies expense - Operations,Corporate Card,Posted,307.15,30.71,337.86,,,AUD,1.0
TX000775,2025-02-18,2025,1,2,February,D002,C005,V027,R04,P008,Consulting expense - Finance,Invoice,Posted,1346.05,134.6,1480.65,PO-66168,INV-458633,AUD,1.0
TX000776,2026-02-10,2026,1,2,February,D005,C006,V031,R01,P008,Travel expense - Sales,Invoice,Posted,609.97,61.0,670.97,PO-84752,INV-508040,AUD,1.0
TX000777,2026-04-22,2026,2,4,April,D001,C005,V005,R04,P008,Consulting expense - Information Technology,Invoice,Posted,2412.17,241.22,2653.39,PO-51486,INV-114875,AUD,1.0
TX000778,2024-06-03,2024,2,6,June,D008,C004,V027,R02,P005,Contractors expense - Facilities,Expense Claim,Posted,555.38,55.54,610.92,,,AUD,1.0
TX000779,2025-10-11,2025,4,10,October,D008,C015,V014,R05,P002,Repairs & Maintenance expense - Facilities,Corporate Card,Posted,819.86,81.99,901.85,,,AUD,1.0
TX000780,2024-08-09,2024,3,8,August,D006,C004,V001,R05,P008,Contractors expense - Operations,Invoice,Posted,1282.02,128.2,1410.22,PO-26350,INV-833287,AUD,1.0
TX000781,2025-05-26,2025,2,5,May,D008,C013,V035,R02,P005,Rent expense - Facilities,Invoice,Posted,2297.4,229.74,2527.14,PO-47359,INV-986142,AUD,1.0
TX000782,2025-11-06,2025,4,11,November,D007,C007,V007,R03,P008,Training expense - Customer Service,Corporate Card,Posted,64.84,6.48,71.32,,,AUD,1.0
TX000783,2026-02-08,2026,1,2,February,D002,C016,V003,R02,P008,Insurance expense - Finance,Invoice,Posted,1904.4,190.44,2094.84,PO-25007,INV-305059,AUD,1.0
TX000784,2026-05-26,2026,2,5,May,D008,C003,V030,R01,P008,Hardware expense - Facilities,Corporate Card,Posted,476.36,47.64,524.0,,,AUD,1.0
TX000785,2025-01-18,2025,1,1,January,D004,C010,V017,R01,P008,Events expense - Marketing,Invoice,Posted,854.69,85.47,940.16,PO-66363,INV-353578,AUD,1.0
TX000786,2025-07-23,2025,3,7,July,D007,C004,V004,R03,P006,Contractors expense - Customer Service,Invoice,Pending,4175.54,417.55,4593.09,PO-32769,INV-522700,AUD,1.0
TX000787,2024-11-21,2024,4,11,November,D003,C007,V009,R01,P008,Training expense - Human Resources,Direct Debit,Posted,281.94,28.19,310.13,,INV-372871,AUD,1.0
TX000788,2026-05-07,2026,2,5,May,D003,C006,V028,R01,P002,Travel expense - Human Resources,Invoice,Posted,209.73,20.97,230.7,PO-27111,INV-575745,USD,1.5358
TX000789,2025-10-11,2025,4,10,October,D006,C004,V020,R01,P008,Contractors expense - Operations,Invoice,Posted,7540.69,754.07,8294.76,PO-20874,INV-250753,AUD,1.0
TX000790,2025-10-04,2025,4,10,October,D001,C012,V008,R05,P008,Telecommunications expense - Information Technology,Invoice,Accrued,341.44,34.14,375.58,PO-22160,INV-181140,AUD,1.0
TX000791,2025-05-21,2025,2,5,May,D006,C004,V002,R02,P008,Contractors expense - Operations,Corporate Card,Posted,1342.72,134.27,1476.99,,,AUD,1.0
TX000792,2026-06-30,2026,2,6,June,D006,C019,V012,R04,P008,Vehicle Expenses expense - Operations,Direct Debit,Posted,1454.6,145.46,1600.06,,INV-463629,AUD,1.0
TX000793,2025-05-10,2025,2,5,May,D001,C002,V008,R02,P004,Cloud Services expense - Information Technology,Invoice,Posted,379.39,37.94,417.33,PO-38437,INV-130930,AUD,1.0
TX000794,2024-12-01,2024,4,12,December,D003,C004,V009,R01,P008,Contractors expense - Human Resources,Expense Claim,Posted,936.15,93.62,1029.77,,,AUD,1.0
TX000795,2024-10-28,2024,4,10,October,D008,C015,V026,R04,P007,Repairs & Maintenance expense - Facilities,Invoice,Posted,1146.66,114.67,1261.33,PO-61488,INV-207892,AUD,1.0
TX000796,2025-08-20,2025,3,8,August,D005,C006,V032,R04,P008,Travel expense - Sales,Corporate Card,Posted,578.34,57.83,636.17,,,AUD,1.0
TX000797,2024-04-20,2024,2,4,April,D007,C012,V005,R01,P005,Telecommunications expense - Customer Service,Expense Claim,Posted,215.82,21.58,237.4,,,AUD,1.0
TX000798,2025-09-10,2025,3,9,September,D006,C011,V021,R01,P003,Office Supplies expense - Operations,Invoice,Posted,198.76,19.88,218.64,PO-29010,INV-917380,AUD,1.0
TX000799,2024-11-17,2024,4,11,November,D002,C001,V022,R01,P001,Software & SaaS expense - Finance,Invoice,Posted,426.8,42.68,469.48,PO-47173,INV-731035,AUD,1.0
TX000800,2024-08-05,2024,3,8,August,D004,C001,V005,R02,P008,Software & SaaS expense - Marketing,Corporate Card,Posted,1308.63,130.86,1439.49,,,AUD,1.0
TX000801,2024-07-21,2024,3,7,July,D004,C001,V018,R04,P008,Software & SaaS expense - Marketing,Invoice,Posted,890.75,89.08,979.83,PO-85551,INV-122301,AUD,1.0
TX000802,2024-10-18,2024,4,10,October,D001,C012,V001,R04,P008,Telecommunications expense - Information Technology,Direct Debit,Accrued,815.17,81.52,896.69,,INV-653138,AUD,1.0
TX000803,2024-02-10,2024,1,2,February,D006,C019,V027,R01,P008,Vehicle Expenses expense - Operations,Corporate Card,Posted,1238.26,123.83,1362.09,,,AUD,1.0
TX000804,2024-11-16,2024,4,11,November,D008,C014,V030,R01,P004,Utilities expense - Facilities,Direct Debit,Accrued,650.93,65.09,716.02,,INV-207734,AUD,1.0
TX000805,2024-01-30,2024,1,1,January,D004,C001,V021,R04,P002,Software & SaaS expense - Marketing,Invoice,Posted,5399.23,539.92,5939.15,PO-58349,INV-955792,AUD,1.0
TX000806,2025-07-04,2025,3,7,July,D001,C012,V003,R04,P004,Telecommunications expense - Information Technology,Corporate Card,Posted,172.09,17.21,189.3,,,AUD,1.0
TX000807,2024-06-23,2024,2,6,June,D003,C008,V010,R02,P002,Recruitment expense - Human Resources,Invoice,Posted,1080.17,108.02,1188.19,PO-85744,INV-601142,AUD,1.0
TX000808,2025-11-08,2025,4,11,November,D008,C011,V015,R01,P008,Office Supplies expense - Facilities,Direct Debit,Posted,338.34,33.83,372.17,,INV-997437,AUD,1.0
TX000809,2024-07-29,2024,3,7,July,D002,C001,V001,R05,P001,Software & SaaS expense - Finance,Invoice,Posted,1510.54,151.05,1661.59,PO-87401,INV-898598,AUD,1.0
TX000810,2025-06-24,2025,2,6,June,D006,C006,V033,R03,P008,Travel expense - Operations,Invoice,Posted,1196.55,119.66,1316.21,PO-62455,INV-297083,AUD,1.0
TX000811,2024-03-11,2024,1,3,March,D005,C010,V007,R01,P005,Events expense - Sales,Direct Debit,Posted,1825.89,182.59,2008.48,,INV-794037,AUD,1.0
TX000812,2025-06-27,2025,2,6,June,D008,C011,V006,R01,P008,Office Supplies expense - Facilities,Invoice,Posted,175.21,17.52,192.73,PO-67847,INV-385830,AUD,1.0
TX000813,2025-01-13,2025,1,1,January,D002,C001,V028,R03,P008,Software & SaaS expense - Finance,Invoice,Posted,615.18,61.52,676.7,PO-77976,INV-554626,AUD,1.0
TX000814,2024-04-21,2024,2,4,April,D001,C012,V008,R01,P002,Telecommunications expense - Information Technology,Invoice,Posted,281.81,28.18,309.99,PO-63026,INV-510945,AUD,1.0
TX000815,2025-02-06,2025,1,2,February,D002,C004,V018,R03,P008,Contractors expense - Finance,Invoice,Posted,1654.22,165.42,1819.64,PO-47745,INV-869531,AUD,1.0
TX000816,2024-01-04,2024,1,1,January,D002,C004,V031,R02,P008,Contractors expense - Finance,Corporate Card,Posted,2230.53,223.05,2453.58,,,AUD,1.0
TX000817,2025-04-11,2025,2,4,April,D003,C001,V002,R03,P007,Software & SaaS expense - Human Resources,Invoice,Posted,569.14,56.91,626.05,PO-87857,INV-469249,AUD,1.0
TX000818,2025-04-30,2025,2,4,April,D001,C004,V003,R04,P008,Contractors expense - Information Technology,Expense Claim,Posted,4302.04,430.2,4732.24,,,AUD,1.0
TX000819,2024-06-20,2024,2,6,June,D003,C001,V022,R01,P008,Software & SaaS expense - Human Resources,Expense Claim,Posted,794.61,79.46,874.07,,,AUD,1.0
TX000820,2025-01-08,2025,1,1,January,D008,C003,V022,R04,P005,Hardware expense - Facilities,Corporate Card,Posted,1021.28,102.13,1123.41,,,AUD,1.0
TX000821,2025-02-24,2025,1,2,February,D004,C011,V002,R05,P005,Office Supplies expense - Marketing,Expense Claim,Posted,62.41,6.24,68.65,,,AUD,1.0
TX000822,2024-07-17,2024,3,7,July,D007,C001,V035,R05,P008,Software & SaaS expense - Customer Service,Expense Claim,Posted,2541.32,254.13,2795.45,,,AUD,1.0
TX000823,2025-11-26,2025,4,11,November,D006,C006,V018,R02,P007,Travel expense - Operations,Invoice,Posted,522.62,52.26,574.88,PO-66814,INV-933966,AUD,1.0
TX000824,2025-04-10,2025,2,4,April,D006,C006,V010,R01,P001,Travel expense - Operations,Expense Claim,Posted,475.14,47.51,522.65,,,AUD,1.0
TX000825,2024-11-06,2024,4,11,November,D008,C011,V030,R01,P004,Office Supplies expense - Facilities,Corporate Card,Posted,97.51,9.75,107.26,,,AUD,1.0
TX000826,2025-03-16,2025,1,3,March,D006,C019,V009,R04,P001,Vehicle Expenses expense - Operations,Direct Debit,Posted,636.86,63.69,700.55,,INV-262568,AUD,1.0
TX000827,2024-03-29,2024,1,3,March,D005,C006,V006,R05,P003,Travel expense - Sales,Corporate Card,Posted,1416.82,141.68,1558.5,,,AUD,1.0
TX000828,2024-04-10,2024,2,4,April,D005,C009,V028,R02,P003,Advertising expense - Sales,Invoice,Posted,2028.93,202.89,2231.82,PO-27785,INV-536535,AUD,1.0
TX000829,2025-07-21,2025,3,7,July,D004,C006,V030,R01,P004,Travel expense - Marketing,Direct Debit,Posted,549.55,54.95,604.5,,INV-563367,AUD,1.0
TX000830,2025-12-11,2025,4,12,December,D006,C018,V030,R05,P008,Freight & Logistics expense - Operations,Expense Claim,Accrued,1094.35,109.44,1203.79,,,AUD,1.0
TX000831,2024-01-28,2024,1,1,January,D007,C001,V020,R03,P008,Software & SaaS expense - Customer Service,Invoice,Accrued,2407.9,240.79,2648.69,PO-48449,INV-156136,AUD,1.0
TX000832,2026-02-12,2026,1,2,February,D007,C004,V034,R02,P001,Contractors expense - Customer Service,Invoice,Posted,1578.86,157.89,1736.75,PO-53710,INV-723210,AUD,1.0
TX000833,2024-04-09,2024,2,4,April,D005,C012,V004,R02,P005,Telecommunications expense - Sales,Invoice,Posted,120.39,12.04,132.43,PO-77667,INV-251154,AUD,1.0
TX000834,2025-07-29,2025,3,7,July,D008,C004,V010,R01,P008,Contractors expense - Facilities,Expense Claim,Posted,1149.2,114.92,1264.12,,,AUD,1.0
TX000835,2025-12-05,2025,4,12,December,D004,C001,V008,R01,P003,Software & SaaS expense - Marketing,Invoice,Posted,1034.46,103.45,1137.91,PO-61211,INV-158356,AUD,1.0
TX000836,2024-05-04,2024,2,5,May,D005,C010,V016,R02,P003,Events expense - Sales,Direct Debit,Posted,2051.7,205.17,2256.87,,INV-747137,AUD,1.0
TX000837,2024-05-06,2024,2,5,May,D007,C004,V016,R03,P003,Contractors expense - Customer Service,Invoice,Posted,323.39,32.34,355.73,PO-97495,INV-204878,AUD,1.0
TX000838,2025-08-25,2025,3,8,August,D008,C011,V007,R03,P006,Office Supplies expense - Facilities,Invoice,Posted,173.31,17.33,190.64,PO-61043,INV-111554,AUD,1.0
TX000839,2025-08-17,2025,3,8,August,D005,C001,V029,R03,P008,Software & SaaS expense - Sales,Corporate Card,Pending,3062.04,306.2,3368.24,,,AUD,1.0
TX000840,2025-01-01,2025,1,1,January,D004,C006,V033,R04,P008,Travel expense - Marketing,Invoice,Posted,253.62,25.36,278.98,PO-46482,INV-923091,AUD,1.0
TX000841,2026-02-19,2026,1,2,February,D005,C010,V031,R01,P008,Events expense - Sales,Corporate Card,Accrued,575.76,57.58,633.34,,,AUD,1.0
TX000842,2026-03-05,2026,1,3,March,D005,C006,V023,R03,P008,Travel expense - Sales,Invoice,Posted,1278.92,127.89,1406.81,PO-40369,INV-201229,AUD,1.0
TX000843,2025-11-12,2025,4,11,November,D002,C006,V015,R05,P008,Travel expense - Finance,Direct Debit,Accrued,999.07,99.91,1098.98,,INV-892528,AUD,1.0
TX000844,2025-03-06,2025,1,3,March,D002,C001,V005,R03,P002,Software & SaaS expense - Finance,Corporate Card,Posted,886.71,88.67,975.38,,,AUD,1.0
TX000845,2024-04-20,2024,2,4,April,D008,C013,V013,R01,P008,Rent expense - Facilities,Corporate Card,Posted,1158.32,115.83,1274.15,,,AUD,1.0
TX000846,2025-03-20,2025,1,3,March,D004,C001,V007,R02,P008,Software & SaaS expense - Marketing,Invoice,Posted,2203.67,220.37,2424.04,PO-34288,INV-815507,AUD,1.0
TX000847,2026-01-17,2026,1,1,January,D008,C004,V031,R04,P008,Contractors expense - Facilities,Direct Debit,Posted,1669.5,166.95,1836.45,,INV-560197,AUD,1.0
TX000848,2025-03-13,2025,1,3,March,D007,C001,V034,R02,P002,Software & SaaS expense - Customer Service,Invoice,Posted,745.04,74.5,819.54,PO-39362,INV-961224,AUD,1.0
TX000849,2024-10-23,2024,4,10,October,D005,C010,V011,R03,P001,Events expense - Sales,Direct Debit,Posted,1505.51,150.55,1656.06,,INV-159399,AUD,1.0
TX000850,2025-07-13,2025,3,7,July,D002,C007,V017,R02,P008,Training expense - Finance,Invoice,Posted,340.55,34.05,374.6,PO-17784,INV-246054,AUD,1.0
TX000851,2024-07-28,2024,3,7,July,D006,C019,V032,R04,P001,Vehicle Expenses expense - Operations,Invoice,Accrued,1154.32,115.43,1269.75,PO-45456,INV-858466,AUD,1.0
TX000852,2024-02-12,2024,1,2,February,D002,C001,V023,R02,P004,Software & SaaS expense - Finance,Direct Debit,Posted,881.18,88.12,969.3,,INV-911192,USD,1.4532
TX000853,2026-03-11,2026,1,3,March,D004,C010,V002,R03,P006,Events expense - Marketing,Direct Debit,Posted,1294.6,129.46,1424.06,,INV-547567,AUD,1.0
TX000854,2025-07-16,2025,3,7,July,D003,C001,V024,R02,P008,Software & SaaS expense - Human Resources,Direct Debit,Posted,748.03,74.8,822.83,,INV-110537,AUD,1.0
TX000855,2024-08-20,2024,3,8,August,D007,C020,V001,R02,P008,Customer Support Tools expense - Customer Service,Invoice,Posted,1370.04,137.0,1507.04,PO-47040,INV-145843,AUD,1.0
TX000856,2024-11-17,2024,4,11,November,D006,C018,V019,R03,P004,Freight & Logistics expense - Operations,Corporate Card,Posted,705.16,70.52,775.68,,,AUD,1.0
TX000857,2025-07-10,2025,3,7,July,D004,C009,V015,R03,P008,Advertising expense - Marketing,Invoice,Posted,1301.54,130.15,1431.69,PO-42008,INV-652436,AUD,1.0
TX000858,2024-09-30,2024,3,9,September,D006,C019,V023,R02,P002,Vehicle Expenses expense - Operations,Invoice,Pending,1036.03,103.6,1139.63,PO-40216,INV-419751,AUD,1.0
TX000859,2026-01-29,2026,1,1,January,D004,C001,V010,R01,P008,Software & SaaS expense - Marketing,Expense Claim,Posted,721.9,72.19,794.09,,,AUD,1.0
TX000860,2024-10-03,2024,4,10,October,D005,C012,V006,R02,P008,Telecommunications expense - Sales,Invoice,Posted,333.98,33.4,367.38,PO-59719,INV-293385,AUD,1.0
TX000861,2025-11-06,2025,4,11,November,D007,C020,V035,R01,P005,Customer Support Tools expense - Customer Service,Invoice,Posted,211.88,21.19,233.07,PO-13584,INV-457506,AUD,1.0
TX000862,2026-01-13,2026,1,1,January,D007,C012,V004,R04,P008,Telecommunications expense - Customer Service,Expense Claim,Posted,942.64,94.26,1036.9,,,AUD,1.0
TX000863,2025-07-01,2025,3,7,July,D008,C013,V034,R02,P008,Rent expense - Facilities,Invoice,Posted,1151.02,115.1,1266.12,PO-84852,INV-513769,USD,1.5657
TX000864,2024-02-09,2024,1,2,February,D005,C009,V001,R01,P004,Advertising expense - Sales,Invoice,Posted,471.25,47.12,518.37,PO-70650,INV-118105,AUD,1.0
TX000865,2025-03-26,2025,1,3,March,D001,C004,V014,R01,P005,Contractors expense - Information Technology,Invoice,Posted,1260.04,126.0,1386.04,PO-18394,INV-561834,AUD,1.0
TX000866,2024-07-03,2024,3,7,July,D005,C009,V015,R01,P008,Advertising expense - Sales,Corporate Card,Posted,1758.22,175.82,1934.04,,,AUD,1.0
TX000867,2024-02-09,2024,1,2,February,D003,C011,V021,R02,P007,Office Supplies expense - Human Resources,Corporate Card,Posted,146.38,14.64,161.02,,,AUD,1.0
TX000868,2026-01-05,2026,1,1,January,D001,C005,V033,R01,P002,Consulting expense - Information Technology,Invoice,Posted,1054.24,105.42,1159.66,PO-99262,INV-536175,AUD,1.0
TX000869,2024-03-14,2024,1,3,March,D007,C007,V024,R01,P005,Training expense - Customer Service,Corporate Card,Pending,194.05,19.41,213.46,,,AUD,1.0
TX000870,2025-09-28,2025,3,9,September,D001,C002,V010,R01,P004,Cloud Services expense - Information Technology,Invoice,Posted,2769.06,276.91,3045.97,PO-86216,INV-847467,AUD,1.0
TX000871,2024-12-18,2024,4,12,December,D004,C009,V010,R04,P001,Advertising expense - Marketing,Invoice,Posted,2975.39,297.54,3272.93,PO-64798,INV-665148,AUD,1.0
TX000872,2026-01-20,2026,1,1,January,D002,C017,V031,R04,P008,Legal & Compliance expense - Finance,Invoice,Posted,936.65,93.67,1030.32,PO-41985,INV-444650,AUD,1.0
TX000873,2024-09-05,2024,3,9,September,D006,C004,V008,R02,P008,Contractors expense - Operations,Expense Claim,Posted,2607.6,260.76,2868.36,,,AUD,1.0
TX000874,2025-07-27,2025,3,7,July,D002,C005,V029,R03,P008,Consulting expense - Finance,Direct Debit,Posted,1971.76,197.18,2168.94,,INV-527417,USD,1.5889
TX000875,2025-11-21,2025,4,11,November,D003,C008,V021,R01,P004,Recruitment expense - Human Resources,Invoice,Posted,169.4,16.94,186.34,PO-35965,INV-288655,AUD,1.0
TX000876,2026-06-16,2026,2,6,June,D008,C003,V031,R01,P007,Hardware expense - Facilities,Invoice,Posted,2097.34,209.73,2307.07,PO-19570,INV-238808,AUD,1.0
TX000877,2025-06-11,2025,2,6,June,D007,C012,V016,R01,P006,Telecommunications expense - Customer Service,Direct Debit,Posted,530.01,53.0,583.01,,INV-746582,AUD,1.0
TX000878,2024-04-20,2024,2,4,April,D001,C001,V029,R03,P005,Software & SaaS expense - Information Technology,Corporate Card,Posted,4184.16,418.42,4602.58,,,AUD,1.0
TX000879,2025-12-17,2025,4,12,December,D003,C011,V033,R01,P008,Office Supplies expense - Human Resources,Corporate Card,Posted,269.0,26.9,295.9,,,AUD,1.0
TX000880,2025-06-04,2025,2,6,June,D005,C001,V004,R01,P008,Software & SaaS expense - Sales,Invoice,Posted,2233.26,223.33,2456.59,PO-52310,INV-502724,AUD,1.0
TX000881,2024-11-22,2024,4,11,November,D003,C004,V014,R01,P008,Contractors expense - Human Resources,Direct Debit,Posted,1472.55,147.25,1619.8,,INV-273636,AUD,1.0
TX000882,2024-05-01,2024,2,5,May,D005,C009,V011,R02,P004,Advertising expense - Sales,Direct Debit,Posted,806.84,80.68,887.52,,INV-141675,AUD,1.0
TX000883,2025-07-06,2025,3,7,July,D004,C001,V024,R02,P008,Software & SaaS expense - Marketing,Invoice,Posted,1407.44,140.74,1548.18,PO-24367,INV-851043,AUD,1.0
TX000884,2025-12-24,2025,4,12,December,D002,C006,V006,R04,P008,Travel expense - Finance,Invoice,Posted,700.59,70.06,770.65,PO-19745,INV-443005,AUD,1.0
TX000885,2024-06-09,2024,2,6,June,D006,C006,V005,R02,P008,Travel expense - Operations,Direct Debit,Accrued,737.27,73.73,811.0,,INV-932776,AUD,1.0
TX000886,2025-06-17,2025,2,6,June,D006,C004,V003,R04,P008,Contractors expense - Operations,Direct Debit,Posted,756.17,75.62,831.79,,INV-592951,AUD,1.0
TX000887,2024-06-04,2024,2,6,June,D008,C016,V009,R01,P008,Insurance expense - Facilities,Invoice,Posted,126.2,12.62,138.82,PO-44481,INV-743173,AUD,1.0
TX000888,2025-01-24,2025,1,1,January,D004,C011,V012,R01,P008,Office Supplies expense - Marketing,Invoice,Posted,950.52,95.05,1045.57,PO-81226,INV-604322,AUD,1.0
TX000889,2024-10-29,2024,4,10,October,D002,C004,V019,R01,P008,Contractors expense - Finance,Invoice,Posted,1382.22,138.22,1520.44,PO-51799,INV-792702,AUD,1.0
TX000890,2024-04-26,2024,2,4,April,D006,C019,V031,R02,P002,Vehicle Expenses expense - Operations,Invoice,Posted,1262.88,126.29,1389.17,PO-63609,INV-163756,AUD,1.0
TX000891,2025-07-29,2025,3,7,July,D006,C006,V029,R03,P007,Travel expense - Operations,Invoice,Posted,438.97,43.9,482.87,PO-93396,INV-958285,AUD,1.0
TX000892,2024-02-16,2024,1,2,February,D005,C010,V011,R02,P008,Events expense - Sales,Invoice,Posted,959.71,95.97,1055.68,PO-80748,INV-120887,USD,1.5416
TX000893,2026-01-09,2026,1,1,January,D001,C020,V022,R01,P008,Customer Support Tools expense - Information Technology,Invoice,Posted,879.68,87.97,967.65,PO-30577,INV-978862,AUD,1.0
TX000894,2025-07-02,2025,3,7,July,D007,C004,V024,R01,P003,Contractors expense - Customer Service,Corporate Card,Posted,1264.19,126.42,1390.61,,,AUD,1.0
TX000895,2024-01-21,2024,1,1,January,D002,C007,V011,R02,P008,Training expense - Finance,Invoice,Posted,477.93,47.79,525.72,PO-59526,INV-787106,AUD,1.0
TX000896,2025-02-14,2025,1,2,February,D003,C011,V005,R04,P008,Office Supplies expense - Human Resources,Invoice,Posted,395.89,39.59,435.48,PO-29902,INV-200198,AUD,1.0
TX000897,2026-01-23,2026,1,1,January,D007,C004,V021,R04,P008,Contractors expense - Customer Service,Invoice,Posted,1145.0,114.5,1259.5,PO-95989,INV-704190,AUD,1.0
TX000898,2025-04-27,2025,2,4,April,D007,C007,V027,R02,P004,Training expense - Customer Service,Direct Debit,Posted,323.35,32.34,355.69,,INV-118048,AUD,1.0
TX000899,2025-05-23,2025,2,5,May,D007,C007,V029,R03,P008,Training expense - Customer Service,Invoice,Posted,233.88,23.39,257.27,PO-53572,INV-250755,AUD,1.0
TX000900,2026-04-09,2026,2,4,April,D002,C001,V032,R02,P003,Software & SaaS expense - Finance,Invoice,Posted,1140.18,114.02,1254.2,PO-84270,INV-897527,AUD,1.0
TX000901,2024-08-26,2024,3,8,August,D001,C020,V022,R02,P007,Customer Support Tools expense - Information Technology,Direct Debit,Posted,1323.91,132.39,1456.3,,INV-689729,AUD,1.0
TX000902,2026-03-24,2026,1,3,March,D008,C014,V016,R02,P008,Utilities expense - Facilities,Invoice,Pending,303.36,30.34,333.7,PO-20673,INV-210146,AUD,1.0
TX000903,2025-03-11,2025,1,3,March,D002,C006,V034,R01,P001,Travel expense - Finance,Invoice,Posted,989.93,98.99,1088.92,PO-32376,INV-756581,USD,1.4559
TX000904,2026-04-02,2026,2,4,April,D008,C004,V026,R03,P008,Contractors expense - Facilities,Invoice,Posted,3260.9,326.09,3586.99,PO-31750,INV-248391,AUD,1.0
TX000905,2024-10-24,2024,4,10,October,D004,C010,V017,R05,P006,Events expense - Marketing,Invoice,Pending,743.21,74.32,817.53,PO-27739,INV-272216,AUD,1.0
TX000906,2025-06-20,2025,2,6,June,D008,C003,V031,R01,P003,Hardware expense - Facilities,Corporate Card,Posted,1088.68,108.87,1197.55,,,AUD,1.0
TX000907,2024-03-03,2024,1,3,March,D008,C014,V015,R01,P005,Utilities expense - Facilities,Direct Debit,Posted,383.69,38.37,422.06,,INV-485115,AUD,1.0
TX000908,2025-10-01,2025,4,10,October,D007,C007,V013,R02,P008,Training expense - Customer Service,Invoice,Posted,419.47,41.95,461.42,PO-86980,INV-776153,AUD,1.0
TX000909,2026-02-23,2026,1,2,February,D007,C007,V018,R02,P008,Training expense - Customer Service,Invoice,Posted,1435.82,143.58,1579.4,PO-38369,INV-195775,AUD,1.0
TX000910,2026-04-02,2026,2,4,April,D003,C004,V021,R01,P008,Contractors expense - Human Resources,Invoice,Posted,1389.8,138.98,1528.78,PO-61543,INV-495637,AUD,1.0
TX000911,2026-03-03,2026,1,3,March,D007,C012,V021,R01,P008,Telecommunications expense - Customer Service,Direct Debit,Posted,545.43,54.54,599.97,,INV-845902,USD,1.5918
TX000912,2024-05-26,2024,2,5,May,D007,C020,V017,R02,P008,Customer Support Tools expense - Customer Service,Invoice,Posted,1238.7,123.87,1362.57,PO-57931,INV-996922,AUD,1.0
TX000913,2025-04-22,2025,2,4,April,D006,C019,V013,R02,P008,Vehicle Expenses expense - Operations,Corporate Card,Posted,693.13,69.31,762.44,,,AUD,1.0
TX000914,2025-06-22,2025,2,6,June,D004,C001,V024,R02,P005,Software & SaaS expense - Marketing,Invoice,Posted,2932.94,293.29,3226.23,PO-94105,INV-601989,AUD,1.0
TX000915,2025-02-11,2025,1,2,February,D001,C012,V004,R03,P004,Telecommunications expense - Information Technology,Direct Debit,Posted,379.78,37.98,417.76,,INV-140048,AUD,1.0
TX000916,2025-01-13,2025,1,1,January,D001,C005,V012,R04,P003,Consulting expense - Information Technology,Invoice,Posted,2117.54,211.75,2329.29,PO-93555,INV-845108,AUD,1.0
TX000917,2024-03-04,2024,1,3,March,D006,C003,V013,R04,P004,Hardware expense - Operations,Invoice,Accrued,1900.91,190.09,2091.0,PO-32179,INV-715354,AUD,1.0
TX000918,2026-01-09,2026,1,1,January,D006,C018,V027,R01,P008,Freight & Logistics expense - Operations,Invoice,Posted,5795.81,579.58,6375.39,PO-44948,INV-188047,AUD,1.0
TX000919,2024-06-25,2024,2,6,June,D008,C003,V033,R01,P003,Hardware expense - Facilities,Direct Debit,Posted,1064.85,106.48,1171.33,,INV-687789,AUD,1.0
TX000920,2024-12-25,2024,4,12,December,D002,C005,V006,R02,P008,Consulting expense - Finance,Invoice,Posted,1432.27,143.23,1575.5,PO-34334,INV-432924,AUD,1.0
TX000921,2025-08-28,2025,3,8,August,D001,C020,V024,R01,P001,Customer Support Tools expense - Information Technology,Expense Claim,Posted,476.7,47.67,524.37,,,AUD,1.0
TX000922,2026-06-04,2026,2,6,June,D004,C011,V004,R03,P002,Office Supplies expense - Marketing,Invoice,Posted,178.73,17.87,196.6,PO-34673,INV-386050,AUD,1.0
TX000923,2026-06-23,2026,2,6,June,D004,C004,V029,R05,P004,Contractors expense - Marketing,Invoice,Posted,920.3,92.03,1012.33,PO-68939,INV-969793,AUD,1.0
TX000924,2025-10-08,2025,4,10,October,D003,C001,V010,R05,P008,Software & SaaS expense - Human Resources,Corporate Card,Posted,1063.81,106.38,1170.19,,,AUD,1.0
TX000925,2026-03-26,2026,1,3,March,D005,C006,V018,R01,P008,Travel expense - Sales,Invoice,Posted,376.26,37.63,413.89,PO-34435,INV-598293,AUD,1.0
TX000926,2024-05-23,2024,2,5,May,D008,C014,V003,R01,P008,Utilities expense - Facilities,Invoice,Posted,516.48,51.65,568.13,PO-72324,INV-450971,AUD,1.0
TX000927,2024-12-10,2024,4,12,December,D002,C004,V030,R04,P005,Contractors expense - Finance,Invoice,Posted,2124.55,212.46,2337.01,PO-67012,INV-866461,AUD,1.0
TX000928,2025-02-12,2025,1,2,February,D008,C016,V022,R01,P008,Insurance expense - Facilities,Invoice,Posted,428.1,42.81,470.91,PO-76448,INV-213094,AUD,1.0
TX000929,2025-03-07,2025,1,3,March,D007,C007,V002,R05,P006,Training expense - Customer Service,Invoice,Posted,165.38,16.54,181.92,PO-78692,INV-308102,AUD,1.0
TX000930,2025-08-04,2025,3,8,August,D003,C004,V004,R03,P008,Contractors expense - Human Resources,Direct Debit,Posted,4002.51,400.25,4402.76,,INV-273373,AUD,1.0
TX000931,2025-04-16,2025,2,4,April,D001,C012,V020,R01,P008,Telecommunications expense - Information Technology,Direct Debit,Posted,287.03,28.7,315.73,,INV-261625,AUD,1.0
TX000932,2025-12-02,2025,4,12,December,D006,C003,V031,R02,P005,Hardware expense - Operations,Invoice,Posted,1630.35,163.03,1793.38,PO-70749,INV-840529,AUD,1.0
TX000933,2024-09-05,2024,3,9,September,D002,C006,V009,R01,P008,Travel expense - Finance,Invoice,Posted,412.89,41.29,454.18,PO-88241,INV-512982,AUD,1.0
TX000934,2025-06-30,2025,2,6,June,D002,C005,V002,R02,P008,Consulting expense - Finance,Direct Debit,Posted,489.67,48.97,538.64,,INV-963227,AUD,1.0
TX000935,2024-01-02,2024,1,1,January,D007,C001,V013,R03,P002,Software & SaaS expense - Customer Service,Invoice,Posted,431.7,43.17,474.87,PO-29758,INV-398806,AUD,1.0
TX000936,2024-11-14,2024,4,11,November,D007,C012,V027,R01,P008,Telecommunications expense - Customer Service,Invoice,Posted,195.99,19.6,215.59,PO-55388,INV-819391,AUD,1.0
TX000937,2026-01-20,2026,1,1,January,D002,C016,V001,R04,P008,Insurance expense - Finance,Invoice,Posted,269.36,26.94,296.3,PO-95697,INV-802750,AUD,1.0
TX000938,2025-02-15,2025,1,2,February,D007,C001,V008,R01,P004,Software & SaaS expense - Customer Service,Invoice,Posted,1963.79,196.38,2160.17,PO-53917,INV-985174,AUD,1.0
TX000939,2025-07-01,2025,3,7,July,D006,C003,V035,R04,P008,Hardware expense - Operations,Corporate Card,Posted,467.63,46.76,514.39,,,AUD,1.0
TX000940,2025-04-20,2025,2,4,April,D005,C001,V024,R01,P008,Software & SaaS expense - Sales,Corporate Card,Posted,746.15,74.61,820.76,,,AUD,1.0
TX000941,2024-09-30,2024,3,9,September,D003,C006,V021,R01,P001,Travel expense - Human Resources,Invoice,Posted,381.72,38.17,419.89,PO-61932,INV-360704,AUD,1.0
TX000942,2024-06-28,2024,2,6,June,D002,C007,V032,R01,P008,Training expense - Finance,Expense Claim,Posted,245.82,24.58,270.4,,,AUD,1.0
TX000943,2026-04-25,2026,2,4,April,D008,C003,V010,R01,P006,Hardware expense - Facilities,Direct Debit,Posted,1479.41,147.94,1627.35,,INV-860636,AUD,1.0
TX000944,2024-03-21,2024,1,3,March,D006,C019,V002,R03,P007,Vehicle Expenses expense - Operations,Corporate Card,Posted,167.26,16.73,183.99,,,AUD,1.0
TX000945,2025-03-19,2025,1,3,March,D002,C017,V020,R01,P004,Legal & Compliance expense - Finance,Direct Debit,Posted,843.85,84.39,928.24,,INV-701186,AUD,1.0
TX000946,2025-04-29,2025,2,4,April,D004,C009,V012,R01,P008,Advertising expense - Marketing,Corporate Card,Posted,602.83,60.28,663.11,,,AUD,1.0
TX000947,2024-10-06,2024,4,10,October,D001,C004,V009,R01,P008,Contractors expense - Information Technology,Direct Debit,Posted,972.13,97.21,1069.34,,INV-335745,AUD,1.0
TX000948,2024-01-19,2024,1,1,January,D006,C004,V030,R01,P004,Contractors expense - Operations,Invoice,Accrued,2271.72,227.17,2498.89,PO-11647,INV-459609,AUD,1.0
TX000949,2024-12-14,2024,4,12,December,D006,C006,V032,R04,P003,Travel expense - Operations,Corporate Card,Posted,145.9,14.59,160.49,,,AUD,1.0
TX000950,2026-05-22,2026,2,5,May,D002,C016,V006,R02,P008,Insurance expense - Finance,Invoice,Posted,350.43,35.04,385.47,PO-91902,INV-713350,AUD,1.0
TX000951,2024-06-19,2024,2,6,June,D006,C018,V002,R02,P008,Freight & Logistics expense - Operations,Corporate Card,Posted,2443.68,244.37,2688.05,,,USD,1.5063
TX000952,2025-01-22,2025,1,1,January,D002,C001,V008,R02,P003,Software & SaaS expense - Finance,Invoice,Posted,1117.19,111.72,1228.91,PO-62575,INV-676790,AUD,1.0
TX000953,2025-02-22,2025,1,2,February,D006,C004,V021,R02,P008,Contractors expense - Operations,Corporate Card,Posted,4272.37,427.24,4699.61,,,AUD,1.0
TX000954,2025-10-13,2025,4,10,October,D006,C018,V026,R02,P006,Freight & Logistics expense - Operations,Direct Debit,Accrued,1536.38,153.64,1690.02,,INV-286255,AUD,1.0
TX000955,2025-02-13,2025,1,2,February,D005,C001,V030,R02,P005,Software & SaaS expense - Sales,Invoice,Posted,1886.37,188.64,2075.01,PO-64823,INV-530224,AUD,1.0
TX000956,2024-07-12,2024,3,7,July,D001,C005,V033,R01,P008,Consulting expense - Information Technology,Invoice,Posted,905.3,90.53,995.83,PO-58535,INV-123823,AUD,1.0
TX000957,2026-01-30,2026,1,1,January,D007,C020,V011,R02,P003,Customer Support Tools expense - Customer Service,Invoice,Posted,593.55,59.35,652.9,PO-36186,INV-438400,AUD,1.0
TX000958,2024-05-15,2024,2,5,May,D005,C001,V030,R04,P003,Software & SaaS expense - Sales,Invoice,Posted,847.06,84.71,931.77,PO-70477,INV-624513,AUD,1.0
TX000959,2025-10-18,2025,4,10,October,D002,C017,V011,R03,P005,Legal & Compliance expense - Finance,Invoice,Posted,187.59,18.76,206.35,PO-63260,INV-645015,AUD,1.0
TX000960,2025-04-26,2025,2,4,April,D007,C001,V035,R04,P008,Software & SaaS expense - Customer Service,Invoice,Posted,1501.21,150.12,1651.33,PO-48399,INV-951089,AUD,1.0
TX000961,2025-02-11,2025,1,2,February,D001,C003,V029,R02,P008,Hardware expense - Information Technology,Invoice,Posted,800.37,80.04,880.41,PO-24651,INV-857065,AUD,1.0
TX000962,2024-06-22,2024,2,6,June,D006,C011,V016,R03,P002,Office Supplies expense - Operations,Invoice,Posted,359.63,35.96,395.59,PO-74431,INV-889056,AUD,1.0
TX000963,2024-09-07,2024,3,9,September,D005,C009,V029,R01,P007,Advertising expense - Sales,Corporate Card,Posted,4057.88,405.79,4463.67,,,AUD,1.0
TX000964,2024-10-22,2024,4,10,October,D001,C002,V019,R04,P008,Cloud Services expense - Information Technology,Invoice,Posted,555.59,55.56,611.15,PO-98247,INV-409203,AUD,1.0
TX000965,2024-06-07,2024,2,6,June,D003,C004,V017,R03,P008,Contractors expense - Human Resources,Invoice,Posted,1997.43,199.74,2197.17,PO-44002,INV-481851,AUD,1.0
TX000966,2026-01-08,2026,1,1,January,D007,C012,V023,R03,P003,Telecommunications expense - Customer Service,Invoice,Posted,608.86,60.89,669.75,PO-73602,INV-779872,AUD,1.0
TX000967,2024-06-22,2024,2,6,June,D008,C004,V005,R02,P006,Contractors expense - Facilities,Invoice,Posted,1242.57,124.26,1366.83,PO-25675,INV-781570,AUD,1.0
TX000968,2024-07-20,2024,3,7,July,D006,C011,V001,R02,P008,Office Supplies expense - Operations,Invoice,Posted,477.74,47.77,525.51,PO-62231,INV-756830,AUD,1.0
TX000969,2024-04-11,2024,2,4,April,D006,C018,V035,R01,P008,Freight & Logistics expense - Operations,Invoice,Posted,4081.83,408.18,4490.01,PO-78543,INV-360017,AUD,1.0
TX000970,2024-09-07,2024,3,9,September,D005,C019,V016,R01,P008,Vehicle Expenses expense - Sales,Invoice,Posted,241.94,24.19,266.13,PO-34905,INV-868959,USD,1.4899
TX000971,2026-04-30,2026,2,4,April,D002,C004,V015,R02,P001,Contractors expense - Finance,Invoice,Posted,418.28,41.83,460.11,PO-16695,INV-434347,AUD,1.0
TX000972,2026-03-19,2026,1,3,March,D002,C004,V031,R02,P007,Contractors expense - Finance,Invoice,Posted,711.8,71.18,782.98,PO-86246,INV-550631,AUD,1.0
TX000973,2026-05-31,2026,2,5,May,D002,C016,V013,R04,P008,Insurance expense - Finance,Corporate Card,Posted,608.06,60.81,668.87,,,USD,1.4878
TX000974,2024-10-04,2024,4,10,October,D008,C015,V033,R01,P008,Repairs & Maintenance expense - Facilities,Invoice,Posted,253.56,25.36,278.92,PO-98846,INV-688528,AUD,1.0
TX000975,2025-05-30,2025,2,5,May,D005,C019,V012,R02,P008,Vehicle Expenses expense - Sales,Expense Claim,Posted,814.0,81.4,895.4,,,AUD,1.0
TX000976,2024-03-08,2024,1,3,March,D007,C007,V022,R01,P008,Training expense - Customer Service,Invoice,Posted,408.02,40.8,448.82,PO-37946,INV-422122,AUD,1.0
TX000977,2025-05-28,2025,2,5,May,D005,C009,V020,R03,P008,Advertising expense - Sales,Corporate Card,Posted,2898.87,289.89,3188.76,,,AUD,1.0
TX000978,2025-02-09,2025,1,2,February,D003,C004,V034,R03,P003,Contractors expense - Human Resources,Invoice,Posted,9003.93,900.39,9904.32,PO-49795,INV-488802,AUD,1.0
TX000979,2024-05-28,2024,2,5,May,D005,C009,V021,R03,P008,Advertising expense - Sales,Invoice,Posted,1290.63,129.06,1419.69,PO-62963,INV-157994,AUD,1.0
TX000980,2025-02-22,2025,1,2,February,D006,C019,V018,R04,P008,Vehicle Expenses expense - Operations,Invoice,Posted,221.89,22.19,244.08,PO-60122,INV-441505,AUD,1.0
TX000981,2025-07-25,2025,3,7,July,D004,C004,V018,R03,P007,Contractors expense - Marketing,Invoice,Posted,854.24,85.42,939.66,PO-71587,INV-148234,AUD,1.0
TX000982,2026-03-10,2026,1,3,March,D007,C012,V025,R01,P008,Telecommunications expense - Customer Service,Invoice,Posted,250.96,25.1,276.06,PO-19697,INV-440310,AUD,1.0
TX000983,2026-03-04,2026,1,3,March,D007,C004,V013,R04,P008,Contractors expense - Customer Service,Invoice,Posted,1920.26,192.03,2112.29,PO-82964,INV-656822,AUD,1.0
TX000984,2026-04-16,2026,2,4,April,D005,C019,V005,R01,P008,Vehicle Expenses expense - Sales,Corporate Card,Posted,4070.21,407.02,4477.23,,,USD,1.5042
TX000985,2026-02-04,2026,1,2,February,D004,C004,V024,R01,P004,Contractors expense - Marketing,Corporate Card,Posted,855.78,85.58,941.36,,,AUD,1.0
TX000986,2024-01-24,2024,1,1,January,D003,C001,V032,R03,P007,Software & SaaS expense - Human Resources,Expense Claim,Posted,687.39,68.74,756.13,,,USD,1.581
TX000987,2025-07-05,2025,3,7,July,D008,C011,V005,R02,P008,Office Supplies expense - Facilities,Direct Debit,Posted,480.43,48.04,528.47,,INV-591202,AUD,1.0
TX000988,2025-09-16,2025,3,9,September,D004,C001,V018,R03,P007,Software & SaaS expense - Marketing,Expense Claim,Posted,671.2,67.12,738.32,,,AUD,1.0
TX000989,2024-07-05,2024,3,7,July,D006,C011,V028,R02,P008,Office Supplies expense - Operations,Invoice,Posted,513.24,51.32,564.56,PO-11119,INV-336170,AUD,1.0
TX000990,2024-11-26,2024,4,11,November,D007,C004,V021,R01,P004,Contractors expense - Customer Service,Invoice,Accrued,1879.57,187.96,2067.53,PO-85609,INV-260017,AUD,1.0
TX000991,2024-07-12,2024,3,7,July,D003,C004,V035,R01,P002,Contractors expense - Human Resources,Direct Debit,Accrued,3877.64,387.76,4265.4,,INV-443367,AUD,1.0
TX000992,2026-06-10,2026,2,6,June,D006,C004,V011,R03,P003,Contractors expense - Operations,Direct Debit,Posted,1866.45,186.65,2053.1,,INV-243982,AUD,1.0
TX000993,2026-06-17,2026,2,6,June,D008,C003,V029,R04,P006,Hardware expense - Facilities,Direct Debit,Posted,1328.86,132.89,1461.75,,INV-283602,AUD,1.0
TX000994,2025-06-02,2025,2,6,June,D002,C004,V032,R03,P002,Contractors expense - Finance,Expense Claim,Posted,2700.39,270.04,2970.43,,,AUD,1.0
TX000995,2024-04-02,2024,2,4,April,D006,C011,V030,R01,P002,Office Supplies expense - Operations,Invoice,Posted,81.41,8.14,89.55,PO-50629,INV-977170,USD,1.465
TX000996,2024-03-07,2024,1,3,March,D007,C007,V025,R01,P008,Training expense - Customer Service,Invoice,Posted,478.28,47.83,526.11,PO-71579,INV-899316,AUD,1.0
TX000997,2024-02-09,2024,1,2,February,D001,C005,V019,R04,P008,Consulting expense - Information Technology,Invoice,Accrued,921.79,92.18,1013.97,PO-29841,INV-878008,AUD,1.0
TX000998,2026-04-08,2026,2,4,April,D003,C006,V011,R04,P002,Travel expense - Human Resources,Direct Debit,Posted,410.28,41.03,451.31,,INV-127084,AUD,1.0
TX000999,2024-12-05,2024,4,12,December,D001,C004,V027,R01,P008,Contractors expense - Information Technology,Corporate Card,Posted,653.24,65.32,718.56,,,AUD,1.0
TX001000,2024-01-16,2024,1,1,January,D006,C004,V008,R01,P008,Contractors expense - Operations,Invoice,Posted,5139.23,513.92,5653.15,PO-89071,INV-948743,AUD,1.0
TX001001,2025-10-14,2025,4,10,October,D001,C003,V017,R02,P008,Hardware expense - Information Technology,Invoice,Posted,220.93,22.09,243.02,PO-72624,INV-616740,AUD,1.0
TX001002,2026-02-05,2026,1,2,February,D004,C004,V010,R01,P002,Contractors expense - Marketing,Invoice,Posted,1134.38,113.44,1247.82,PO-23792,INV-361912,AUD,1.0
TX001003,2024-08-19,2024,3,8,August,D005,C006,V030,R03,P005,Travel expense - Sales,Invoice,Posted,1059.89,105.99,1165.88,PO-27263,INV-443874,AUD,1.0
TX001004,2025-03-08,2025,1,3,March,D006,C019,V003,R01,P008,Vehicle Expenses expense - Operations,Corporate Card,Pending,4099.59,409.96,4509.55,,,AUD,1.0
TX001005,2024-01-15,2024,1,1,January,D003,C011,V011,R01,P008,Office Supplies expense - Human Resources,Invoice,Posted,194.28,19.43,213.71,PO-85654,INV-525362,AUD,1.0
TX001006,2025-04-07,2025,2,4,April,D004,C009,V008,R03,P008,Advertising expense - Marketing,Invoice,Pending,3605.65,360.57,3966.22,PO-34421,INV-367685,AUD,1.0
TX001007,2024-12-15,2024,4,12,December,D008,C016,V022,R02,P008,Insurance expense - Facilities,Direct Debit,Posted,703.7,70.37,774.07,,INV-669711,AUD,1.0
TX001008,2024-05-09,2024,2,5,May,D002,C004,V008,R05,P008,Contractors expense - Finance,Direct Debit,Posted,1827.63,182.76,2010.39,,INV-186997,AUD,1.0
TX001009,2026-06-06,2026,2,6,June,D003,C007,V033,R04,P008,Training expense - Human Resources,Corporate Card,Posted,318.35,31.84,350.19,,,AUD,1.0
TX001010,2025-06-21,2025,2,6,June,D001,C020,V034,R02,P008,Customer Support Tools expense - Information Technology,Corporate Card,Posted,433.83,43.38,477.21,,,AUD,1.0
TX001011,2024-08-19,2024,3,8,August,D003,C008,V013,R05,P008,Recruitment expense - Human Resources,Direct Debit,Posted,883.85,88.39,972.24,,INV-242732,USD,1.5841
TX001012,2026-01-08,2026,1,1,January,D005,C001,V020,R01,P008,Software & SaaS expense - Sales,Corporate Card,Posted,245.14,24.51,269.65,,,AUD,1.0
TX001013,2024-05-23,2024,2,5,May,D003,C007,V016,R04,P008,Training expense - Human Resources,Invoice,Posted,235.18,23.52,258.7,PO-55928,INV-173957,AUD,1.0
TX001014,2024-08-19,2024,3,8,August,D005,C006,V010,R04,P002,Travel expense - Sales,Invoice,Posted,434.14,43.41,477.55,PO-78238,INV-426275,AUD,1.0
TX001015,2025-06-20,2025,2,6,June,D002,C017,V029,R03,P008,Legal & Compliance expense - Finance,Corporate Card,Posted,454.64,45.46,500.1,,,AUD,1.0
TX001016,2026-02-11,2026,1,2,February,D006,C006,V017,R05,P001,Travel expense - Operations,Corporate Card,Posted,265.32,26.53,291.85,,,AUD,1.0
TX001017,2026-03-24,2026,1,3,March,D008,C016,V006,R01,P008,Insurance expense - Facilities,Direct Debit,Posted,542.8,54.28,597.08,,INV-553485,AUD,1.0
TX001018,2025-03-07,2025,1,3,March,D001,C012,V018,R01,P008,Telecommunications expense - Information Technology,Invoice,Posted,1653.88,165.39,1819.27,PO-56748,INV-187129,AUD,1.0
TX001019,2024-01-14,2024,1,1,January,D002,C016,V032,R04,P004,Insurance expense - Finance,Invoice,Posted,235.98,23.6,259.58,PO-89513,INV-978090,USD,1.5739
TX001020,2025-08-02,2025,3,8,August,D007,C020,V025,R02,P008,Customer Support Tools expense - Customer Service,Invoice,Accrued,2440.95,244.09,2685.04,PO-41275,INV-478222,AUD,1.0
TX001021,2025-08-17,2025,3,8,August,D007,C012,V029,R03,P001,Telecommunications expense - Customer Service,Invoice,Posted,1124.97,112.5,1237.47,PO-92328,INV-880545,AUD,1.0
TX001022,2026-03-07,2026,1,3,March,D007,C001,V022,R01,P003,Software & SaaS expense - Customer Service,Direct Debit,Posted,4193.91,419.39,4613.3,,INV-460762,AUD,1.0
TX001023,2024-12-26,2024,4,12,December,D004,C006,V030,R02,P001,Travel expense - Marketing,Direct Debit,Posted,1008.37,100.84,1109.21,,INV-673862,AUD,1.0
TX001024,2025-10-25,2025,4,10,October,D006,C019,V012,R02,P005,Vehicle Expenses expense - Operations,Corporate Card,Posted,477.16,47.72,524.88,,,AUD,1.0
TX001025,2026-04-28,2026,2,4,April,D005,C001,V026,R04,P002,Software & SaaS expense - Sales,Invoice,Posted,619.58,61.96,681.54,PO-73627,INV-467624,AUD,1.0
TX001026,2024-12-11,2024,4,12,December,D008,C011,V021,R03,P008,Office Supplies expense - Facilities,Corporate Card,Posted,135.65,13.57,149.22,,,AUD,1.0
TX001027,2024-07-01,2024,3,7,July,D007,C020,V006,R03,P003,Customer Support Tools expense - Customer Service,Invoice,Posted,2990.03,299.0,3289.03,PO-27436,INV-503953,AUD,1.0
TX001028,2024-04-16,2024,2,4,April,D005,C012,V015,R02,P002,Telecommunications expense - Sales,Invoice,Posted,360.04,36.0,396.04,PO-74814,INV-335372,AUD,1.0
TX001029,2026-05-03,2026,2,5,May,D004,C004,V014,R04,P007,Contractors expense - Marketing,Expense Claim,Posted,871.08,87.11,958.19,,,AUD,1.0
TX001030,2025-03-25,2025,1,3,March,D007,C020,V027,R02,P008,Customer Support Tools expense - Customer Service,Invoice,Accrued,312.09,31.21,343.3,PO-60738,INV-883068,AUD,1.0
TX001031,2024-09-24,2024,3,9,September,D006,C006,V016,R02,P005,Travel expense - Operations,Expense Claim,Posted,348.87,34.89,383.76,,,AUD,1.0
TX001032,2025-12-20,2025,4,12,December,D004,C010,V033,R02,P002,Events expense - Marketing,Invoice,Posted,1384.92,138.49,1523.41,PO-55657,INV-852420,AUD,1.0
TX001033,2025-12-19,2025,4,12,December,D004,C009,V030,R01,P008,Advertising expense - Marketing,Invoice,Posted,1957.57,195.76,2153.33,PO-83268,INV-781865,USD,1.4757
TX001034,2024-02-28,2024,1,2,February,D006,C011,V023,R04,P002,Office Supplies expense - Operations,Corporate Card,Posted,1222.11,122.21,1344.32,,,AUD,1.0
TX001035,2025-12-22,2025,4,12,December,D003,C007,V035,R01,P008,Training expense - Human Resources,Invoice,Posted,400.11,40.01,440.12,PO-63364,INV-251239,AUD,1.0
TX001036,2026-02-23,2026,1,2,February,D006,C003,V023,R05,P001,Hardware expense - Operations,Invoice,Posted,1464.39,146.44,1610.83,PO-31129,INV-868140,AUD,1.0
TX001037,2024-07-18,2024,3,7,July,D004,C010,V012,R03,P008,Events expense - Marketing,Invoice,Posted,1208.02,120.8,1328.82,PO-99830,INV-506271,AUD,1.0
TX001038,2026-04-04,2026,2,4,April,D007,C012,V022,R03,P002,Telecommunications expense - Customer Service,Invoice,Posted,215.11,21.51,236.62,PO-21892,INV-293531,AUD,1.0
TX001039,2024-09-23,2024,3,9,September,D007,C004,V006,R01,P008,Contractors expense - Customer Service,Invoice,Posted,726.08,72.61,798.69,PO-83023,INV-162019,AUD,1.0
TX001040,2025-11-30,2025,4,11,November,D006,C003,V034,R01,P008,Hardware expense - Operations,Invoice,Posted,350.13,35.01,385.14,PO-59130,INV-172759,AUD,1.0
TX001041,2024-06-25,2024,2,6,June,D004,C011,V014,R03,P003,Office Supplies expense - Marketing,Invoice,Posted,293.68,29.37,323.05,PO-33264,INV-631972,AUD,1.0
TX001042,2024-06-01,2024,2,6,June,D008,C003,V008,R03,P008,Hardware expense - Facilities,Invoice,Posted,2604.46,260.45,2864.91,PO-77959,INV-275516,AUD,1.0
TX001043,2024-04-12,2024,2,4,April,D008,C004,V022,R03,P008,Contractors expense - Facilities,Invoice,Posted,1843.82,184.38,2028.2,PO-54347,INV-358182,AUD,1.0
TX001044,2025-01-09,2025,1,1,January,D003,C004,V026,R05,P008,Contractors expense - Human Resources,Direct Debit,Posted,5502.9,550.29,6053.19,,INV-719848,AUD,1.0
TX001045,2024-04-11,2024,2,4,April,D002,C016,V035,R03,P008,Insurance expense - Finance,Corporate Card,Posted,498.47,49.85,548.32,,,AUD,1.0
TX001046,2026-02-20,2026,1,2,February,D004,C006,V028,R05,P007,Travel expense - Marketing,Invoice,Posted,494.87,49.49,544.36,PO-60961,INV-420756,AUD,1.0
TX001047,2025-05-24,2025,2,5,May,D005,C019,V003,R03,P008,Vehicle Expenses expense - Sales,Direct Debit,Posted,536.36,53.64,590.0,,INV-281779,AUD,1.0
TX001048,2025-10-18,2025,4,10,October,D006,C019,V020,R01,P001,Vehicle Expenses expense - Operations,Invoice,Posted,663.14,66.31,729.45,PO-66859,INV-874415,AUD,1.0
TX001049,2025-06-04,2025,2,6,June,D003,C008,V014,R01,P008,Recruitment expense - Human Resources,Invoice,Posted,195.07,19.51,214.58,PO-60002,INV-316037,AUD,1.0
TX001050,2025-12-06,2025,4,12,December,D002,C005,V022,R01,P004,Consulting expense - Finance,Direct Debit,Posted,2385.77,238.58,2624.35,,INV-358131,AUD,1.0
TX001051,2025-09-28,2025,3,9,September,D005,C010,V020,R03,P008,Events expense - Sales,Corporate Card,Posted,1832.19,183.22,2015.41,,,AUD,1.0
TX001052,2024-10-11,2024,4,10,October,D004,C009,V026,R01,P001,Advertising expense - Marketing,Invoice,Posted,310.34,31.03,341.37,PO-74033,INV-169730,AUD,1.0
TX001053,2024-07-06,2024,3,7,July,D006,C004,V026,R05,P004,Contractors expense - Operations,Direct Debit,Posted,1130.66,113.07,1243.73,,INV-514089,AUD,1.0
TX001054,2026-04-22,2026,2,4,April,D004,C001,V009,R02,P008,Software & SaaS expense - Marketing,Invoice,Posted,1024.62,102.46,1127.08,PO-60864,INV-293439,AUD,1.0
TX001055,2024-03-26,2024,1,3,March,D002,C004,V010,R02,P006,Contractors expense - Finance,Corporate Card,Pending,1206.5,120.65,1327.15,,,AUD,1.0
TX001056,2026-02-25,2026,1,2,February,D004,C011,V010,R01,P008,Office Supplies expense - Marketing,Invoice,Posted,512.26,51.23,563.49,PO-30066,INV-405980,AUD,1.0
TX001057,2025-06-01,2025,2,6,June,D002,C004,V029,R01,P003,Contractors expense - Finance,Direct Debit,Posted,559.42,55.94,615.36,,INV-268923,AUD,1.0
TX001058,2024-05-26,2024,2,5,May,D006,C003,V034,R01,P001,Hardware expense - Operations,Invoice,Posted,997.84,99.78,1097.62,PO-28807,INV-208834,AUD,1.0
TX001059,2025-12-01,2025,4,12,December,D004,C001,V025,R02,P008,Software & SaaS expense - Marketing,Invoice,Posted,1480.97,148.1,1629.07,PO-19689,INV-120754,AUD,1.0
TX001060,2025-10-26,2025,4,10,October,D008,C014,V025,R03,P004,Utilities expense - Facilities,Corporate Card,Posted,515.56,51.56,567.12,,,AUD,1.0
TX001061,2025-10-13,2025,4,10,October,D008,C013,V035,R04,P003,Rent expense - Facilities,Invoice,Accrued,4689.37,468.94,5158.31,PO-60915,INV-369705,AUD,1.0
TX001062,2026-06-22,2026,2,6,June,D003,C006,V020,R03,P007,Travel expense - Human Resources,Corporate Card,Posted,214.1,21.41,235.51,,,AUD,1.0
TX001063,2025-02-15,2025,1,2,February,D003,C011,V027,R01,P008,Office Supplies expense - Human Resources,Invoice,Posted,554.86,55.49,610.35,PO-97211,INV-518259,USD,1.5195
TX001064,2024-05-16,2024,2,5,May,D004,C004,V013,R01,P003,Contractors expense - Marketing,Invoice,Posted,2959.71,295.97,3255.68,PO-59127,INV-775282,AUD,1.0
TX001065,2024-11-10,2024,4,11,November,D004,C009,V029,R01,P002,Advertising expense - Marketing,Direct Debit,Posted,481.23,48.12,529.35,,INV-327727,AUD,1.0
TX001066,2024-12-11,2024,4,12,December,D003,C011,V012,R02,P008,Office Supplies expense - Human Resources,Invoice,Posted,92.82,9.28,102.1,PO-94048,INV-521398,USD,1.5521
TX001067,2025-08-11,2025,3,8,August,D004,C004,V009,R02,P008,Contractors expense - Marketing,Corporate Card,Posted,3219.08,321.91,3540.99,,,AUD,1.0
TX001068,2025-10-05,2025,4,10,October,D001,C012,V002,R01,P001,Telecommunications expense - Information Technology,Invoice,Posted,248.0,24.8,272.8,PO-51353,INV-711790,AUD,1.0
TX001069,2026-04-28,2026,2,4,April,D008,C013,V020,R01,P003,Rent expense - Facilities,Direct Debit,Posted,775.67,77.57,853.24,,INV-658162,AUD,1.0
TX001070,2025-09-25,2025,3,9,September,D007,C004,V018,R02,P008,Contractors expense - Customer Service,Corporate Card,Posted,734.76,73.48,808.24,,,AUD,1.0
TX001071,2025-01-23,2025,1,1,January,D008,C004,V024,R03,P008,Contractors expense - Facilities,Invoice,Pending,6337.9,633.79,6971.69,PO-98049,INV-694315,AUD,1.0
TX001072,2024-12-18,2024,4,12,December,D006,C003,V009,R04,P001,Hardware expense - Operations,Direct Debit,Accrued,2405.2,240.52,2645.72,,INV-801396,AUD,1.0
TX001073,2024-07-20,2024,3,7,July,D006,C006,V006,R03,P008,Travel expense - Operations,Corporate Card,Posted,491.15,49.12,540.27,,,USD,1.5048
TX001074,2025-06-09,2025,2,6,June,D005,C012,V021,R04,P001,Telecommunications expense - Sales,Invoice,Posted,239.51,23.95,263.46,PO-96074,INV-580339,AUD,1.0
TX001075,2025-11-06,2025,4,11,November,D002,C005,V001,R02,P002,Consulting expense - Finance,Invoice,Posted,244.73,24.47,269.2,PO-59170,INV-451938,AUD,1.0
TX001076,2025-01-10,2025,1,1,January,D007,C012,V023,R03,P002,Telecommunications expense - Customer Service,Invoice,Accrued,730.06,73.01,803.07,PO-98055,INV-188914,AUD,1.0
TX001077,2026-04-04,2026,2,4,April,D006,C018,V009,R04,P001,Freight & Logistics expense - Operations,Invoice,Posted,2418.32,241.83,2660.15,PO-41056,INV-916711,AUD,1.0
TX001078,2024-03-30,2024,1,3,March,D002,C001,V022,R03,P008,Software & SaaS expense - Finance,Invoice,Posted,3472.96,347.3,3820.26,PO-70393,INV-761654,AUD,1.0
TX001079,2026-06-13,2026,2,6,June,D006,C019,V009,R01,P002,Vehicle Expenses expense - Operations,Invoice,Accrued,181.81,18.18,199.99,PO-10503,INV-554001,AUD,1.0
TX001080,2026-03-21,2026,1,3,March,D004,C004,V021,R01,P001,Contractors expense - Marketing,Direct Debit,Posted,2035.52,203.55,2239.07,,INV-840581,AUD,1.0
TX001081,2024-07-09,2024,3,7,July,D008,C011,V004,R03,P008,Office Supplies expense - Facilities,Invoice,Posted,191.23,19.12,210.35,PO-85423,INV-298543,USD,1.4895
TX001082,2025-12-17,2025,4,12,December,D002,C016,V021,R03,P003,Insurance expense - Finance,Invoice,Posted,681.16,68.12,749.28,PO-64038,INV-631265,AUD,1.0
TX001083,2025-10-17,2025,4,10,October,D005,C006,V016,R02,P008,Travel expense - Sales,Expense Claim,Posted,756.42,75.64,832.06,,,AUD,1.0
TX001084,2024-03-07,2024,1,3,March,D001,C001,V004,R02,P008,Software & SaaS expense - Information Technology,Invoice,Posted,2330.0,233.0,2563.0,PO-11572,INV-880422,AUD,1.0
TX001085,2025-11-21,2025,4,11,November,D002,C005,V024,R02,P008,Consulting expense - Finance,Expense Claim,Posted,2331.94,233.19,2565.13,,,AUD,1.0
TX001086,2024-11-22,2024,4,11,November,D008,C011,V032,R03,P008,Office Supplies expense - Facilities,Invoice,Posted,134.38,13.44,147.82,PO-32354,INV-144773,AUD,1.0
TX001087,2025-12-08,2025,4,12,December,D006,C011,V026,R02,P008,Office Supplies expense - Operations,Invoice,Posted,139.75,13.98,153.73,PO-64997,INV-125668,AUD,1.0
TX001088,2026-06-13,2026,2,6,June,D003,C006,V010,R02,P008,Travel expense - Human Resources,Direct Debit,Posted,438.5,43.85,482.35,,INV-721739,AUD,1.0
TX001089,2024-07-07,2024,3,7,July,D004,C001,V018,R01,P008,Software & SaaS expense - Marketing,Invoice,Accrued,807.38,80.74,888.12,PO-82001,INV-391157,AUD,1.0
TX001090,2024-08-21,2024,3,8,August,D004,C009,V028,R03,P008,Advertising expense - Marketing,Invoice,Accrued,935.41,93.54,1028.95,PO-38364,INV-536569,AUD,1.0
TX001091,2025-05-17,2025,2,5,May,D001,C003,V020,R03,P005,Hardware expense - Information Technology,Invoice,Posted,1345.76,134.58,1480.34,PO-58936,INV-946331,AUD,1.0
TX001092,2025-12-06,2025,4,12,December,D003,C006,V002,R02,P008,Travel expense - Human Resources,Invoice,Posted,444.88,44.49,489.37,PO-50964,INV-764662,AUD,1.0
TX001093,2025-05-02,2025,2,5,May,D005,C012,V013,R01,P008,Telecommunications expense - Sales,Direct Debit,Posted,907.2,90.72,997.92,,INV-952829,AUD,1.0
TX001094,2026-04-19,2026,2,4,April,D004,C009,V021,R02,P008,Advertising expense - Marketing,Corporate Card,Posted,1203.06,120.31,1323.37,,,AUD,1.0
TX001095,2025-05-17,2025,2,5,May,D008,C014,V018,R04,P008,Utilities expense - Facilities,Invoice,Posted,267.59,26.76,294.35,PO-57681,INV-988954,AUD,1.0
TX001096,2026-03-07,2026,1,3,March,D001,C004,V021,R01,P008,Contractors expense - Information Technology,Invoice,Accrued,1023.25,102.33,1125.58,PO-73530,INV-429429,AUD,1.0
TX001097,2025-09-11,2025,3,9,September,D004,C011,V008,R01,P008,Office Supplies expense - Marketing,Direct Debit,Posted,167.97,16.8,184.77,,INV-360284,AUD,1.0
TX001098,2026-03-20,2026,1,3,March,D007,C012,V020,R03,P008,Telecommunications expense - Customer Service,Invoice,Posted,271.51,27.15,298.66,PO-20316,INV-486538,AUD,1.0
TX001099,2025-04-21,2025,2,4,April,D003,C007,V029,R03,P008,Training expense - Human Resources,Invoice,Posted,403.24,40.32,443.56,PO-69419,INV-398595,AUD,1.0
TX001100,2024-06-15,2024,2,6,June,D003,C006,V021,R05,P002,Travel expense - Human Resources,Invoice,Posted,556.56,55.66,612.22,PO-92429,INV-555354,AUD,1.0
TX001101,2025-10-23,2025,4,10,October,D006,C011,V003,R01,P008,Office Supplies expense - Operations,Corporate Card,Posted,292.08,29.21,321.29,,,AUD,1.0
TX001102,2026-01-10,2026,1,1,January,D003,C007,V010,R01,P001,Training expense - Human Resources,Corporate Card,Posted,108.49,10.85,119.34,,,AUD,1.0
TX001103,2024-12-31,2024,4,12,December,D006,C003,V032,R02,P008,Hardware expense - Operations,Invoice,Posted,1279.63,127.96,1407.59,PO-81840,INV-962816,AUD,1.0
TX001104,2024-04-01,2024,2,4,April,D004,C009,V017,R01,P008,Advertising expense - Marketing,Invoice,Posted,2651.48,265.15,2916.63,PO-30005,INV-244360,AUD,1.0
TX001105,2025-05-27,2025,2,5,May,D006,C006,V026,R02,P008,Travel expense - Operations,Corporate Card,Posted,654.87,65.49,720.36,,,AUD,1.0
TX001106,2025-08-26,2025,3,8,August,D001,C002,V023,R01,P008,Cloud Services expense - Information Technology,Invoice,Posted,2480.1,248.01,2728.11,PO-37889,INV-259651,AUD,1.0
TX001107,2025-07-03,2025,3,7,July,D001,C012,V024,R03,P004,Telecommunications expense - Information Technology,Invoice,Posted,395.42,39.54,434.96,PO-52868,INV-372988,AUD,1.0
TX001108,2025-02-06,2025,1,2,February,D002,C016,V033,R01,P001,Insurance expense - Finance,Invoice,Posted,687.87,68.79,756.66,PO-36946,INV-309864,AUD,1.0
TX001109,2026-02-16,2026,1,2,February,D005,C019,V020,R03,P008,Vehicle Expenses expense - Sales,Corporate Card,Posted,689.68,68.97,758.65,,,AUD,1.0
TX001110,2024-09-15,2024,3,9,September,D004,C010,V012,R01,P001,Events expense - Marketing,Expense Claim,Posted,2162.24,216.22,2378.46,,,AUD,1.0
TX001111,2025-02-04,2025,1,2,February,D003,C007,V016,R02,P008,Training expense - Human Resources,Expense Claim,Posted,214.05,21.41,235.46,,,AUD,1.0
TX001112,2025-10-23,2025,4,10,October,D004,C009,V018,R03,P006,Advertising expense - Marketing,Direct Debit,Posted,1295.8,129.58,1425.38,,INV-375487,AUD,1.0
TX001113,2025-04-12,2025,2,4,April,D004,C001,V002,R04,P008,Software & SaaS expense - Marketing,Corporate Card,Posted,623.87,62.39,686.26,,,AUD,1.0
TX001114,2025-12-12,2025,4,12,December,D005,C009,V005,R01,P008,Advertising expense - Sales,Invoice,Posted,2053.22,205.32,2258.54,PO-75198,INV-553496,AUD,1.0
TX001115,2026-04-30,2026,2,4,April,D008,C013,V003,R01,P001,Rent expense - Facilities,Invoice,Accrued,3559.05,355.91,3914.96,PO-34650,INV-346225,AUD,1.0
TX001116,2025-12-07,2025,4,12,December,D008,C016,V028,R01,P008,Insurance expense - Facilities,Direct Debit,Posted,573.72,57.37,631.09,,INV-400434,AUD,1.0
TX001117,2025-01-07,2025,1,1,January,D002,C007,V035,R01,P008,Training expense - Finance,Invoice,Posted,78.27,7.83,86.1,PO-93796,INV-463633,AUD,1.0
TX001118,2025-02-20,2025,1,2,February,D003,C008,V023,R02,P008,Recruitment expense - Human Resources,Corporate Card,Posted,582.19,58.22,640.41,,,AUD,1.0
TX001119,2025-02-21,2025,1,2,February,D006,C011,V009,R01,P004,Office Supplies expense - Operations,Invoice,Posted,158.9,15.89,174.79,PO-31532,INV-144832,AUD,1.0
TX001120,2024-12-17,2024,4,12,December,D003,C008,V011,R01,P008,Recruitment expense - Human Resources,Expense Claim,Posted,1122.09,112.21,1234.3,,,AUD,1.0
TX001121,2025-02-09,2025,1,2,February,D002,C017,V033,R02,P002,Legal & Compliance expense - Finance,Invoice,Posted,687.53,68.75,756.28,PO-31587,INV-875643,AUD,1.0
TX001122,2024-08-20,2024,3,8,August,D006,C011,V024,R01,P008,Office Supplies expense - Operations,Corporate Card,Posted,246.34,24.63,270.97,,,AUD,1.0
TX001123,2026-02-06,2026,1,2,February,D007,C001,V010,R01,P008,Software & SaaS expense - Customer Service,Invoice,Posted,2143.37,214.34,2357.71,PO-50180,INV-353580,AUD,1.0
TX001124,2026-02-12,2026,1,2,February,D007,C007,V007,R04,P008,Training expense - Customer Service,Invoice,Posted,114.77,11.48,126.25,PO-18784,INV-365744,AUD,1.0
TX001125,2025-04-08,2025,2,4,April,D002,C006,V001,R05,P008,Travel expense - Finance,Invoice,Posted,719.33,71.93,791.26,PO-87291,INV-601680,AUD,1.0
TX001126,2025-10-12,2025,4,10,October,D001,C012,V021,R02,P001,Telecommunications expense - Information Technology,Invoice,Posted,300.83,30.08,330.91,PO-22845,INV-543234,AUD,1.0
TX001127,2025-12-06,2025,4,12,December,D006,C019,V003,R02,P001,Vehicle Expenses expense - Operations,Invoice,Posted,409.36,40.94,450.3,PO-92745,INV-198572,AUD,1.0
TX001128,2025-04-10,2025,2,4,April,D007,C007,V003,R01,P008,Training expense - Customer Service,Corporate Card,Posted,166.9,16.69,183.59,,,AUD,1.0
TX001129,2024-04-07,2024,2,4,April,D001,C012,V002,R01,P008,Telecommunications expense - Information Technology,Invoice,Posted,1066.31,106.63,1172.94,PO-60879,INV-940231,AUD,1.0
TX001130,2025-07-02,2025,3,7,July,D001,C003,V032,R02,P008,Hardware expense - Information Technology,Direct Debit,Posted,413.54,41.35,454.89,,INV-547460,AUD,1.0
TX001131,2024-04-22,2024,2,4,April,D003,C001,V001,R01,P008,Software & SaaS expense - Human Resources,Corporate Card,Posted,566.89,56.69,623.58,,,AUD,1.0
TX001132,2024-11-05,2024,4,11,November,D003,C004,V032,R01,P008,Contractors expense - Human Resources,Corporate Card,Posted,888.99,88.9,977.89,,,AUD,1.0
TX001133,2024-05-22,2024,2,5,May,D003,C011,V002,R05,P008,Office Supplies expense - Human Resources,Corporate Card,Posted,195.96,19.6,215.56,,,AUD,1.0
TX001134,2025-12-11,2025,4,12,December,D006,C019,V003,R02,P007,Vehicle Expenses expense - Operations,Invoice,Posted,438.29,43.83,482.12,PO-97123,INV-475015,AUD,1.0
TX001135,2025-05-01,2025,2,5,May,D007,C020,V009,R04,P008,Customer Support Tools expense - Customer Service,Invoice,Posted,403.61,40.36,443.97,PO-81554,INV-491451,AUD,1.0
TX001136,2025-07-24,2025,3,7,July,D005,C010,V012,R01,P008,Events expense - Sales,Invoice,Posted,876.51,87.65,964.16,PO-61211,INV-111737,AUD,1.0
TX001137,2025-01-15,2025,1,1,January,D001,C005,V018,R04,P002,Consulting expense - Information Technology,Direct Debit,Accrued,1365.82,136.58,1502.4,,INV-603724,AUD,1.0
TX001138,2026-03-31,2026,1,3,March,D004,C004,V014,R03,P008,Contractors expense - Marketing,Corporate Card,Posted,717.54,71.75,789.29,,,AUD,1.0
TX001139,2024-05-29,2024,2,5,May,D003,C008,V031,R01,P008,Recruitment expense - Human Resources,Invoice,Posted,1519.17,151.92,1671.09,PO-92001,INV-479293,AUD,1.0
TX001140,2024-08-18,2024,3,8,August,D005,C010,V021,R01,P007,Events expense - Sales,Direct Debit,Posted,544.23,54.42,598.65,,INV-744764,AUD,1.0
TX001141,2026-03-20,2026,1,3,March,D007,C004,V032,R01,P008,Contractors expense - Customer Service,Invoice,Posted,3096.48,309.65,3406.13,PO-29079,INV-910463,AUD,1.0
TX001142,2025-10-18,2025,4,10,October,D001,C003,V022,R01,P004,Hardware expense - Information Technology,Invoice,Accrued,515.9,51.59,567.49,PO-77035,INV-611482,AUD,1.0
TX001143,2025-01-30,2025,1,1,January,D003,C007,V022,R01,P008,Training expense - Human Resources,Invoice,Accrued,310.02,31.0,341.02,PO-47872,INV-723309,AUD,1.0
TX001144,2025-06-09,2025,2,6,June,D004,C006,V016,R05,P005,Travel expense - Marketing,Invoice,Posted,569.63,56.96,626.59,PO-63941,INV-392051,AUD,1.0
TX001145,2024-09-27,2024,3,9,September,D007,C004,V009,R03,P008,Contractors expense - Customer Service,Invoice,Posted,5804.13,580.41,6384.54,PO-82470,INV-436742,AUD,1.0
TX001146,2024-07-28,2024,3,7,July,D008,C014,V019,R02,P002,Utilities expense - Facilities,Direct Debit,Posted,934.61,93.46,1028.07,,INV-778929,AUD,1.0
TX001147,2026-04-09,2026,2,4,April,D008,C011,V018,R01,P008,Office Supplies expense - Facilities,Invoice,Posted,621.66,62.17,683.83,PO-26309,INV-494853,AUD,1.0
TX001148,2026-04-12,2026,2,4,April,D007,C001,V017,R01,P008,Software & SaaS expense - Customer Service,Expense Claim,Posted,2744.31,274.43,3018.74,,,AUD,1.0
TX001149,2025-08-04,2025,3,8,August,D007,C004,V032,R01,P008,Contractors expense - Customer Service,Invoice,Posted,2106.28,210.63,2316.91,PO-57360,INV-897048,AUD,1.0
TX001150,2026-03-31,2026,1,3,March,D001,C001,V035,R04,P004,Software & SaaS expense - Information Technology,Direct Debit,Posted,347.64,34.76,382.4,,INV-792371,AUD,1.0
TX001151,2025-08-03,2025,3,8,August,D001,C001,V018,R01,P008,Software & SaaS expense - Information Technology,Invoice,Posted,693.72,69.37,763.09,PO-82432,INV-470725,AUD,1.0
TX001152,2026-05-10,2026,2,5,May,D004,C004,V015,R01,P008,Contractors expense - Marketing,Invoice,Posted,1200.95,120.1,1321.05,PO-90495,INV-382831,AUD,1.0
TX001153,2026-04-08,2026,2,4,April,D008,C003,V015,R01,P008,Hardware expense - Facilities,Direct Debit,Posted,379.84,37.98,417.82,,INV-103322,AUD,1.0
TX001154,2024-09-01,2024,3,9,September,D005,C010,V025,R02,P008,Events expense - Sales,Direct Debit,Posted,1101.56,110.16,1211.72,,INV-257690,AUD,1.0
TX001155,2026-01-26,2026,1,1,January,D007,C020,V018,R03,P001,Customer Support Tools expense - Customer Service,Invoice,Posted,226.1,22.61,248.71,PO-12715,INV-623273,AUD,1.0
TX001156,2025-06-03,2025,2,6,June,D007,C012,V005,R03,P006,Telecommunications expense - Customer Service,Invoice,Posted,598.68,59.87,658.55,PO-51184,INV-470425,AUD,1.0
TX001157,2025-02-18,2025,1,2,February,D005,C006,V025,R03,P008,Travel expense - Sales,Invoice,Posted,861.26,86.13,947.39,PO-18479,INV-574214,AUD,1.0
TX001158,2025-12-31,2025,4,12,December,D001,C004,V002,R02,P005,Contractors expense - Information Technology,Direct Debit,Posted,1597.83,159.78,1757.61,,INV-339659,AUD,1.0
TX001159,2024-10-02,2024,4,10,October,D006,C006,V034,R02,P003,Travel expense - Operations,Direct Debit,Posted,1321.26,132.13,1453.39,,INV-194343,USD,1.5047
TX001160,2025-12-25,2025,4,12,December,D003,C001,V017,R03,P008,Software & SaaS expense - Human Resources,Direct Debit,Accrued,918.17,91.82,1009.99,,INV-340216,AUD,1.0
TX001161,2025-02-23,2025,1,2,February,D005,C006,V006,R02,P004,Travel expense - Sales,Direct Debit,Posted,971.47,97.15,1068.62,,INV-877094,AUD,1.0
TX001162,2024-06-29,2024,2,6,June,D005,C012,V011,R02,P007,Telecommunications expense - Sales,Invoice,Posted,66.57,6.66,73.23,PO-23305,INV-382113,AUD,1.0
TX001163,2026-04-16,2026,2,4,April,D003,C008,V024,R01,P008,Recruitment expense - Human Resources,Direct Debit,Posted,545.8,54.58,600.38,,INV-996959,AUD,1.0
TX001164,2024-06-24,2024,2,6,June,D005,C012,V004,R04,P008,Telecommunications expense - Sales,Invoice,Posted,330.06,33.01,363.07,PO-89818,INV-974805,AUD,1.0
TX001165,2025-01-11,2025,1,1,January,D005,C010,V008,R01,P003,Events expense - Sales,Corporate Card,Pending,1079.41,107.94,1187.35,,,AUD,1.0
TX001166,2024-05-19,2024,2,5,May,D001,C003,V026,R02,P008,Hardware expense - Information Technology,Direct Debit,Posted,1126.02,112.6,1238.62,,INV-644898,AUD,1.0
TX001167,2024-12-28,2024,4,12,December,D007,C007,V033,R02,P006,Training expense - Customer Service,Invoice,Pending,470.54,47.05,517.59,PO-49117,INV-221148,AUD,1.0
TX001168,2025-09-10,2025,3,9,September,D007,C012,V021,R01,P006,Telecommunications expense - Customer Service,Invoice,Posted,364.11,36.41,400.52,PO-68974,INV-719110,AUD,1.0
TX001169,2026-03-20,2026,1,3,March,D003,C011,V010,R04,P006,Office Supplies expense - Human Resources,Invoice,Posted,190.72,19.07,209.79,PO-70725,INV-236749,AUD,1.0
TX001170,2025-03-01,2025,1,3,March,D001,C002,V007,R05,P008,Cloud Services expense - Information Technology,Invoice,Posted,1009.74,100.97,1110.71,PO-66804,INV-181918,AUD,1.0
TX001171,2025-09-04,2025,3,9,September,D005,C009,V003,R04,P008,Advertising expense - Sales,Invoice,Posted,2149.34,214.93,2364.27,PO-23277,INV-253028,AUD,1.0
TX001172,2026-02-01,2026,1,2,February,D005,C001,V034,R01,P003,Software & SaaS expense - Sales,Invoice,Posted,740.63,74.06,814.69,PO-52800,INV-398767,AUD,1.0
TX001173,2025-01-11,2025,1,1,January,D001,C020,V029,R02,P002,Customer Support Tools expense - Information Technology,Invoice,Posted,1298.98,129.9,1428.88,PO-84232,INV-630524,AUD,1.0
TX001174,2024-03-09,2024,1,3,March,D003,C007,V018,R01,P008,Training expense - Human Resources,Invoice,Posted,100.19,10.02,110.21,PO-11587,INV-239399,AUD,1.0
TX001175,2024-07-18,2024,3,7,July,D007,C020,V010,R01,P008,Customer Support Tools expense - Customer Service,Expense Claim,Pending,580.89,58.09,638.98,,,AUD,1.0
TX001176,2024-06-16,2024,2,6,June,D001,C003,V015,R03,P008,Hardware expense - Information Technology,Direct Debit,Posted,167.67,16.77,184.44,,INV-581932,AUD,1.0
TX001177,2026-04-11,2026,2,4,April,D006,C018,V031,R03,P006,Freight & Logistics expense - Operations,Invoice,Posted,3428.29,342.83,3771.12,PO-53332,INV-762201,AUD,1.0
TX001178,2025-11-11,2025,4,11,November,D006,C018,V034,R01,P008,Freight & Logistics expense - Operations,Direct Debit,Posted,5228.17,522.82,5750.99,,INV-554949,AUD,1.0
TX001179,2025-05-09,2025,2,5,May,D005,C009,V026,R05,P005,Advertising expense - Sales,Direct Debit,Posted,351.25,35.12,386.37,,INV-681974,AUD,1.0
TX001180,2024-08-16,2024,3,8,August,D004,C004,V007,R02,P003,Contractors expense - Marketing,Invoice,Posted,2786.41,278.64,3065.05,PO-49201,INV-185070,AUD,1.0
TX001181,2024-09-05,2024,3,9,September,D003,C008,V005,R02,P008,Recruitment expense - Human Resources,Invoice,Pending,148.95,14.89,163.84,PO-53749,INV-488371,AUD,1.0
TX001182,2024-05-01,2024,2,5,May,D005,C006,V026,R02,P008,Travel expense - Sales,Direct Debit,Posted,817.31,81.73,899.04,,INV-272904,AUD,1.0
TX001183,2024-12-10,2024,4,12,December,D003,C008,V006,R01,P006,Recruitment expense - Human Resources,Invoice,Accrued,557.08,55.71,612.79,PO-94930,INV-259265,AUD,1.0
TX001184,2024-02-22,2024,1,2,February,D001,C004,V024,R01,P002,Contractors expense - Information Technology,Invoice,Posted,3601.49,360.15,3961.64,PO-23103,INV-140833,AUD,1.0
TX001185,2025-08-19,2025,3,8,August,D002,C001,V013,R03,P008,Software & SaaS expense - Finance,Invoice,Posted,2267.0,226.7,2493.7,PO-19395,INV-972207,AUD,1.0
TX001186,2025-09-19,2025,3,9,September,D005,C006,V017,R01,P008,Travel expense - Sales,Invoice,Posted,519.39,51.94,571.33,PO-54388,INV-797312,AUD,1.0
TX001187,2024-06-15,2024,2,6,June,D008,C016,V020,R02,P008,Insurance expense - Facilities,Invoice,Posted,180.34,18.03,198.37,PO-50543,INV-798619,AUD,1.0
TX001188,2024-11-30,2024,4,11,November,D004,C004,V003,R02,P008,Contractors expense - Marketing,Invoice,Posted,448.65,44.87,493.52,PO-29572,INV-857878,AUD,1.0
TX001189,2024-03-16,2024,1,3,March,D005,C009,V031,R03,P008,Advertising expense - Sales,Corporate Card,Posted,2036.33,203.63,2239.96,,,AUD,1.0
TX001190,2025-08-24,2025,3,8,August,D005,C019,V003,R01,P008,Vehicle Expenses expense - Sales,Invoice,Posted,625.56,62.56,688.12,PO-43053,INV-508482,AUD,1.0
TX001191,2024-07-10,2024,3,7,July,D008,C013,V021,R03,P006,Rent expense - Facilities,Corporate Card,Posted,1969.33,196.93,2166.26,,,AUD,1.0
TX001192,2026-02-08,2026,1,2,February,D003,C001,V017,R04,P003,Software & SaaS expense - Human Resources,Expense Claim,Posted,809.67,80.97,890.64,,,AUD,1.0
TX001193,2024-09-02,2024,3,9,September,D008,C011,V027,R04,P008,Office Supplies expense - Facilities,Corporate Card,Posted,169.18,16.92,186.1,,,AUD,1.0
TX001194,2026-03-01,2026,1,3,March,D004,C004,V033,R01,P008,Contractors expense - Marketing,Invoice,Accrued,1032.96,103.3,1136.26,PO-35776,INV-556065,AUD,1.0
TX001195,2026-02-27,2026,1,2,February,D001,C004,V019,R05,P008,Contractors expense - Information Technology,Invoice,Posted,2044.58,204.46,2249.04,PO-92187,INV-930302,AUD,1.0
TX001196,2024-03-05,2024,1,3,March,D008,C016,V015,R04,P008,Insurance expense - Facilities,Direct Debit,Posted,273.68,27.37,301.05,,INV-800901,AUD,1.0
TX001197,2025-08-16,2025,3,8,August,D005,C010,V003,R01,P008,Events expense - Sales,Direct Debit,Posted,1800.98,180.1,1981.08,,INV-868344,AUD,1.0
TX001198,2026-03-24,2026,1,3,March,D005,C012,V014,R03,P008,Telecommunications expense - Sales,Direct Debit,Accrued,428.92,42.89,471.81,,INV-507923,AUD,1.0
TX001199,2025-07-28,2025,3,7,July,D006,C004,V028,R02,P003,Contractors expense - Operations,Corporate Card,Accrued,672.04,67.2,739.24,,,AUD,1.0
TX001200,2024-07-27,2024,3,7,July,D003,C006,V020,R01,P008,Travel expense - Human Resources,Invoice,Accrued,606.83,60.68,667.51,PO-41398,INV-169187,AUD,1.0
TX001201,2026-03-08,2026,1,3,March,D005,C006,V008,R01,P008,Travel expense - Sales,Invoice,Posted,677.44,67.74,745.18,PO-90526,INV-391819,AUD,1.0
TX001202,2026-03-15,2026,1,3,March,D002,C005,V025,R04,P005,Consulting expense - Finance,Invoice,Accrued,2910.31,291.03,3201.34,PO-21327,INV-166514,AUD,1.0
TX001203,2024-06-15,2024,2,6,June,D003,C006,V035,R01,P008,Travel expense - Human Resources,Invoice,Posted,833.0,83.3,916.3,PO-23575,INV-946489,AUD,1.0
TX001204,2025-06-08,2025,2,6,June,D007,C004,V031,R01,P008,Contractors expense - Customer Service,Invoice,Posted,6723.36,672.34,7395.7,PO-74798,INV-684536,USD,1.484
TX001205,2026-02-28,2026,1,2,February,D008,C013,V003,R01,P005,Rent expense - Facilities,Corporate Card,Posted,3072.47,307.25,3379.72,,,AUD,1.0
TX001206,2026-02-06,2026,1,2,February,D001,C003,V007,R04,P002,Hardware expense - Information Technology,Invoice,Posted,1173.37,117.34,1290.71,PO-82299,INV-861165,AUD,1.0
TX001207,2026-02-18,2026,1,2,February,D006,C003,V021,R03,P001,Hardware expense - Operations,Invoice,Posted,438.83,43.88,482.71,PO-49348,INV-797118,AUD,1.0
TX001208,2024-05-20,2024,2,5,May,D005,C010,V027,R05,P004,Events expense - Sales,Corporate Card,Posted,548.46,54.85,603.31,,,AUD,1.0
TX001209,2024-10-18,2024,4,10,October,D006,C004,V034,R03,P008,Contractors expense - Operations,Invoice,Posted,4066.8,406.68,4473.48,PO-53749,INV-433774,AUD,1.0
TX001210,2026-06-28,2026,2,6,June,D002,C004,V006,R02,P008,Contractors expense - Finance,Direct Debit,Posted,1033.92,103.39,1137.31,,INV-183532,AUD,1.0
TX001211,2026-04-11,2026,2,4,April,D005,C012,V026,R03,P002,Telecommunications expense - Sales,Corporate Card,Posted,985.06,98.51,1083.57,,,AUD,1.0
TX001212,2024-03-11,2024,1,3,March,D002,C007,V003,R01,P008,Training expense - Finance,Invoice,Posted,261.08,26.11,287.19,PO-83556,INV-932681,AUD,1.0
TX001213,2024-09-10,2024,3,9,September,D002,C005,V007,R01,P008,Consulting expense - Finance,Invoice,Posted,1450.49,145.05,1595.54,PO-99449,INV-634442,AUD,1.0
TX001214,2024-09-01,2024,3,9,September,D007,C001,V013,R03,P008,Software & SaaS expense - Customer Service,Invoice,Posted,987.67,98.77,1086.44,PO-79177,INV-406924,AUD,1.0
TX001215,2024-12-18,2024,4,12,December,D003,C007,V019,R05,P007,Training expense - Human Resources,Direct Debit,Posted,128.16,12.82,140.98,,INV-734656,AUD,1.0
TX001216,2025-05-24,2025,2,5,May,D001,C001,V017,R02,P003,Software & SaaS expense - Information Technology,Direct Debit,Accrued,1788.46,178.85,1967.31,,INV-360864,AUD,1.0
TX001217,2024-05-15,2024,2,5,May,D001,C002,V005,R05,P008,Cloud Services expense - Information Technology,Invoice,Posted,1752.13,175.21,1927.34,PO-24519,INV-970287,USD,1.5362
TX001218,2025-12-13,2025,4,12,December,D001,C004,V010,R01,P003,Contractors expense - Information Technology,Invoice,Pending,458.69,45.87,504.56,PO-59640,INV-791557,AUD,1.0
TX001219,2025-06-15,2025,2,6,June,D005,C010,V010,R03,P008,Events expense - Sales,Direct Debit,Posted,672.79,67.28,740.07,,INV-613711,AUD,1.0
TX001220,2025-05-15,2025,2,5,May,D005,C010,V030,R01,P001,Events expense - Sales,Invoice,Posted,4282.83,428.28,4711.11,PO-47645,INV-247532,AUD,1.0
TX001221,2024-10-17,2024,4,10,October,D005,C006,V034,R02,P001,Travel expense - Sales,Invoice,Posted,242.14,24.21,266.35,PO-46125,INV-980245,AUD,1.0
TX001222,2025-05-03,2025,2,5,May,D007,C007,V009,R01,P004,Training expense - Customer Service,Expense Claim,Accrued,271.4,27.14,298.54,,,AUD,1.0
TX001223,2024-04-22,2024,2,4,April,D005,C019,V007,R01,P004,Vehicle Expenses expense - Sales,Direct Debit,Posted,352.91,35.29,388.2,,INV-694706,AUD,1.0
TX001224,2026-06-25,2026,2,6,June,D002,C004,V016,R04,P004,Contractors expense - Finance,Invoice,Posted,4531.33,453.13,4984.46,PO-79457,INV-291834,AUD,1.0
TX001225,2025-10-04,2025,4,10,October,D008,C014,V021,R01,P008,Utilities expense - Facilities,Invoice,Posted,2987.6,298.76,3286.36,PO-34559,INV-213735,AUD,1.0
TX001226,2026-01-20,2026,1,1,January,D005,C019,V018,R03,P004,Vehicle Expenses expense - Sales,Corporate Card,Posted,1123.53,112.35,1235.88,,,USD,1.5348
TX001227,2025-01-24,2025,1,1,January,D008,C014,V003,R01,P004,Utilities expense - Facilities,Corporate Card,Posted,1527.58,152.76,1680.34,,,AUD,1.0
TX001228,2025-03-17,2025,1,3,March,D001,C012,V009,R01,P008,Telecommunications expense - Information Technology,Expense Claim,Posted,203.83,20.38,224.21,,,AUD,1.0
TX001229,2025-07-15,2025,3,7,July,D008,C015,V014,R01,P008,Repairs & Maintenance expense - Facilities,Invoice,Posted,467.56,46.76,514.32,PO-46754,INV-774254,AUD,1.0
TX001230,2025-08-25,2025,3,8,August,D008,C004,V008,R01,P008,Contractors expense - Facilities,Corporate Card,Accrued,829.6,82.96,912.56,,,AUD,1.0
TX001231,2024-09-03,2024,3,9,September,D001,C004,V001,R03,P008,Contractors expense - Information Technology,Expense Claim,Posted,4880.17,488.02,5368.19,,,AUD,1.0
TX001232,2024-04-12,2024,2,4,April,D002,C007,V018,R02,P008,Training expense - Finance,Corporate Card,Posted,302.92,30.29,333.21,,,USD,1.5358
TX001233,2024-07-16,2024,3,7,July,D003,C004,V012,R01,P001,Contractors expense - Human Resources,Invoice,Posted,1016.19,101.62,1117.81,PO-39573,INV-748697,AUD,1.0
TX001234,2024-05-17,2024,2,5,May,D001,C001,V024,R03,P008,Software & SaaS expense - Information Technology,Invoice,Posted,3915.69,391.57,4307.26,PO-18292,INV-974113,AUD,1.0
TX001235,2024-06-11,2024,2,6,June,D008,C013,V035,R01,P006,Rent expense - Facilities,Invoice,Posted,2235.18,223.52,2458.7,PO-66966,INV-340393,AUD,1.0
TX001236,2025-12-17,2025,4,12,December,D003,C006,V034,R03,P008,Travel expense - Human Resources,Expense Claim,Posted,551.3,55.13,606.43,,,AUD,1.0
TX001237,2026-03-24,2026,1,3,March,D008,C011,V002,R01,P008,Office Supplies expense - Facilities,Direct Debit,Posted,127.61,12.76,140.37,,INV-709644,AUD,1.0
TX001238,2024-04-28,2024,2,4,April,D003,C001,V008,R01,P008,Software & SaaS expense - Human Resources,Corporate Card,Posted,1136.16,113.62,1249.78,,,AUD,1.0
TX001239,2024-02-24,2024,1,2,February,D003,C008,V016,R04,P008,Recruitment expense - Human Resources,Corporate Card,Posted,1131.36,113.14,1244.5,,,AUD,1.0
TX001240,2025-07-19,2025,3,7,July,D002,C005,V017,R02,P002,Consulting expense - Finance,Invoice,Posted,951.75,95.18,1046.93,PO-36909,INV-246499,AUD,1.0
TX001241,2026-04-02,2026,2,4,April,D004,C011,V029,R03,P008,Office Supplies expense - Marketing,Invoice,Posted,279.48,27.95,307.43,PO-54260,INV-131415,AUD,1.0
TX001242,2024-02-03,2024,1,2,February,D001,C020,V002,R01,P008,Customer Support Tools expense - Information Technology,Invoice,Posted,3898.94,389.89,4288.83,PO-93498,INV-714298,AUD,1.0
TX001243,2024-03-24,2024,1,3,March,D002,C016,V007,R01,P008,Insurance expense - Finance,Corporate Card,Posted,211.47,21.15,232.62,,,AUD,1.0
TX001244,2025-09-11,2025,3,9,September,D001,C012,V025,R01,P005,Telecommunications expense - Information Technology,Invoice,Posted,1144.02,114.4,1258.42,PO-30876,INV-189171,AUD,1.0
TX001245,2025-07-12,2025,3,7,July,D003,C008,V019,R03,P008,Recruitment expense - Human Resources,Invoice,Posted,342.5,34.25,376.75,PO-75721,INV-751852,AUD,1.0
TX001246,2026-03-18,2026,1,3,March,D001,C003,V028,R01,P001,Hardware expense - Information Technology,Invoice,Posted,850.63,85.06,935.69,PO-59531,INV-462127,AUD,1.0
TX001247,2025-10-13,2025,4,10,October,D006,C003,V034,R01,P008,Hardware expense - Operations,Invoice,Posted,431.05,43.11,474.16,PO-77067,INV-338912,AUD,1.0
TX001248,2024-11-25,2024,4,11,November,D006,C019,V011,R01,P005,Vehicle Expenses expense - Operations,Invoice,Posted,1499.28,149.93,1649.21,PO-16951,INV-526489,AUD,1.0
TX001249,2024-07-31,2024,3,7,July,D004,C009,V030,R03,P008,Advertising expense - Marketing,Invoice,Posted,2943.12,294.31,3237.43,PO-78920,INV-293741,AUD,1.0
TX001250,2024-05-08,2024,2,5,May,D002,C001,V008,R01,P001,Software & SaaS expense - Finance,Invoice,Accrued,1875.66,187.57,2063.23,PO-10651,INV-374315,AUD,1.0
TX001251,2025-10-02,2025,4,10,October,D005,C019,V032,R01,P008,Vehicle Expenses expense - Sales,Invoice,Posted,1599.2,159.92,1759.12,PO-94900,INV-167282,AUD,1.0
TX001252,2025-02-13,2025,1,2,February,D005,C006,V026,R01,P001,Travel expense - Sales,Invoice,Posted,838.89,83.89,922.78,PO-50304,INV-527442,AUD,1.0
TX001253,2024-10-31,2024,4,10,October,D003,C001,V009,R01,P007,Software & SaaS expense - Human Resources,Invoice,Posted,539.61,53.96,593.57,PO-43010,INV-186159,AUD,1.0
TX001254,2025-04-18,2025,2,4,April,D001,C020,V025,R02,P008,Customer Support Tools expense - Information Technology,Direct Debit,Posted,574.32,57.43,631.75,,INV-856153,AUD,1.0
TX001255,2025-11-22,2025,4,11,November,D006,C006,V013,R02,P003,Travel expense - Operations,Invoice,Posted,516.22,51.62,567.84,PO-79514,INV-629757,AUD,1.0
TX001256,2024-01-24,2024,1,1,January,D004,C011,V033,R01,P004,Office Supplies expense - Marketing,Invoice,Posted,256.19,25.62,281.81,PO-89966,INV-972156,AUD,1.0
TX001257,2025-12-14,2025,4,12,December,D001,C012,V004,R03,P001,Telecommunications expense - Information Technology,Expense Claim,Posted,239.48,23.95,263.43,,,AUD,1.0
TX001258,2025-06-22,2025,2,6,June,D005,C012,V026,R01,P008,Telecommunications expense - Sales,Direct Debit,Posted,1779.26,177.93,1957.19,,INV-576833,AUD,1.0
TX001259,2025-06-22,2025,2,6,June,D008,C015,V004,R04,P002,Repairs & Maintenance expense - Facilities,Corporate Card,Posted,659.11,65.91,725.02,,,AUD,1.0
TX001260,2024-08-09,2024,3,8,August,D003,C007,V003,R03,P008,Training expense - Human Resources,Invoice,Posted,1110.91,111.09,1222.0,PO-61031,INV-199937,AUD,1.0
TX001261,2025-04-17,2025,2,4,April,D007,C020,V001,R03,P008,Customer Support Tools expense - Customer Service,Invoice,Accrued,1081.45,108.15,1189.6,PO-42032,INV-821836,AUD,1.0
TX001262,2025-01-21,2025,1,1,January,D006,C011,V019,R03,P008,Office Supplies expense - Operations,Expense Claim,Accrued,621.83,62.18,684.01,,,AUD,1.0
TX001263,2026-06-22,2026,2,6,June,D004,C009,V009,R01,P008,Advertising expense - Marketing,Direct Debit,Posted,3684.95,368.5,4053.45,,INV-214143,AUD,1.0
TX001264,2025-07-06,2025,3,7,July,D005,C006,V022,R01,P008,Travel expense - Sales,Corporate Card,Posted,1431.78,143.18,1574.96,,,AUD,1.0
TX001265,2026-01-10,2026,1,1,January,D003,C004,V005,R03,P008,Contractors expense - Human Resources,Invoice,Posted,1050.9,105.09,1155.99,PO-14781,INV-829197,AUD,1.0
TX001266,2026-02-02,2026,1,2,February,D005,C006,V003,R02,P006,Travel expense - Sales,Direct Debit,Posted,2126.63,212.66,2339.29,,INV-514708,AUD,1.0
TX001267,2025-03-14,2025,1,3,March,D007,C001,V009,R02,P002,Software & SaaS expense - Customer Service,Direct Debit,Posted,540.05,54.0,594.05,,INV-158077,AUD,1.0
TX001268,2025-06-16,2025,2,6,June,D004,C006,V006,R02,P008,Travel expense - Marketing,Invoice,Posted,2807.38,280.74,3088.12,PO-37899,INV-204800,AUD,1.0
TX001269,2024-06-28,2024,2,6,June,D004,C006,V028,R04,P005,Travel expense - Marketing,Invoice,Posted,507.2,50.72,557.92,PO-65636,INV-900117,AUD,1.0
TX001270,2025-07-28,2025,3,7,July,D003,C008,V017,R01,P008,Recruitment expense - Human Resources,Invoice,Pending,191.16,19.12,210.28,PO-35437,INV-459251,AUD,1.0
TX001271,2024-11-01,2024,4,11,November,D004,C009,V034,R04,P008,Advertising expense - Marketing,Corporate Card,Posted,1294.95,129.5,1424.45,,,AUD,1.0
TX001272,2025-04-07,2025,2,4,April,D001,C005,V005,R04,P008,Consulting expense - Information Technology,Invoice,Pending,2110.7,211.07,2321.77,PO-43455,INV-711214,AUD,1.0
TX001273,2026-04-06,2026,2,4,April,D003,C007,V027,R03,P008,Training expense - Human Resources,Invoice,Posted,446.39,44.64,491.03,PO-82443,INV-772922,AUD,1.0
TX001274,2025-09-11,2025,3,9,September,D008,C003,V035,R04,P004,Hardware expense - Facilities,Corporate Card,Posted,2115.54,211.55,2327.09,,,AUD,1.0
TX001275,2025-08-01,2025,3,8,August,D002,C005,V020,R01,P008,Consulting expense - Finance,Direct Debit,Posted,1879.65,187.97,2067.62,,INV-979950,USD,1.5836
TX001276,2026-03-10,2026,1,3,March,D004,C006,V028,R04,P008,Travel expense - Marketing,Direct Debit,Posted,510.15,51.02,561.17,,INV-685009,AUD,1.0
TX001277,2025-04-29,2025,2,4,April,D003,C007,V027,R03,P008,Training expense - Human Resources,Invoice,Posted,206.26,20.63,226.89,PO-78156,INV-736203,AUD,1.0
TX001278,2024-08-13,2024,3,8,August,D006,C019,V016,R03,P008,Vehicle Expenses expense - Operations,Corporate Card,Posted,2426.34,242.63,2668.97,,,AUD,1.0
TX001279,2026-04-18,2026,2,4,April,D005,C001,V008,R04,P008,Software & SaaS expense - Sales,Invoice,Posted,1162.63,116.26,1278.89,PO-63245,INV-719196,AUD,1.0
TX001280,2026-02-20,2026,1,2,February,D006,C018,V018,R03,P007,Freight & Logistics expense - Operations,Invoice,Posted,485.76,48.58,534.34,PO-38394,INV-115658,AUD,1.0
TX001281,2025-07-29,2025,3,7,July,D008,C016,V010,R02,P008,Insurance expense - Facilities,Invoice,Accrued,2632.12,263.21,2895.33,PO-25753,INV-364168,AUD,1.0
TX001282,2026-05-13,2026,2,5,May,D004,C006,V020,R02,P002,Travel expense - Marketing,Direct Debit,Posted,1252.37,125.24,1377.61,,INV-272223,AUD,1.0
TX001283,2025-05-04,2025,2,5,May,D004,C001,V028,R01,P008,Software & SaaS expense - Marketing,Invoice,Pending,4030.95,403.1,4434.05,PO-60749,INV-628376,USD,1.4675
TX001284,2024-07-25,2024,3,7,July,D002,C001,V022,R03,P008,Software & SaaS expense - Finance,Corporate Card,Posted,843.57,84.36,927.93,,,AUD,1.0
TX001285,2024-03-15,2024,1,3,March,D006,C003,V034,R02,P008,Hardware expense - Operations,Invoice,Posted,348.24,34.82,383.06,PO-58281,INV-331222,AUD,1.0
TX001286,2025-10-14,2025,4,10,October,D005,C009,V029,R01,P008,Advertising expense - Sales,Invoice,Posted,1779.7,177.97,1957.67,PO-62850,INV-900028,AUD,1.0
TX001287,2026-06-02,2026,2,6,June,D007,C004,V006,R02,P005,Contractors expense - Customer Service,Corporate Card,Posted,3106.99,310.7,3417.69,,,AUD,1.0
TX001288,2024-02-18,2024,1,2,February,D003,C008,V017,R03,P008,Recruitment expense - Human Resources,Expense Claim,Posted,527.46,52.75,580.21,,,AUD,1.0
TX001289,2024-04-01,2024,2,4,April,D003,C006,V013,R01,P008,Travel expense - Human Resources,Invoice,Posted,165.49,16.55,182.04,PO-31531,INV-810968,AUD,1.0
TX001290,2024-04-14,2024,2,4,April,D002,C007,V015,R01,P006,Training expense - Finance,Invoice,Posted,423.9,42.39,466.29,PO-74978,INV-672640,AUD,1.0
TX001291,2025-08-10,2025,3,8,August,D006,C011,V005,R01,P003,Office Supplies expense - Operations,Invoice,Posted,672.46,67.25,739.71,PO-32111,INV-706922,AUD,1.0
TX001292,2024-11-26,2024,4,11,November,D001,C002,V003,R04,P004,Cloud Services expense - Information Technology,Invoice,Posted,870.49,87.05,957.54,PO-24192,INV-248660,AUD,1.0
TX001293,2025-04-19,2025,2,4,April,D008,C015,V005,R02,P008,Repairs & Maintenance expense - Facilities,Direct Debit,Posted,197.98,19.8,217.78,,INV-758784,AUD,1.0
TX001294,2024-07-17,2024,3,7,July,D005,C012,V035,R05,P007,Telecommunications expense - Sales,Direct Debit,Posted,116.18,11.62,127.8,,INV-894693,AUD,1.0
TX001295,2025-03-12,2025,1,3,March,D004,C010,V033,R01,P002,Events expense - Marketing,Invoice,Posted,327.21,32.72,359.93,PO-68935,INV-874672,AUD,1.0
TX001296,2024-01-24,2024,1,1,January,D008,C016,V028,R03,P008,Insurance expense - Facilities,Invoice,Posted,79.91,7.99,87.9,PO-75072,INV-347411,AUD,1.0
TX001297,2025-02-18,2025,1,2,February,D003,C001,V035,R01,P001,Software & SaaS expense - Human Resources,Invoice,Posted,260.73,26.07,286.8,PO-98327,INV-266951,AUD,1.0
TX001298,2024-03-29,2024,1,3,March,D007,C007,V029,R01,P005,Training expense - Customer Service,Invoice,Accrued,240.53,24.05,264.58,PO-19535,INV-698336,AUD,1.0
TX001299,2024-05-22,2024,2,5,May,D006,C018,V003,R02,P008,Freight & Logistics expense - Operations,Corporate Card,Posted,1823.49,182.35,2005.84,,,AUD,1.0
TX001300,2025-07-08,2025,3,7,July,D005,C012,V009,R04,P008,Telecommunications expense - Sales,Corporate Card,Posted,310.46,31.05,341.51,,,AUD,1.0
TX001301,2025-07-09,2025,3,7,July,D007,C020,V019,R03,P004,Customer Support Tools expense - Customer Service,Corporate Card,Posted,947.97,94.8,1042.77,,,AUD,1.0
TX001302,2025-07-20,2025,3,7,July,D002,C016,V035,R01,P005,Insurance expense - Finance,Corporate Card,Posted,575.29,57.53,632.82,,,AUD,1.0
TX001303,2024-04-03,2024,2,4,April,D006,C004,V029,R01,P008,Contractors expense - Operations,Direct Debit,Posted,1398.76,139.88,1538.64,,INV-745485,AUD,1.0
TX001304,2025-04-07,2025,2,4,April,D005,C010,V005,R04,P008,Events expense - Sales,Invoice,Posted,1800.56,180.06,1980.62,PO-81037,INV-257199,AUD,1.0
TX001305,2026-05-27,2026,2,5,May,D007,C020,V009,R02,P008,Customer Support Tools expense - Customer Service,Invoice,Posted,417.98,41.8,459.78,PO-79748,INV-433713,AUD,1.0
TX001306,2025-11-28,2025,4,11,November,D001,C004,V016,R03,P008,Contractors expense - Information Technology,Direct Debit,Posted,956.9,95.69,1052.59,,INV-892269,AUD,1.0
TX001307,2025-02-03,2025,1,2,February,D007,C020,V003,R01,P008,Customer Support Tools expense - Customer Service,Direct Debit,Posted,388.96,38.9,427.86,,INV-363408,AUD,1.0
TX001308,2024-07-05,2024,3,7,July,D007,C012,V023,R02,P003,Telecommunications expense - Customer Service,Invoice,Accrued,1146.18,114.62,1260.8,PO-99591,INV-658579,AUD,1.0
TX001309,2026-01-27,2026,1,1,January,D005,C010,V013,R04,P004,Events expense - Sales,Invoice,Posted,1421.97,142.2,1564.17,PO-44174,INV-183473,AUD,1.0
TX001310,2025-12-01,2025,4,12,December,D006,C004,V031,R02,P005,Contractors expense - Operations,Invoice,Posted,515.9,51.59,567.49,PO-23398,INV-334412,AUD,1.0
TX001311,2026-05-31,2026,2,5,May,D002,C007,V002,R03,P005,Training expense - Finance,Invoice,Posted,867.3,86.73,954.03,PO-52516,INV-116391,AUD,1.0
TX001312,2025-09-16,2025,3,9,September,D006,C011,V017,R03,P004,Office Supplies expense - Operations,Corporate Card,Posted,143.07,14.31,157.38,,,AUD,1.0
TX001313,2025-06-08,2025,2,6,June,D002,C017,V031,R01,P008,Legal & Compliance expense - Finance,Direct Debit,Posted,356.66,35.67,392.33,,INV-931994,AUD,1.0
TX001314,2024-02-08,2024,1,2,February,D002,C017,V006,R01,P006,Legal & Compliance expense - Finance,Invoice,Posted,404.93,40.49,445.42,PO-32742,INV-483894,AUD,1.0
TX001315,2025-09-26,2025,3,9,September,D004,C009,V034,R02,P008,Advertising expense - Marketing,Invoice,Accrued,2027.3,202.73,2230.03,PO-29619,INV-830989,AUD,1.0
TX001316,2026-06-04,2026,2,6,June,D002,C005,V003,R05,P008,Consulting expense - Finance,Invoice,Pending,1882.97,188.3,2071.27,PO-87559,INV-649161,AUD,1.0
TX001317,2025-04-29,2025,2,4,April,D001,C005,V031,R03,P002,Consulting expense - Information Technology,Invoice,Posted,452.7,45.27,497.97,PO-55654,INV-521730,AUD,1.0
TX001318,2024-06-15,2024,2,6,June,D003,C006,V028,R02,P008,Travel expense - Human Resources,Direct Debit,Posted,45,4.5,49.5,,INV-890930,AUD,1.0
TX001319,2025-04-05,2025,2,4,April,D008,C011,V032,R01,P003,Office Supplies expense - Facilities,Expense Claim,Posted,381.87,38.19,420.06,,,AUD,1.0
TX001320,2025-10-09,2025,4,10,October,D006,C019,V021,R02,P008,Vehicle Expenses expense - Operations,Invoice,Posted,481.91,48.19,530.1,PO-20876,INV-951881,AUD,1.0
TX001321,2025-12-10,2025,4,12,December,D007,C007,V001,R01,P008,Training expense - Customer Service,Invoice,Posted,515.57,51.56,567.13,PO-40988,INV-237497,AUD,1.0
TX001322,2025-10-20,2025,4,10,October,D002,C017,V014,R01,P005,Legal & Compliance expense - Finance,Invoice,Posted,233.11,23.31,256.42,PO-82816,INV-874011,AUD,1.0
TX001323,2024-07-05,2024,3,7,July,D002,C005,V034,R01,P008,Consulting expense - Finance,Corporate Card,Posted,1561.4,156.14,1717.54,,,AUD,1.0
TX001324,2026-05-20,2026,2,5,May,D004,C009,V029,R02,P008,Advertising expense - Marketing,Invoice,Posted,1765.25,176.53,1941.78,PO-77543,INV-874633,AUD,1.0
TX001325,2025-12-21,2025,4,12,December,D003,C006,V005,R01,P008,Travel expense - Human Resources,Invoice,Posted,593.1,59.31,652.41,PO-27527,INV-299673,AUD,1.0
TX001326,2026-05-06,2026,2,5,May,D002,C004,V001,R01,P002,Contractors expense - Finance,Invoice,Posted,2573.3,257.33,2830.63,PO-78103,INV-356637,AUD,1.0
TX001327,2025-03-01,2025,1,3,March,D005,C010,V030,R01,P008,Events expense - Sales,Direct Debit,Posted,786.91,78.69,865.6,,INV-797467,AUD,1.0
TX001328,2025-04-11,2025,2,4,April,D003,C004,V021,R04,P008,Contractors expense - Human Resources,Invoice,Posted,1858.04,185.8,2043.84,PO-14285,INV-441242,AUD,1.0
TX001329,2024-05-25,2024,2,5,May,D002,C007,V030,R04,P008,Training expense - Finance,Invoice,Posted,178.55,17.86,196.41,PO-33809,INV-853180,AUD,1.0
TX001330,2025-03-26,2025,1,3,March,D002,C016,V014,R02,P001,Insurance expense - Finance,Corporate Card,Posted,71.71,7.17,78.88,,,AUD,1.0
TX001331,2024-07-09,2024,3,7,July,D001,C003,V014,R01,P003,Hardware expense - Information Technology,Corporate Card,Posted,2735.01,273.5,3008.51,,,AUD,1.0
TX001332,2025-07-17,2025,3,7,July,D003,C004,V024,R04,P005,Contractors expense - Human Resources,Invoice,Posted,2352.9,235.29,2588.19,PO-82868,INV-423025,AUD,1.0
TX001333,2024-09-30,2024,3,9,September,D007,C001,V032,R02,P008,Software & SaaS expense - Customer Service,Invoice,Posted,151.63,15.16,166.79,PO-44214,INV-366229,AUD,1.0
TX001334,2025-08-14,2025,3,8,August,D008,C014,V029,R03,P002,Utilities expense - Facilities,Corporate Card,Posted,1794.19,179.42,1973.61,,,AUD,1.0
TX001335,2025-03-26,2025,1,3,March,D002,C004,V030,R01,P004,Contractors expense - Finance,Corporate Card,Posted,2384.62,238.46,2623.08,,,AUD,1.0
TX001336,2025-07-25,2025,3,7,July,D004,C004,V007,R01,P008,Contractors expense - Marketing,Corporate Card,Posted,795.72,79.57,875.29,,,AUD,1.0
TX001337,2024-07-11,2024,3,7,July,D003,C001,V032,R04,P004,Software & SaaS expense - Human Resources,Direct Debit,Posted,9729.43,972.94,10702.37,,INV-696557,AUD,1.0
TX001338,2025-03-24,2025,1,3,March,D006,C019,V024,R01,P008,Vehicle Expenses expense - Operations,Invoice,Accrued,1165.01,116.5,1281.51,PO-15300,INV-311807,AUD,1.0
TX001339,2024-01-18,2024,1,1,January,D005,C009,V006,R01,P006,Advertising expense - Sales,Invoice,Posted,1607.1,160.71,1767.81,PO-37531,INV-863319,AUD,1.0
TX001340,2025-08-07,2025,3,8,August,D002,C001,V011,R03,P008,Software & SaaS expense - Finance,Corporate Card,Posted,3778.91,377.89,4156.8,,,AUD,1.0
TX001341,2024-11-06,2024,4,11,November,D004,C009,V033,R01,P008,Advertising expense - Marketing,Invoice,Posted,808.35,80.84,889.19,PO-71616,INV-186662,AUD,1.0
TX001342,2024-08-03,2024,3,8,August,D008,C003,V026,R03,P002,Hardware expense - Facilities,Invoice,Posted,505.13,50.51,555.64,PO-70338,INV-530033,AUD,1.0
TX001343,2025-04-22,2025,2,4,April,D003,C001,V006,R01,P008,Software & SaaS expense - Human Resources,Invoice,Posted,449.17,44.92,494.09,PO-90938,INV-856726,AUD,1.0
TX001344,2024-02-02,2024,1,2,February,D008,C004,V034,R03,P008,Contractors expense - Facilities,Corporate Card,Posted,594.55,59.45,654.0,,,AUD,1.0
TX001345,2025-03-17,2025,1,3,March,D007,C007,V012,R01,P001,Training expense - Customer Service,Direct Debit,Posted,174.19,17.42,191.61,,INV-901489,AUD,1.0
TX001346,2026-03-14,2026,1,3,March,D005,C006,V026,R01,P004,Travel expense - Sales,Invoice,Posted,814.34,81.43,895.77,PO-27646,INV-257420,AUD,1.0
TX001347,2025-09-02,2025,3,9,September,D005,C010,V013,R01,P008,Events expense - Sales,Expense Claim,Posted,1812.23,181.22,1993.45,,,AUD,1.0
TX001348,2024-03-08,2024,1,3,March,D001,C020,V023,R05,P008,Customer Support Tools expense - Information Technology,Invoice,Posted,150.83,15.08,165.91,PO-69471,INV-224413,AUD,1.0
TX001349,2024-05-25,2024,2,5,May,D005,C006,V021,R02,P005,Travel expense - Sales,Direct Debit,Posted,733.6,73.36,806.96,,INV-371955,AUD,1.0
TX001350,2024-03-17,2024,1,3,March,D003,C001,V004,R01,P008,Software & SaaS expense - Human Resources,Invoice,Posted,855.28,85.53,940.81,PO-17904,INV-274432,AUD,1.0
TX001351,2025-09-05,2025,3,9,September,D001,C004,V028,R03,P008,Contractors expense - Information Technology,Invoice,Posted,1321.5,132.15,1453.65,PO-79605,INV-781673,AUD,1.0
TX001352,2024-04-19,2024,2,4,April,D006,C006,V001,R01,P008,Travel expense - Operations,Invoice,Posted,145.34,14.53,159.87,PO-90758,INV-480828,AUD,1.0
TX001353,2025-02-19,2025,1,2,February,D008,C014,V024,R04,P008,Utilities expense - Facilities,Corporate Card,Posted,469.65,46.97,516.62,,,AUD,1.0
TX001354,2026-03-08,2026,1,3,March,D006,C006,V016,R01,P008,Travel expense - Operations,Invoice,Posted,89.54,8.95,98.49,PO-10358,INV-215930,AUD,1.0
TX001355,2024-02-15,2024,1,2,February,D001,C020,V008,R01,P008,Customer Support Tools expense - Information Technology,Invoice,Posted,780.04,78.0,858.04,PO-31217,INV-544392,AUD,1.0
TX001356,2025-06-12,2025,2,6,June,D001,C005,V024,R01,P002,Consulting expense - Information Technology,Invoice,Pending,1129.49,112.95,1242.44,PO-17969,INV-585968,AUD,1.0
TX001357,2024-03-27,2024,1,3,March,D004,C010,V016,R01,P008,Events expense - Marketing,Expense Claim,Posted,2121.95,212.19,2334.14,,,USD,1.5238
TX001358,2025-02-14,2025,1,2,February,D003,C001,V028,R03,P001,Software & SaaS expense - Human Resources,Invoice,Posted,417.1,41.71,458.81,PO-66293,INV-725119,AUD,1.0
TX001359,2024-09-16,2024,3,9,September,D008,C003,V022,R01,P008,Hardware expense - Facilities,Direct Debit,Posted,273.83,27.38,301.21,,INV-962543,AUD,1.0
TX001360,2026-04-09,2026,2,4,April,D008,C011,V028,R04,P008,Office Supplies expense - Facilities,Direct Debit,Posted,279.82,27.98,307.8,,INV-133643,AUD,1.0
TX001361,2024-02-28,2024,1,2,February,D005,C010,V022,R02,P002,Events expense - Sales,Invoice,Posted,919.48,91.95,1011.43,PO-73655,INV-798914,AUD,1.0
TX001362,2025-04-23,2025,2,4,April,D002,C005,V017,R01,P008,Consulting expense - Finance,Expense Claim,Posted,1555.87,155.59,1711.46,,,AUD,1.0
TX001363,2026-02-14,2026,1,2,February,D005,C012,V005,R01,P004,Telecommunications expense - Sales,Invoice,Posted,292.47,29.25,321.72,PO-87286,INV-412086,AUD,1.0
TX001364,2025-10-24,2025,4,10,October,D008,C013,V032,R04,P008,Rent expense - Facilities,Invoice,Posted,4153.6,415.36,4568.96,PO-64339,INV-500788,AUD,1.0
TX001365,2025-09-09,2025,3,9,September,D005,C001,V007,R02,P006,Software & SaaS expense - Sales,Expense Claim,Posted,415.51,41.55,457.06,,,AUD,1.0
TX001366,2024-09-11,2024,3,9,September,D004,C004,V014,R03,P007,Contractors expense - Marketing,Corporate Card,Pending,2858.24,285.82,3144.06,,,AUD,1.0
TX001367,2025-04-01,2025,2,4,April,D001,C001,V011,R03,P008,Software & SaaS expense - Information Technology,Direct Debit,Posted,590.62,59.06,649.68,,INV-981881,AUD,1.0
TX001368,2024-06-11,2024,2,6,June,D001,C012,V007,R04,P008,Telecommunications expense - Information Technology,Invoice,Posted,3508.15,350.82,3858.97,PO-90636,INV-699326,AUD,1.0
TX001369,2025-06-09,2025,2,6,June,D008,C004,V029,R04,P002,Contractors expense - Facilities,Expense Claim,Posted,1896.15,189.62,2085.77,,,AUD,1.0
TX001370,2026-04-14,2026,2,4,April,D002,C007,V020,R05,P008,Training expense - Finance,Invoice,Posted,293.14,29.31,322.45,PO-78412,INV-638071,AUD,1.0
TX001371,2026-01-25,2026,1,1,January,D004,C010,V024,R05,P008,Events expense - Marketing,Invoice,Posted,717.16,71.72,788.88,PO-16137,INV-539130,AUD,1.0
TX001372,2025-04-30,2025,2,4,April,D006,C011,V012,R03,P008,Office Supplies expense - Operations,Invoice,Posted,452.12,45.21,497.33,PO-94928,INV-800431,AUD,1.0
TX001373,2024-03-27,2024,1,3,March,D003,C008,V018,R04,P008,Recruitment expense - Human Resources,Invoice,Posted,992.86,99.29,1092.15,PO-61393,INV-706701,AUD,1.0
TX001374,2025-11-17,2025,4,11,November,D008,C015,V023,R03,P004,Repairs & Maintenance expense - Facilities,Direct Debit,Posted,374.34,37.43,411.77,,INV-217957,AUD,1.0
TX001375,2024-12-29,2024,4,12,December,D007,C001,V016,R02,P008,Software & SaaS expense - Customer Service,Direct Debit,Posted,559.63,55.96,615.59,,INV-449497,AUD,1.0
TX001376,2026-01-10,2026,1,1,January,D007,C007,V026,R01,P008,Training expense - Customer Service,Direct Debit,Posted,89.06,8.91,97.97,,INV-396788,AUD,1.0
TX001377,2026-05-05,2026,2,5,May,D007,C012,V028,R02,P008,Telecommunications expense - Customer Service,Invoice,Posted,127.4,12.74,140.14,PO-83509,INV-454437,AUD,1.0
TX001378,2024-04-14,2024,2,4,April,D007,C004,V016,R01,P008,Contractors expense - Customer Service,Invoice,Posted,3375.94,337.59,3713.53,PO-85218,INV-927687,AUD,1.0
TX001379,2026-03-08,2026,1,3,March,D004,C006,V033,R02,P008,Travel expense - Marketing,Expense Claim,Posted,575.83,57.58,633.41,,,AUD,1.0
TX001380,2024-03-10,2024,1,3,March,D007,C001,V020,R03,P001,Software & SaaS expense - Customer Service,Direct Debit,Posted,1240.38,124.04,1364.42,,INV-343950,AUD,1.0
TX001381,2024-08-06,2024,3,8,August,D008,C015,V012,R02,P001,Repairs & Maintenance expense - Facilities,Invoice,Posted,272.63,27.26,299.89,PO-12874,INV-273616,AUD,1.0
TX001382,2025-01-03,2025,1,1,January,D005,C009,V007,R02,P004,Advertising expense - Sales,Direct Debit,Posted,1112.05,111.2,1223.25,,INV-925961,AUD,1.0
TX001383,2025-08-03,2025,3,8,August,D007,C012,V031,R04,P008,Telecommunications expense - Customer Service,Corporate Card,Posted,122.52,12.25,134.77,,,AUD,1.0
TX001384,2025-07-13,2025,3,7,July,D001,C005,V001,R02,P008,Consulting expense - Information Technology,Invoice,Posted,2933.63,293.36,3226.99,PO-45503,INV-533795,AUD,1.0
TX001385,2025-06-13,2025,2,6,June,D002,C017,V012,R01,P005,Legal & Compliance expense - Finance,Expense Claim,Posted,2590.0,259.0,2849.0,,,AUD,1.0
TX001386,2025-07-05,2025,3,7,July,D004,C011,V029,R05,P006,Office Supplies expense - Marketing,Invoice,Posted,135.95,13.59,149.54,PO-52903,INV-456814,AUD,1.0
TX001387,2025-08-25,2025,3,8,August,D005,C009,V008,R04,P001,Advertising expense - Sales,Corporate Card,Posted,2446.51,244.65,2691.16,,,AUD,1.0
TX001388,2025-05-04,2025,2,5,May,D006,C004,V003,R03,P006,Contractors expense - Operations,Invoice,Posted,1356.57,135.66,1492.23,PO-88119,INV-663942,AUD,1.0
TX001389,2026-02-09,2026,1,2,February,D007,C004,V009,R02,P004,Contractors expense - Customer Service,Invoice,Posted,490.47,49.05,539.52,PO-11006,INV-151539,AUD,1.0
TX001390,2024-01-26,2024,1,1,January,D005,C006,V017,R01,P008,Travel expense - Sales,Invoice,Posted,278.67,27.87,306.54,PO-82974,INV-743186,AUD,1.0
TX001391,2025-03-21,2025,1,3,March,D007,C012,V028,R02,P005,Telecommunications expense - Customer Service,Invoice,Posted,668.86,66.89,735.75,PO-54553,INV-663628,AUD,1.0
TX001392,2024-01-30,2024,1,1,January,D008,C016,V015,R05,P008,Insurance expense - Facilities,Corporate Card,Posted,199.28,19.93,219.21,,,AUD,1.0
TX001393,2026-03-12,2026,1,3,March,D006,C006,V009,R04,P008,Travel expense - Operations,Invoice,Posted,1180.35,118.03,1298.38,PO-61968,INV-763354,AUD,1.0
TX001394,2024-12-08,2024,4,12,December,D006,C004,V028,R05,P001,Contractors expense - Operations,Invoice,Accrued,973.69,97.37,1071.06,PO-69234,INV-548981,AUD,1.0
TX001395,2026-06-21,2026,2,6,June,D008,C015,V009,R03,P005,Repairs & Maintenance expense - Facilities,Invoice,Posted,1336.31,133.63,1469.94,PO-23096,INV-196783,AUD,1.0
TX001396,2025-01-16,2025,1,1,January,D005,C012,V004,R04,P008,Telecommunications expense - Sales,Corporate Card,Posted,410.13,41.01,451.14,,,USD,1.5222
TX001397,2025-07-26,2025,3,7,July,D003,C004,V023,R04,P003,Contractors expense - Human Resources,Invoice,Posted,1191.61,119.16,1310.77,PO-63549,INV-931026,AUD,1.0
TX001398,2024-09-26,2024,3,9,September,D003,C011,V008,R04,P001,Office Supplies expense - Human Resources,Corporate Card,Posted,233.15,23.32,256.47,,,AUD,1.0
TX001399,2024-12-20,2024,4,12,December,D007,C020,V011,R01,P008,Customer Support Tools expense - Customer Service,Invoice,Posted,573.76,57.38,631.14,PO-83071,INV-828462,AUD,1.0
TX001400,2026-02-08,2026,1,2,February,D004,C010,V018,R01,P004,Events expense - Marketing,Invoice,Posted,682.21,68.22,750.43,PO-29089,INV-306369,AUD,1.0
TX001401,2026-05-15,2026,2,5,May,D002,C001,V029,R01,P003,Software & SaaS expense - Finance,Direct Debit,Posted,550.73,55.07,605.8,,INV-750945,AUD,1.0
TX001402,2026-01-21,2026,1,1,January,D002,C006,V014,R02,P008,Travel expense - Finance,Corporate Card,Posted,313.06,31.31,344.37,,,AUD,1.0
TX001403,2024-02-01,2024,1,2,February,D004,C010,V005,R02,P008,Events expense - Marketing,Invoice,Posted,1716.72,171.67,1888.39,PO-18817,INV-736213,AUD,1.0
TX001404,2026-03-13,2026,1,3,March,D007,C004,V013,R04,P004,Contractors expense - Customer Service,Corporate Card,Posted,2717.85,271.79,2989.64,,,AUD,1.0
TX001405,2025-10-01,2025,4,10,October,D004,C006,V001,R04,P008,Travel expense - Marketing,Invoice,Posted,1364.47,136.45,1500.92,PO-67742,INV-597203,AUD,1.0
TX001406,2025-06-01,2025,2,6,June,D005,C012,V023,R04,P008,Telecommunications expense - Sales,Invoice,Posted,149.25,14.93,164.18,PO-79695,INV-320479,AUD,1.0
TX001407,2026-04-19,2026,2,4,April,D006,C019,V014,R01,P008,Vehicle Expenses expense - Operations,Invoice,Posted,619.69,61.97,681.66,PO-97755,INV-436067,AUD,1.0
TX001408,2024-09-03,2024,3,9,September,D002,C004,V033,R02,P008,Contractors expense - Finance,Corporate Card,Posted,8648.08,864.81,9512.89,,,AUD,1.0
TX001409,2025-03-11,2025,1,3,March,D003,C011,V021,R02,P005,Office Supplies expense - Human Resources,Direct Debit,Posted,204.87,20.49,225.36,,INV-814105,AUD,1.0
TX001410,2024-05-20,2024,2,5,May,D005,C010,V035,R01,P008,Events expense - Sales,Invoice,Accrued,1301.91,130.19,1432.1,PO-82973,INV-780208,AUD,1.0
TX001411,2024-08-19,2024,3,8,August,D008,C004,V007,R02,P004,Contractors expense - Facilities,Corporate Card,Posted,1004.67,100.47,1105.14,,,AUD,1.0
TX001412,2026-04-16,2026,2,4,April,D003,C008,V033,R01,P003,Recruitment expense - Human Resources,Invoice,Posted,426.86,42.69,469.55,PO-34263,INV-341192,AUD,1.0
TX001413,2024-06-28,2024,2,6,June,D001,C001,V030,R01,P008,Software & SaaS expense - Information Technology,Direct Debit,Posted,908.51,90.85,999.36,,INV-804090,AUD,1.0
TX001414,2026-06-07,2026,2,6,June,D008,C015,V006,R02,P001,Repairs & Maintenance expense - Facilities,Invoice,Posted,920.04,92.0,1012.04,PO-40832,INV-679896,AUD,1.0
TX001415,2024-10-23,2024,4,10,October,D006,C019,V033,R01,P008,Vehicle Expenses expense - Operations,Invoice,Posted,3868.03,386.8,4254.83,PO-82133,INV-772676,AUD,1.0
TX001416,2024-05-21,2024,2,5,May,D004,C006,V021,R01,P008,Travel expense - Marketing,Invoice,Posted,1392.56,139.26,1531.82,PO-53178,INV-878247,AUD,1.0
TX001417,2025-08-25,2025,3,8,August,D007,C012,V003,R04,P005,Telecommunications expense - Customer Service,Invoice,Posted,565.84,56.58,622.42,PO-58623,INV-413619,AUD,1.0
TX001418,2026-06-07,2026,2,6,June,D002,C016,V015,R01,P008,Insurance expense - Finance,Invoice,Accrued,401.82,40.18,442.0,PO-45240,INV-909947,AUD,1.0
TX001419,2025-09-25,2025,3,9,September,D008,C003,V013,R02,P001,Hardware expense - Facilities,Invoice,Posted,728.01,72.8,800.81,PO-84379,INV-692027,AUD,1.0
TX001420,2025-09-28,2025,3,9,September,D007,C004,V001,R02,P008,Contractors expense - Customer Service,Invoice,Posted,1802.19,180.22,1982.41,PO-25507,INV-595429,AUD,1.0
TX001421,2025-06-25,2025,2,6,June,D008,C016,V024,R03,P005,Insurance expense - Facilities,Invoice,Posted,879.15,87.92,967.07,PO-59421,INV-124509,AUD,1.0
TX001422,2025-12-10,2025,4,12,December,D004,C004,V028,R01,P002,Contractors expense - Marketing,Corporate Card,Posted,498.09,49.81,547.9,,,AUD,1.0
TX001423,2024-07-10,2024,3,7,July,D007,C001,V001,R01,P001,Software & SaaS expense - Customer Service,Expense Claim,Posted,4086.84,408.68,4495.52,,,AUD,1.0
TX001424,2025-06-06,2025,2,6,June,D006,C003,V006,R02,P008,Hardware expense - Operations,Invoice,Posted,1893.01,189.3,2082.31,PO-22657,INV-668129,AUD,1.0
TX001425,2025-11-20,2025,4,11,November,D003,C006,V026,R01,P008,Travel expense - Human Resources,Invoice,Accrued,1840.77,184.08,2024.85,PO-53813,INV-637108,AUD,1.0
TX001426,2025-08-24,2025,3,8,August,D002,C006,V017,R01,P008,Travel expense - Finance,Direct Debit,Posted,1057.37,105.74,1163.11,,INV-814096,AUD,1.0
TX001427,2024-10-27,2024,4,10,October,D006,C011,V028,R04,P001,Office Supplies expense - Operations,Direct Debit,Posted,335.41,33.54,368.95,,INV-485004,AUD,1.0
TX001428,2025-05-23,2025,2,5,May,D001,C012,V004,R02,P008,Telecommunications expense - Information Technology,Direct Debit,Posted,152.64,15.26,167.9,,INV-155407,AUD,1.0
TX001429,2025-04-15,2025,2,4,April,D003,C004,V031,R04,P004,Contractors expense - Human Resources,Direct Debit,Posted,6676.46,667.65,7344.11,,INV-161248,AUD,1.0
TX001430,2024-04-01,2024,2,4,April,D008,C014,V034,R03,P008,Utilities expense - Facilities,Corporate Card,Posted,179.56,17.96,197.52,,,AUD,1.0
TX001431,2025-03-05,2025,1,3,March,D002,C006,V024,R05,P008,Travel expense - Finance,Invoice,Posted,1410.74,141.07,1551.81,PO-10134,INV-740070,AUD,1.0
TX001432,2024-07-01,2024,3,7,July,D008,C016,V006,R01,P008,Insurance expense - Facilities,Corporate Card,Posted,293.27,29.33,322.6,,,AUD,1.0
TX001433,2026-04-16,2026,2,4,April,D008,C003,V003,R04,P002,Hardware expense - Facilities,Invoice,Posted,779.81,77.98,857.79,PO-95674,INV-190831,USD,1.4885
TX001434,2026-06-17,2026,2,6,June,D005,C012,V015,R03,P008,Telecommunications expense - Sales,Invoice,Posted,619.33,61.93,681.26,PO-85115,INV-323701,AUD,1.0
TX001435,2026-06-04,2026,2,6,June,D007,C007,V031,R01,P004,Training expense - Customer Service,Corporate Card,Posted,497.83,49.78,547.61,,,USD,1.569
TX001436,2024-05-24,2024,2,5,May,D008,C004,V006,R04,P008,Contractors expense - Facilities,Direct Debit,Posted,333.85,33.39,367.24,,INV-261196,AUD,1.0
TX001437,2024-12-26,2024,4,12,December,D007,C004,V019,R03,P001,Contractors expense - Customer Service,Invoice,Posted,2989.56,298.96,3288.52,PO-54223,INV-258737,AUD,1.0
TX001438,2025-03-06,2025,1,3,March,D001,C004,V028,R04,P008,Contractors expense - Information Technology,Invoice,Pending,589.41,58.94,648.35,PO-42947,INV-414127,AUD,1.0
TX001439,2025-07-08,2025,3,7,July,D004,C010,V015,R01,P003,Events expense - Marketing,Invoice,Accrued,840.27,84.03,924.3,PO-16569,INV-512586,AUD,1.0
TX001440,2025-01-03,2025,1,1,January,D008,C014,V026,R01,P002,Utilities expense - Facilities,Corporate Card,Posted,272.97,27.3,300.27,,,AUD,1.0
TX001441,2024-12-07,2024,4,12,December,D006,C003,V020,R01,P008,Hardware expense - Operations,Corporate Card,Posted,3566.6,356.66,3923.26,,,AUD,1.0
TX001442,2024-03-26,2024,1,3,March,D002,C006,V007,R03,P008,Travel expense - Finance,Invoice,Posted,1022.06,102.21,1124.27,PO-68351,INV-815104,AUD,1.0
TX001443,2025-02-02,2025,1,2,February,D001,C012,V002,R03,P003,Telecommunications expense - Information Technology,Direct Debit,Accrued,282.76,28.28,311.04,,INV-381070,AUD,1.0
TX001444,2025-12-16,2025,4,12,December,D002,C016,V006,R01,P001,Insurance expense - Finance,Direct Debit,Accrued,577.88,57.79,635.67,,INV-474702,AUD,1.0
TX001445,2026-06-11,2026,2,6,June,D001,C001,V004,R01,P007,Software & SaaS expense - Information Technology,Invoice,Accrued,372.72,37.27,409.99,PO-95809,INV-819727,AUD,1.0
TX001446,2025-12-03,2025,4,12,December,D005,C010,V003,R03,P008,Events expense - Sales,Direct Debit,Posted,715.58,71.56,787.14,,INV-300553,AUD,1.0
TX001447,2026-05-14,2026,2,5,May,D003,C007,V023,R02,P001,Training expense - Human Resources,Invoice,Posted,384.45,38.45,422.9,PO-18619,INV-150483,AUD,1.0
TX001448,2024-01-10,2024,1,1,January,D007,C007,V020,R05,P008,Training expense - Customer Service,Invoice,Accrued,496.48,49.65,546.13,PO-38116,INV-549218,AUD,1.0
TX001449,2024-02-16,2024,1,2,February,D005,C001,V007,R01,P004,Software & SaaS expense - Sales,Direct Debit,Posted,579.32,57.93,637.25,,INV-355465,USD,1.5039
TX001450,2025-01-17,2025,1,1,January,D006,C004,V003,R01,P006,Contractors expense - Operations,Corporate Card,Posted,2058.97,205.9,2264.87,,,AUD,1.0
TX001451,2026-04-24,2026,2,4,April,D001,C001,V031,R02,P008,Software & SaaS expense - Information Technology,Direct Debit,Posted,348.31,34.83,383.14,,INV-231393,USD,1.5251
TX001452,2026-01-03,2026,1,1,January,D004,C011,V020,R01,P008,Office Supplies expense - Marketing,Invoice,Posted,180.57,18.06,198.63,PO-30601,INV-450407,AUD,1.0
TX001453,2024-12-01,2024,4,12,December,D001,C002,V001,R01,P005,Cloud Services expense - Information Technology,Invoice,Accrued,663.53,66.35,729.88,PO-34070,INV-399755,AUD,1.0
TX001454,2024-04-18,2024,2,4,April,D008,C014,V012,R01,P008,Utilities expense - Facilities,Direct Debit,Posted,1084.14,108.41,1192.55,,INV-447110,AUD,1.0
TX001455,2026-05-26,2026,2,5,May,D002,C001,V003,R01,P008,Software & SaaS expense - Finance,Direct Debit,Posted,5534.0,553.4,6087.4,,INV-768159,AUD,1.0
TX001456,2026-02-21,2026,1,2,February,D007,C020,V008,R01,P001,Customer Support Tools expense - Customer Service,Invoice,Accrued,302.01,30.2,332.21,PO-46908,INV-811289,AUD,1.0
TX001457,2024-12-08,2024,4,12,December,D008,C011,V035,R03,P008,Office Supplies expense - Facilities,Direct Debit,Posted,143.09,14.31,157.4,,INV-722431,AUD,1.0
TX001458,2026-02-28,2026,1,2,February,D007,C007,V016,R01,P001,Training expense - Customer Service,Invoice,Posted,163.26,16.33,179.59,PO-69975,INV-488019,AUD,1.0
TX001459,2024-12-28,2024,4,12,December,D003,C001,V002,R01,P008,Software & SaaS expense - Human Resources,Direct Debit,Posted,1332.36,133.24,1465.6,,INV-982747,AUD,1.0
TX001460,2024-06-14,2024,2,6,June,D004,C011,V013,R03,P001,Office Supplies expense - Marketing,Invoice,Posted,45,4.5,49.5,PO-32402,INV-170805,AUD,1.0
TX001461,2024-12-27,2024,4,12,December,D002,C007,V001,R02,P008,Training expense - Finance,Invoice,Posted,482.43,48.24,530.67,PO-37713,INV-661544,AUD,1.0
TX001462,2025-01-15,2025,1,1,January,D006,C018,V021,R02,P008,Freight & Logistics expense - Operations,Expense Claim,Posted,1835.52,183.55,2019.07,,,AUD,1.0
TX001463,2025-01-25,2025,1,1,January,D001,C012,V022,R01,P008,Telecommunications expense - Information Technology,Direct Debit,Posted,1089.01,108.9,1197.91,,INV-170431,AUD,1.0
TX001464,2025-07-14,2025,3,7,July,D007,C020,V031,R05,P008,Customer Support Tools expense - Customer Service,Invoice,Posted,558.59,55.86,614.45,PO-72491,INV-270407,AUD,1.0
TX001465,2024-01-02,2024,1,1,January,D001,C002,V035,R02,P008,Cloud Services expense - Information Technology,Expense Claim,Posted,640.14,64.01,704.15,,,AUD,1.0
TX001466,2026-02-06,2026,1,2,February,D002,C001,V024,R02,P008,Software & SaaS expense - Finance,Corporate Card,Posted,1409.85,140.98,1550.83,,,AUD,1.0
TX001467,2026-01-22,2026,1,1,January,D001,C002,V004,R01,P003,Cloud Services expense - Information Technology,Invoice,Posted,673.78,67.38,741.16,PO-67528,INV-622219,AUD,1.0
TX001468,2025-01-02,2025,1,1,January,D003,C011,V013,R04,P004,Office Supplies expense - Human Resources,Invoice,Posted,177.96,17.8,195.76,PO-17528,INV-461165,AUD,1.0
TX001469,2026-01-02,2026,1,1,January,D004,C009,V007,R02,P005,Advertising expense - Marketing,Direct Debit,Posted,1424.11,142.41,1566.52,,INV-727273,AUD,1.0
TX001470,2024-04-01,2024,2,4,April,D007,C001,V003,R02,P006,Software & SaaS expense - Customer Service,Corporate Card,Posted,1736.31,173.63,1909.94,,,AUD,1.0
TX001471,2026-03-15,2026,1,3,March,D001,C003,V035,R01,P008,Hardware expense - Information Technology,Invoice,Posted,747.39,74.74,822.13,PO-25534,INV-540191,AUD,1.0
TX001472,2025-05-13,2025,2,5,May,D001,C005,V024,R01,P006,Consulting expense - Information Technology,Expense Claim,Accrued,3443.83,344.38,3788.21,,,AUD,1.0
TX001473,2026-06-17,2026,2,6,June,D001,C004,V010,R01,P006,Contractors expense - Information Technology,Invoice,Posted,556.54,55.65,612.19,PO-47609,INV-916634,AUD,1.0
TX001474,2026-02-20,2026,1,2,February,D005,C009,V028,R03,P007,Advertising expense - Sales,Invoice,Posted,1214.15,121.42,1335.57,PO-84390,INV-537080,AUD,1.0
TX001475,2024-12-18,2024,4,12,December,D001,C003,V030,R03,P006,Hardware expense - Information Technology,Direct Debit,Accrued,1130.23,113.02,1243.25,,INV-368148,AUD,1.0
TX001476,2024-08-09,2024,3,8,August,D007,C004,V021,R04,P008,Contractors expense - Customer Service,Corporate Card,Posted,1169.9,116.99,1286.89,,,AUD,1.0
TX001477,2024-02-10,2024,1,2,February,D008,C014,V027,R05,P008,Utilities expense - Facilities,Invoice,Posted,411.09,41.11,452.2,PO-88746,INV-698625,AUD,1.0
TX001478,2025-11-30,2025,4,11,November,D007,C007,V016,R01,P008,Training expense - Customer Service,Invoice,Posted,635.96,63.6,699.56,PO-57798,INV-657453,USD,1.5833
TX001479,2024-08-29,2024,3,8,August,D004,C004,V003,R01,P003,Contractors expense - Marketing,Invoice,Posted,2813.47,281.35,3094.82,PO-79337,INV-623772,AUD,1.0
TX001480,2025-02-19,2025,1,2,February,D001,C003,V030,R05,P004,Hardware expense - Information Technology,Corporate Card,Posted,1599.58,159.96,1759.54,,,AUD,1.0
TX001481,2026-03-26,2026,1,3,March,D008,C013,V018,R02,P008,Rent expense - Facilities,Invoice,Posted,5596.5,559.65,6156.15,PO-45501,INV-512119,USD,1.5155
TX001482,2025-01-30,2025,1,1,January,D007,C001,V009,R02,P008,Software & SaaS expense - Customer Service,Invoice,Accrued,438.39,43.84,482.23,PO-85063,INV-448169,AUD,1.0
TX001483,2026-05-08,2026,2,5,May,D005,C012,V026,R01,P005,Telecommunications expense - Sales,Direct Debit,Posted,466.69,46.67,513.36,,INV-985249,AUD,1.0
TX001484,2025-04-02,2025,2,4,April,D003,C001,V030,R04,P004,Software & SaaS expense - Human Resources,Invoice,Posted,1930.76,193.08,2123.84,PO-25553,INV-378601,AUD,1.0
TX001485,2024-07-04,2024,3,7,July,D007,C001,V017,R05,P004,Software & SaaS expense - Customer Service,Invoice,Accrued,1592.74,159.27,1752.01,PO-25249,INV-415618,AUD,1.0
TX001486,2026-03-06,2026,1,3,March,D006,C006,V029,R01,P008,Travel expense - Operations,Direct Debit,Accrued,753.35,75.34,828.69,,INV-813733,AUD,1.0
TX001487,2024-01-19,2024,1,1,January,D001,C005,V032,R03,P008,Consulting expense - Information Technology,Invoice,Accrued,563.9,56.39,620.29,PO-46811,INV-433799,AUD,1.0
TX001488,2024-06-09,2024,2,6,June,D004,C006,V012,R04,P008,Travel expense - Marketing,Direct Debit,Posted,200.0,20.0,220.0,,INV-782084,AUD,1.0
TX001489,2026-06-30,2026,2,6,June,D008,C003,V011,R01,P003,Hardware expense - Facilities,Invoice,Posted,3064.77,306.48,3371.25,PO-29344,INV-333375,AUD,1.0
TX001490,2025-03-31,2025,1,3,March,D008,C013,V021,R01,P007,Rent expense - Facilities,Invoice,Posted,2153.8,215.38,2369.18,PO-16113,INV-900264,AUD,1.0
TX001491,2025-10-06,2025,4,10,October,D006,C004,V005,R04,P008,Contractors expense - Operations,Expense Claim,Accrued,1044.84,104.48,1149.32,,,AUD,1.0
TX001492,2025-05-10,2025,2,5,May,D003,C011,V021,R01,P005,Office Supplies expense - Human Resources,Invoice,Posted,163.06,16.31,179.37,PO-39715,INV-701530,AUD,1.0
TX001493,2025-12-09,2025,4,12,December,D002,C017,V034,R04,P008,Legal & Compliance expense - Finance,Invoice,Posted,2214.94,221.49,2436.43,PO-25941,INV-307739,AUD,1.0
TX001494,2025-01-22,2025,1,1,January,D006,C006,V026,R03,P008,Travel expense - Operations,Corporate Card,Posted,112.32,11.23,123.55,,,AUD,1.0
TX001495,2026-05-26,2026,2,5,May,D008,C016,V024,R01,P002,Insurance expense - Facilities,Direct Debit,Posted,1122.34,112.23,1234.57,,INV-346028,AUD,1.0
TX001496,2024-05-31,2024,2,5,May,D003,C004,V029,R03,P008,Contractors expense - Human Resources,Direct Debit,Posted,667.43,66.74,734.17,,INV-401286,AUD,1.0
TX001497,2025-01-07,2025,1,1,January,D008,C015,V015,R03,P008,Repairs & Maintenance expense - Facilities,Invoice,Posted,887.32,88.73,976.05,PO-14555,INV-592350,AUD,1.0
TX001498,2025-02-10,2025,1,2,February,D002,C001,V033,R02,P008,Software & SaaS expense - Finance,Direct Debit,Posted,359.28,35.93,395.21,,INV-266089,AUD,1.0
TX001499,2026-04-29,2026,2,4,April,D004,C009,V008,R01,P001,Advertising expense - Marketing,Invoice,Posted,1458.36,145.84,1604.2,PO-92610,INV-555859,AUD,1.0
TX001500,2025-12-25,2025,4,12,December,D005,C012,V031,R04,P008,Telecommunications expense - Sales,Invoice,Pending,194.71,19.47,214.18,PO-38402,INV-824410,AUD,1.0
TX001501,2024-06-05,2024,2,6,June,D003,C004,V007,R04,P008,Contractors expense - Human Resources,Expense Claim,Pending,2646.23,264.62,2910.85,,,AUD,1.0
TX001502,2026-05-28,2026,2,5,May,D003,C011,V012,R04,P008,Office Supplies expense - Human Resources,Direct Debit,Pending,182.64,18.26,200.9,,INV-321316,AUD,1.0
TX001503,2025-01-15,2025,1,1,January,D001,C004,V031,R01,P008,Contractors expense - Information Technology,Direct Debit,Posted,3100.89,310.09,3410.98,,INV-516095,AUD,1.0
TX001504,2025-12-01,2025,4,12,December,D008,C011,V032,R01,P004,Office Supplies expense - Facilities,Invoice,Posted,294.64,29.46,324.1,PO-83621,INV-439695,AUD,1.0
TX001505,2024-06-01,2024,2,6,June,D001,C012,V012,R01,P008,Telecommunications expense - Information Technology,Direct Debit,Posted,339.87,33.99,373.86,,INV-968401,AUD,1.0
TX001506,2026-01-07,2026,1,1,January,D008,C015,V018,R01,P001,Repairs & Maintenance expense - Facilities,Direct Debit,Posted,323.21,32.32,355.53,,INV-486177,AUD,1.0
TX001507,2024-03-29,2024,1,3,March,D007,C007,V022,R01,P008,Training expense - Customer Service,Invoice,Posted,205.7,20.57,226.27,PO-59279,INV-721202,AUD,1.0
TX001508,2024-08-04,2024,3,8,August,D006,C011,V012,R02,P005,Office Supplies expense - Operations,Direct Debit,Posted,279.93,27.99,307.92,,INV-793771,AUD,1.0
TX001509,2024-04-01,2024,2,4,April,D003,C006,V016,R01,P003,Travel expense - Human Resources,Expense Claim,Posted,882.9,88.29,971.19,,,AUD,1.0
TX001510,2025-10-24,2025,4,10,October,D008,C013,V031,R01,P008,Rent expense - Facilities,Invoice,Posted,1613.01,161.3,1774.31,PO-88897,INV-907918,AUD,1.0
TX001511,2024-07-08,2024,3,7,July,D003,C007,V002,R03,P008,Training expense - Human Resources,Invoice,Posted,257.16,25.72,282.88,PO-95032,INV-671155,AUD,1.0
TX001512,2025-03-06,2025,1,3,March,D006,C004,V020,R04,P008,Contractors expense - Operations,Corporate Card,Posted,637.15,63.72,700.87,,,AUD,1.0
TX001513,2024-02-01,2024,1,2,February,D006,C004,V011,R01,P002,Contractors expense - Operations,Expense Claim,Posted,1620.05,162.0,1782.05,,,AUD,1.0
TX001514,2024-10-17,2024,4,10,October,D008,C003,V027,R03,P001,Hardware expense - Facilities,Invoice,Posted,2736.28,273.63,3009.91,PO-75065,INV-520388,AUD,1.0
TX001515,2024-10-31,2024,4,10,October,D008,C014,V006,R02,P005,Utilities expense - Facilities,Direct Debit,Pending,585.86,58.59,644.45,,INV-369412,AUD,1.0
TX001516,2026-05-28,2026,2,5,May,D006,C003,V021,R01,P004,Hardware expense - Operations,Invoice,Pending,1441.42,144.14,1585.56,PO-84061,INV-547348,AUD,1.0
TX001517,2025-09-23,2025,3,9,September,D003,C007,V023,R02,P002,Training expense - Human Resources,Invoice,Posted,59.87,5.99,65.86,PO-87799,INV-588585,AUD,1.0
TX001518,2026-01-06,2026,1,1,January,D001,C002,V034,R01,P002,Cloud Services expense - Information Technology,Invoice,Pending,874.83,87.48,962.31,PO-51158,INV-743911,AUD,1.0
TX001519,2024-10-23,2024,4,10,October,D006,C018,V027,R02,P008,Freight & Logistics expense - Operations,Expense Claim,Posted,2036.52,203.65,2240.17,,,AUD,1.0
TX001520,2024-10-26,2024,4,10,October,D004,C006,V020,R03,P008,Travel expense - Marketing,Direct Debit,Posted,856.69,85.67,942.36,,INV-354235,AUD,1.0
TX001521,2026-05-03,2026,2,5,May,D005,C009,V018,R02,P004,Advertising expense - Sales,Invoice,Posted,2791.91,279.19,3071.1,PO-83578,INV-279660,AUD,1.0
TX001522,2024-05-29,2024,2,5,May,D004,C001,V009,R02,P008,Software & SaaS expense - Marketing,Direct Debit,Posted,1296.16,129.62,1425.78,,INV-907966,USD,1.5504
TX001523,2026-06-22,2026,2,6,June,D005,C001,V001,R01,P002,Software & SaaS expense - Sales,Invoice,Posted,928.08,92.81,1020.89,PO-72774,INV-442699,AUD,1.0
TX001524,2024-11-04,2024,4,11,November,D006,C004,V027,R01,P008,Contractors expense - Operations,Corporate Card,Posted,1215.3,121.53,1336.83,,,AUD,1.0
TX001525,2024-09-07,2024,3,9,September,D001,C001,V020,R01,P008,Software & SaaS expense - Information Technology,Corporate Card,Posted,849.67,84.97,934.64,,,AUD,1.0
TX001526,2024-01-29,2024,1,1,January,D003,C011,V008,R04,P002,Office Supplies expense - Human Resources,Invoice,Posted,156.04,15.6,171.64,PO-53354,INV-710638,AUD,1.0
TX001527,2024-12-11,2024,4,12,December,D008,C003,V006,R02,P007,Hardware expense - Facilities,Expense Claim,Posted,5904.23,590.42,6494.65,,,AUD,1.0
TX001528,2024-11-01,2024,4,11,November,D004,C006,V015,R03,P006,Travel expense - Marketing,Invoice,Posted,339.36,33.94,373.3,PO-48879,INV-292484,AUD,1.0
TX001529,2024-07-14,2024,3,7,July,D007,C004,V003,R05,P008,Contractors expense - Customer Service,Invoice,Posted,2953.28,295.33,3248.61,PO-95986,INV-213017,AUD,1.0
TX001530,2024-01-20,2024,1,1,January,D005,C006,V027,R03,P008,Travel expense - Sales,Direct Debit,Posted,509.38,50.94,560.32,,INV-971571,AUD,1.0
TX001531,2024-01-29,2024,1,1,January,D001,C005,V021,R04,P008,Consulting expense - Information Technology,Corporate Card,Posted,1382.95,138.3,1521.25,,,USD,1.4729
TX001532,2024-04-01,2024,2,4,April,D008,C013,V017,R04,P001,Rent expense - Facilities,Invoice,Posted,1440.04,144.0,1584.04,PO-58052,INV-149211,AUD,1.0
TX001533,2024-06-16,2024,2,6,June,D003,C008,V026,R03,P004,Recruitment expense - Human Resources,Invoice,Accrued,266.71,26.67,293.38,PO-30903,INV-308635,AUD,1.0
TX001534,2024-07-24,2024,3,7,July,D003,C008,V015,R05,P008,Recruitment expense - Human Resources,Invoice,Posted,232.96,23.3,256.26,PO-12879,INV-330120,AUD,1.0
TX001535,2024-07-21,2024,3,7,July,D005,C010,V008,R02,P001,Events expense - Sales,Invoice,Posted,1140.73,114.07,1254.8,PO-65950,INV-248891,AUD,1.0
TX001536,2026-03-05,2026,1,3,March,D008,C014,V021,R03,P008,Utilities expense - Facilities,Invoice,Posted,184.82,18.48,203.3,PO-20255,INV-281447,AUD,1.0
TX001537,2024-08-24,2024,3,8,August,D005,C010,V018,R01,P001,Events expense - Sales,Invoice,Pending,452.04,45.2,497.24,PO-86221,INV-948821,AUD,1.0
TX001538,2026-01-29,2026,1,1,January,D001,C001,V011,R02,P003,Software & SaaS expense - Information Technology,Invoice,Posted,1754.54,175.45,1929.99,PO-64209,INV-971707,AUD,1.0
TX001539,2024-09-22,2024,3,9,September,D008,C015,V031,R03,P002,Repairs & Maintenance expense - Facilities,Invoice,Posted,1004.27,100.43,1104.7,PO-88737,INV-291760,AUD,1.0
TX001540,2024-09-27,2024,3,9,September,D001,C004,V035,R01,P008,Contractors expense - Information Technology,Direct Debit,Posted,3925.6,392.56,4318.16,,INV-630358,AUD,1.0
TX001541,2026-06-12,2026,2,6,June,D002,C004,V022,R01,P008,Contractors expense - Finance,Invoice,Posted,905.06,90.51,995.57,PO-29324,INV-359423,AUD,1.0
TX001542,2025-05-12,2025,2,5,May,D004,C011,V005,R01,P008,Office Supplies expense - Marketing,Invoice,Posted,338.48,33.85,372.33,PO-77307,INV-144002,USD,1.4679
TX001543,2024-08-29,2024,3,8,August,D006,C019,V004,R02,P008,Vehicle Expenses expense - Operations,Direct Debit,Posted,6154.07,615.41,6769.48,,INV-964424,AUD,1.0
TX001544,2025-05-11,2025,2,5,May,D005,C019,V015,R01,P008,Vehicle Expenses expense - Sales,Corporate Card,Posted,1013.03,101.3,1114.33,,,AUD,1.0
TX001545,2024-12-29,2024,4,12,December,D003,C008,V008,R01,P008,Recruitment expense - Human Resources,Invoice,Posted,385.27,38.53,423.8,PO-43361,INV-361906,AUD,1.0
TX001546,2024-08-13,2024,3,8,August,D008,C004,V019,R01,P005,Contractors expense - Facilities,Invoice,Posted,1002.64,100.26,1102.9,PO-44166,INV-719816,AUD,1.0
TX001547,2026-06-19,2026,2,6,June,D007,C004,V001,R04,P008,Contractors expense - Customer Service,Invoice,Posted,6418.79,641.88,7060.67,PO-12427,INV-419535,AUD,1.0
TX001548,2025-05-29,2025,2,5,May,D008,C014,V001,R02,P008,Utilities expense - Facilities,Invoice,Posted,843.55,84.36,927.91,PO-51054,INV-298670,AUD,1.0
TX001549,2026-03-17,2026,1,3,March,D008,C013,V012,R01,P008,Rent expense - Facilities,Invoice,Posted,1741.01,174.1,1915.11,PO-51488,INV-534230,AUD,1.0
TX001550,2024-08-26,2024,3,8,August,D005,C006,V021,R02,P008,Travel expense - Sales,Invoice,Posted,1060.25,106.03,1166.28,PO-62345,INV-466256,AUD,1.0
TX001551,2025-07-09,2025,3,7,July,D002,C004,V024,R04,P002,Contractors expense - Finance,Invoice,Posted,6050.56,605.06,6655.62,PO-63806,INV-328973,AUD,1.0
TX001552,2024-02-13,2024,1,2,February,D003,C008,V026,R01,P008,Recruitment expense - Human Resources,Corporate Card,Posted,246.65,24.67,271.32,,,AUD,1.0
TX001553,2024-06-25,2024,2,6,June,D005,C019,V028,R03,P003,Vehicle Expenses expense - Sales,Invoice,Posted,656.77,65.68,722.45,PO-82250,INV-456140,AUD,1.0
TX001554,2024-04-09,2024,2,4,April,D004,C004,V035,R03,P004,Contractors expense - Marketing,Direct Debit,Posted,889.06,88.91,977.97,,INV-958702,AUD,1.0
TX001555,2025-10-19,2025,4,10,October,D002,C004,V012,R04,P002,Contractors expense - Finance,Invoice,Posted,2971.06,297.11,3268.17,PO-58822,INV-664476,AUD,1.0
TX001556,2024-06-06,2024,2,6,June,D007,C020,V026,R02,P008,Customer Support Tools expense - Customer Service,Invoice,Posted,1057.08,105.71,1162.79,PO-50541,INV-420439,AUD,1.0
TX001557,2026-02-07,2026,1,2,February,D003,C011,V012,R01,P008,Office Supplies expense - Human Resources,Direct Debit,Posted,266.33,26.63,292.96,,INV-356431,AUD,1.0
TX001558,2026-05-01,2026,2,5,May,D006,C018,V025,R01,P008,Freight & Logistics expense - Operations,Direct Debit,Posted,1991.12,199.11,2190.23,,INV-224520,AUD,1.0
TX001559,2025-09-02,2025,3,9,September,D007,C004,V008,R01,P008,Contractors expense - Customer Service,Invoice,Posted,2744.24,274.42,3018.66,PO-33989,INV-117938,AUD,1.0
TX001560,2024-11-08,2024,4,11,November,D002,C001,V035,R01,P008,Software & SaaS expense - Finance,Invoice,Posted,578.82,57.88,636.7,PO-24669,INV-194421,AUD,1.0
TX001561,2025-04-27,2025,2,4,April,D008,C004,V018,R04,P006,Contractors expense - Facilities,Corporate Card,Posted,2045.76,204.58,2250.34,,,AUD,1.0
TX001562,2026-01-23,2026,1,1,January,D001,C001,V027,R01,P007,Software & SaaS expense - Information Technology,Invoice,Posted,2758.26,275.83,3034.09,PO-10504,INV-437395,AUD,1.0
TX001563,2025-10-08,2025,4,10,October,D001,C003,V034,R04,P004,Hardware expense - Information Technology,Invoice,Posted,2781.62,278.16,3059.78,PO-64778,INV-983374,AUD,1.0
TX001564,2026-04-09,2026,2,4,April,D003,C011,V004,R03,P008,Office Supplies expense - Human Resources,Corporate Card,Posted,86.69,8.67,95.36,,,AUD,1.0
TX001565,2025-03-22,2025,1,3,March,D004,C004,V014,R01,P008,Contractors expense - Marketing,Direct Debit,Posted,4468.35,446.84,4915.19,,INV-313748,AUD,1.0
TX001566,2024-08-07,2024,3,8,August,D008,C013,V022,R04,P002,Rent expense - Facilities,Expense Claim,Posted,12399.77,1239.98,13639.75,,,AUD,1.0
TX001567,2026-02-25,2026,1,2,February,D007,C004,V028,R02,P002,Contractors expense - Customer Service,Invoice,Posted,11418.08,1141.81,12559.89,PO-30558,INV-310894,USD,1.4785
TX001568,2024-08-19,2024,3,8,August,D003,C001,V015,R03,P008,Software & SaaS expense - Human Resources,Corporate Card,Posted,787.88,78.79,866.67,,,AUD,1.0
TX001569,2025-05-03,2025,2,5,May,D006,C019,V002,R05,P008,Vehicle Expenses expense - Operations,Invoice,Posted,261.68,26.17,287.85,PO-92463,INV-858489,AUD,1.0
TX001570,2025-01-14,2025,1,1,January,D003,C001,V034,R03,P008,Software & SaaS expense - Human Resources,Invoice,Posted,226.14,22.61,248.75,PO-71222,INV-736169,AUD,1.0
TX001571,2025-03-31,2025,1,3,March,D007,C001,V008,R02,P008,Software & SaaS expense - Customer Service,Invoice,Posted,626.71,62.67,689.38,PO-49178,INV-466942,AUD,1.0
TX001572,2025-11-07,2025,4,11,November,D008,C004,V010,R03,P001,Contractors expense - Facilities,Corporate Card,Posted,2526.6,252.66,2779.26,,,AUD,1.0
TX001573,2026-02-21,2026,1,2,February,D003,C008,V007,R04,P008,Recruitment expense - Human Resources,Invoice,Posted,167.34,16.73,184.07,PO-31300,INV-460110,AUD,1.0
TX001574,2024-11-29,2024,4,11,November,D004,C010,V001,R01,P007,Events expense - Marketing,Direct Debit,Posted,4411.66,441.17,4852.83,,INV-566670,AUD,1.0
TX001575,2024-10-01,2024,4,10,October,D008,C004,V020,R03,P007,Contractors expense - Facilities,Corporate Card,Posted,612.88,61.29,674.17,,,AUD,1.0
TX001576,2025-07-20,2025,3,7,July,D008,C011,V023,R03,P008,Office Supplies expense - Facilities,Invoice,Accrued,1098.86,109.89,1208.75,PO-35367,INV-941721,AUD,1.0
TX001577,2025-09-14,2025,3,9,September,D005,C001,V030,R02,P004,Software & SaaS expense - Sales,Invoice,Posted,1068.24,106.82,1175.06,PO-79889,INV-212006,AUD,1.0
TX001578,2025-01-24,2025,1,1,January,D005,C012,V021,R02,P004,Telecommunications expense - Sales,Invoice,Accrued,598.96,59.9,658.86,PO-25501,INV-976288,AUD,1.0
TX001579,2026-06-27,2026,2,6,June,D001,C002,V003,R02,P008,Cloud Services expense - Information Technology,Corporate Card,Posted,1525.94,152.59,1678.53,,,AUD,1.0
TX001580,2024-07-02,2024,3,7,July,D005,C012,V007,R04,P005,Telecommunications expense - Sales,Invoice,Posted,1212.48,121.25,1333.73,PO-73237,INV-419942,AUD,1.0
TX001581,2025-11-13,2025,4,11,November,D004,C010,V007,R02,P008,Events expense - Marketing,Direct Debit,Accrued,1355.86,135.59,1491.45,,INV-568795,AUD,1.0
TX001582,2026-03-18,2026,1,3,March,D006,C003,V023,R01,P003,Hardware expense - Operations,Invoice,Posted,2891.04,289.1,3180.14,PO-88176,INV-473178,AUD,1.0
TX001583,2025-10-22,2025,4,10,October,D004,C001,V025,R04,P008,Software & SaaS expense - Marketing,Direct Debit,Posted,547.09,54.71,601.8,,INV-667659,AUD,1.0
TX001584,2025-11-11,2025,4,11,November,D005,C010,V031,R02,P001,Events expense - Sales,Invoice,Posted,1837.19,183.72,2020.91,PO-14093,INV-218487,AUD,1.0
TX001585,2025-10-08,2025,4,10,October,D004,C009,V004,R01,P008,Advertising expense - Marketing,Invoice,Posted,447.64,44.76,492.4,PO-65304,INV-685761,AUD,1.0
TX001586,2025-02-14,2025,1,2,February,D006,C004,V010,R01,P001,Contractors expense - Operations,Invoice,Posted,2544.5,254.45,2798.95,PO-72611,INV-243578,AUD,1.0
TX001587,2024-11-18,2024,4,11,November,D007,C004,V008,R01,P008,Contractors expense - Customer Service,Invoice,Posted,2055.84,205.58,2261.42,PO-67616,INV-931655,AUD,1.0
TX001588,2024-01-31,2024,1,1,January,D005,C010,V020,R01,P008,Events expense - Sales,Invoice,Posted,920.13,92.01,1012.14,PO-52763,INV-279015,AUD,1.0
TX001589,2024-04-08,2024,2,4,April,D004,C010,V006,R01,P001,Events expense - Marketing,Corporate Card,Posted,1815.55,181.56,1997.11,,,AUD,1.0
TX001590,2026-04-28,2026,2,4,April,D001,C001,V012,R03,P006,Software & SaaS expense - Information Technology,Corporate Card,Posted,868.0,86.8,954.8,,,AUD,1.0
TX001591,2024-06-09,2024,2,6,June,D007,C007,V016,R02,P008,Training expense - Customer Service,Corporate Card,Posted,390.35,39.04,429.39,,,AUD,1.0
TX001592,2024-07-04,2024,3,7,July,D005,C006,V021,R03,P005,Travel expense - Sales,Corporate Card,Posted,502.98,50.3,553.28,,,AUD,1.0
TX001593,2024-02-23,2024,1,2,February,D001,C003,V029,R01,P002,Hardware expense - Information Technology,Invoice,Posted,819.89,81.99,901.88,PO-28500,INV-412017,AUD,1.0
TX001594,2025-03-24,2025,1,3,March,D005,C001,V008,R04,P008,Software & SaaS expense - Sales,Direct Debit,Posted,767.94,76.79,844.73,,INV-403442,AUD,1.0
TX001595,2026-05-17,2026,2,5,May,D004,C001,V035,R01,P008,Software & SaaS expense - Marketing,Direct Debit,Posted,1068.62,106.86,1175.48,,INV-965597,AUD,1.0
TX001596,2025-10-21,2025,4,10,October,D003,C007,V033,R05,P008,Training expense - Human Resources,Direct Debit,Posted,293.34,29.33,322.67,,INV-603231,AUD,1.0
TX001597,2025-07-10,2025,3,7,July,D008,C004,V028,R01,P008,Contractors expense - Facilities,Invoice,Posted,459.73,45.97,505.7,PO-63555,INV-442585,AUD,1.0
TX001598,2026-05-01,2026,2,5,May,D004,C006,V033,R03,P008,Travel expense - Marketing,Direct Debit,Posted,206.14,20.61,226.75,,INV-297123,AUD,1.0
TX001599,2024-10-26,2024,4,10,October,D005,C010,V029,R02,P008,Events expense - Sales,Direct Debit,Posted,947.62,94.76,1042.38,,INV-243184,USD,1.4837
TX001600,2025-08-24,2025,3,8,August,D005,C010,V022,R03,P007,Events expense - Sales,Corporate Card,Posted,192.67,19.27,211.94,,,AUD,1.0
TX001601,2024-02-19,2024,1,2,February,D006,C011,V015,R01,P001,Office Supplies expense - Operations,Invoice,Posted,860.16,86.02,946.18,PO-87915,INV-529495,AUD,1.0
TX001602,2025-11-10,2025,4,11,November,D005,C009,V018,R01,P004,Advertising expense - Sales,Invoice,Accrued,4186.51,418.65,4605.16,PO-97817,INV-744949,AUD,1.0
TX001603,2026-01-11,2026,1,1,January,D008,C014,V024,R01,P003,Utilities expense - Facilities,Invoice,Accrued,349.04,34.9,383.94,PO-24570,INV-983516,AUD,1.0
TX001604,2025-08-29,2025,3,8,August,D001,C002,V030,R01,P007,Cloud Services expense - Information Technology,Direct Debit,Posted,2853.77,285.38,3139.15,,INV-959834,AUD,1.0
TX001605,2024-05-20,2024,2,5,May,D005,C012,V029,R02,P008,Telecommunications expense - Sales,Direct Debit,Posted,1009.34,100.93,1110.27,,INV-375452,AUD,1.0
TX001606,2024-12-02,2024,4,12,December,D002,C017,V028,R01,P008,Legal & Compliance expense - Finance,Invoice,Posted,588.72,58.87,647.59,PO-20878,INV-291076,AUD,1.0
TX001607,2026-01-13,2026,1,1,January,D004,C011,V022,R01,P008,Office Supplies expense - Marketing,Invoice,Posted,217.13,21.71,238.84,PO-12970,INV-873732,AUD,1.0
TX001608,2026-03-25,2026,1,3,March,D003,C001,V024,R02,P008,Software & SaaS expense - Human Resources,Invoice,Posted,583.05,58.3,641.35,PO-58977,INV-193774,AUD,1.0
TX001609,2025-10-05,2025,4,10,October,D006,C019,V030,R02,P008,Vehicle Expenses expense - Operations,Invoice,Posted,1571.78,157.18,1728.96,PO-25930,INV-227780,AUD,1.0
TX001610,2025-08-12,2025,3,8,August,D004,C010,V035,R01,P004,Events expense - Marketing,Invoice,Posted,251.42,25.14,276.56,PO-55817,INV-227153,AUD,1.0
TX001611,2024-09-06,2024,3,9,September,D007,C001,V021,R02,P008,Software & SaaS expense - Customer Service,Invoice,Posted,5041.35,504.14,5545.49,PO-49234,INV-322484,AUD,1.0
TX001612,2026-01-01,2026,1,1,January,D008,C004,V034,R02,P008,Contractors expense - Facilities,Invoice,Posted,1653.56,165.36,1818.92,PO-55702,INV-634414,AUD,1.0
TX001613,2026-01-07,2026,1,1,January,D007,C020,V004,R01,P005,Customer Support Tools expense - Customer Service,Invoice,Posted,1460.32,146.03,1606.35,PO-66387,INV-194736,USD,1.5965
TX001614,2025-01-10,2025,1,1,January,D005,C010,V022,R03,P002,Events expense - Sales,Invoice,Posted,404.41,40.44,444.85,PO-23272,INV-498281,AUD,1.0
TX001615,2024-10-24,2024,4,10,October,D004,C009,V009,R05,P008,Advertising expense - Marketing,Invoice,Posted,1381.22,138.12,1519.34,PO-95217,INV-496582,AUD,1.0
TX001616,2025-02-23,2025,1,2,February,D001,C003,V034,R04,P004,Hardware expense - Information Technology,Corporate Card,Accrued,160.36,16.04,176.4,,,AUD,1.0
TX001617,2025-09-30,2025,3,9,September,D008,C011,V035,R03,P003,Office Supplies expense - Facilities,Invoice,Posted,824.69,82.47,907.16,PO-58929,INV-230484,AUD,1.0
TX001618,2024-02-08,2024,1,2,February,D004,C011,V032,R02,P001,Office Supplies expense - Marketing,Invoice,Posted,100.63,10.06,110.69,PO-23428,INV-376087,AUD,1.0
TX001619,2025-10-10,2025,4,10,October,D005,C019,V015,R01,P002,Vehicle Expenses expense - Sales,Direct Debit,Posted,1481.19,148.12,1629.31,,INV-147084,AUD,1.0
TX001620,2025-03-04,2025,1,3,March,D008,C013,V001,R01,P008,Rent expense - Facilities,Invoice,Accrued,2786.25,278.62,3064.87,PO-76734,INV-576414,AUD,1.0
TX001621,2026-02-22,2026,1,2,February,D005,C009,V016,R03,P005,Advertising expense - Sales,Invoice,Posted,2268.86,226.89,2495.75,PO-35761,INV-122306,AUD,1.0
TX001622,2025-10-19,2025,4,10,October,D007,C020,V007,R05,P008,Customer Support Tools expense - Customer Service,Invoice,Posted,526.13,52.61,578.74,PO-74673,INV-315531,AUD,1.0
TX001623,2025-07-15,2025,3,7,July,D008,C013,V033,R03,P005,Rent expense - Facilities,Invoice,Posted,1756.62,175.66,1932.28,PO-42908,INV-198873,AUD,1.0
TX001624,2024-08-26,2024,3,8,August,D001,C005,V023,R01,P008,Consulting expense - Information Technology,Invoice,Posted,769.46,76.95,846.41,PO-15179,INV-374691,AUD,1.0
TX001625,2024-03-10,2024,1,3,March,D003,C004,V023,R04,P008,Contractors expense - Human Resources,Invoice,Posted,1547.83,154.78,1702.61,PO-74847,INV-822958,AUD,1.0
TX001626,2025-08-28,2025,3,8,August,D005,C001,V024,R02,P003,Software & SaaS expense - Sales,Corporate Card,Posted,1073.3,107.33,1180.63,,,AUD,1.0
TX001627,2025-10-11,2025,4,10,October,D003,C004,V030,R03,P008,Contractors expense - Human Resources,Invoice,Accrued,1819.86,181.99,2001.85,PO-63329,INV-314628,AUD,1.0
TX001628,2024-07-06,2024,3,7,July,D003,C006,V020,R01,P008,Travel expense - Human Resources,Invoice,Posted,794.87,79.49,874.36,PO-98270,INV-324379,AUD,1.0
TX001629,2024-06-25,2024,2,6,June,D007,C001,V004,R01,P008,Software & SaaS expense - Customer Service,Invoice,Posted,422.9,42.29,465.19,PO-16587,INV-597959,AUD,1.0
TX001630,2024-01-13,2024,1,1,January,D003,C008,V011,R02,P008,Recruitment expense - Human Resources,Invoice,Posted,140.04,14.0,154.04,PO-19185,INV-698989,AUD,1.0
TX001631,2025-01-04,2025,1,1,January,D004,C009,V001,R05,P008,Advertising expense - Marketing,Invoice,Posted,972.84,97.28,1070.12,PO-27899,INV-449740,AUD,1.0
TX001632,2026-03-28,2026,1,3,March,D001,C001,V030,R04,P003,Software & SaaS expense - Information Technology,Invoice,Posted,463.22,46.32,509.54,PO-59895,INV-693883,AUD,1.0
TX001633,2024-02-12,2024,1,2,February,D008,C003,V012,R03,P008,Hardware expense - Facilities,Invoice,Posted,1293.1,129.31,1422.41,PO-84642,INV-275304,AUD,1.0
TX001634,2025-07-14,2025,3,7,July,D002,C006,V020,R04,P008,Travel expense - Finance,Expense Claim,Posted,353.43,35.34,388.77,,,AUD,1.0
TX001635,2024-10-27,2024,4,10,October,D003,C004,V026,R01,P002,Contractors expense - Human Resources,Invoice,Posted,645.83,64.58,710.41,PO-28601,INV-868153,AUD,1.0
TX001636,2025-11-11,2025,4,11,November,D001,C005,V029,R01,P008,Consulting expense - Information Technology,Invoice,Posted,2534.12,253.41,2787.53,PO-33937,INV-541100,AUD,1.0
TX001637,2025-10-18,2025,4,10,October,D006,C006,V031,R01,P008,Travel expense - Operations,Corporate Card,Posted,482.32,48.23,530.55,,,AUD,1.0
TX001638,2025-11-24,2025,4,11,November,D003,C006,V023,R05,P008,Travel expense - Human Resources,Invoice,Posted,797.81,79.78,877.59,PO-97479,INV-215804,AUD,1.0
TX001639,2024-11-23,2024,4,11,November,D002,C004,V026,R04,P008,Contractors expense - Finance,Direct Debit,Posted,7570.47,757.05,8327.52,,INV-929595,AUD,1.0
TX001640,2026-06-18,2026,2,6,June,D007,C004,V004,R01,P006,Contractors expense - Customer Service,Invoice,Posted,4762.51,476.25,5238.76,PO-40241,INV-559613,AUD,1.0
TX001641,2026-04-20,2026,2,4,April,D002,C007,V019,R01,P001,Training expense - Finance,Invoice,Posted,396.53,39.65,436.18,PO-84878,INV-872776,AUD,1.0
TX001642,2026-01-13,2026,1,1,January,D004,C009,V009,R03,P008,Advertising expense - Marketing,Invoice,Posted,2786.39,278.64,3065.03,PO-15121,INV-628660,AUD,1.0
TX001643,2024-06-10,2024,2,6,June,D002,C004,V021,R02,P008,Contractors expense - Finance,Corporate Card,Posted,1165.85,116.58,1282.43,,,AUD,1.0
TX001644,2024-06-19,2024,2,6,June,D004,C011,V010,R03,P008,Office Supplies expense - Marketing,Invoice,Posted,463.63,46.36,509.99,PO-10259,INV-163920,AUD,1.0
TX001645,2024-01-22,2024,1,1,January,D001,C005,V019,R02,P004,Consulting expense - Information Technology,Corporate Card,Posted,1054.64,105.46,1160.1,,,AUD,1.0
TX001646,2026-02-25,2026,1,2,February,D002,C001,V001,R01,P006,Software & SaaS expense - Finance,Corporate Card,Posted,2080.17,208.02,2288.19,,,AUD,1.0
TX001647,2024-05-22,2024,2,5,May,D008,C004,V035,R05,P008,Contractors expense - Facilities,Invoice,Posted,6456.89,645.69,7102.58,PO-11167,INV-668094,AUD,1.0
TX001648,2026-03-25,2026,1,3,March,D006,C006,V006,R02,P008,Travel expense - Operations,Invoice,Posted,759.4,75.94,835.34,PO-88213,INV-955570,AUD,1.0
TX001649,2026-05-11,2026,2,5,May,D005,C019,V007,R01,P007,Vehicle Expenses expense - Sales,Invoice,Posted,1218.21,121.82,1340.03,PO-21162,INV-433804,AUD,1.0
TX001650,2024-04-04,2024,2,4,April,D006,C019,V020,R01,P008,Vehicle Expenses expense - Operations,Corporate Card,Posted,2042.45,204.25,2246.7,,,AUD,1.0
TX001651,2026-02-19,2026,1,2,February,D004,C006,V021,R02,P001,Travel expense - Marketing,Corporate Card,Accrued,462.52,46.25,508.77,,,AUD,1.0
TX001652,2024-10-06,2024,4,10,October,D007,C012,V007,R02,P008,Telecommunications expense - Customer Service,Invoice,Posted,1513.27,151.33,1664.6,PO-28058,INV-784319,AUD,1.0
TX001653,2024-08-15,2024,3,8,August,D008,C014,V001,R05,P004,Utilities expense - Facilities,Invoice,Posted,278.74,27.87,306.61,PO-52567,INV-242546,AUD,1.0
TX001654,2025-04-23,2025,2,4,April,D004,C006,V020,R03,P003,Travel expense - Marketing,Invoice,Posted,346.45,34.65,381.1,PO-83402,INV-246265,AUD,1.0
TX001655,2025-07-18,2025,3,7,July,D006,C003,V005,R02,P008,Hardware expense - Operations,Expense Claim,Posted,1925.04,192.5,2117.54,,,AUD,1.0
TX001656,2025-11-12,2025,4,11,November,D007,C001,V012,R04,P001,Software & SaaS expense - Customer Service,Invoice,Posted,611.73,61.17,672.9,PO-41759,INV-647746,AUD,1.0
TX001657,2024-05-26,2024,2,5,May,D008,C003,V012,R01,P008,Hardware expense - Facilities,Invoice,Accrued,1059.57,105.96,1165.53,PO-79776,INV-850078,AUD,1.0
TX001658,2025-01-18,2025,1,1,January,D001,C004,V021,R03,P007,Contractors expense - Information Technology,Direct Debit,Posted,245.38,24.54,269.92,,INV-427215,AUD,1.0
TX001659,2025-01-25,2025,1,1,January,D001,C003,V029,R03,P008,Hardware expense - Information Technology,Corporate Card,Accrued,777.83,77.78,855.61,,,AUD,1.0
TX001660,2024-04-19,2024,2,4,April,D002,C005,V014,R01,P005,Consulting expense - Finance,Direct Debit,Posted,2900.47,290.05,3190.52,,INV-542347,AUD,1.0
TX001661,2024-03-26,2024,1,3,March,D008,C013,V021,R02,P003,Rent expense - Facilities,Invoice,Accrued,9349.93,934.99,10284.92,PO-61673,INV-575071,AUD,1.0
TX001662,2024-01-04,2024,1,1,January,D007,C012,V023,R03,P006,Telecommunications expense - Customer Service,Direct Debit,Posted,284.65,28.46,313.11,,INV-528626,AUD,1.0
TX001663,2026-05-22,2026,2,5,May,D008,C014,V019,R04,P004,Utilities expense - Facilities,Corporate Card,Posted,544.79,54.48,599.27,,,AUD,1.0
TX001664,2025-01-05,2025,1,1,January,D001,C001,V033,R02,P008,Software & SaaS expense - Information Technology,Expense Claim,Posted,558.44,55.84,614.28,,,USD,1.4688
TX001665,2024-10-05,2024,4,10,October,D004,C006,V025,R01,P008,Travel expense - Marketing,Invoice,Posted,2170.58,217.06,2387.64,PO-43132,INV-733970,AUD,1.0
TX001666,2026-01-25,2026,1,1,January,D006,C004,V012,R01,P008,Contractors expense - Operations,Corporate Card,Posted,757.99,75.8,833.79,,,AUD,1.0
TX001667,2024-03-31,2024,1,3,March,D002,C001,V013,R03,P008,Software & SaaS expense - Finance,Invoice,Posted,1067.52,106.75,1174.27,PO-66234,INV-344844,AUD,1.0
TX001668,2024-11-10,2024,4,11,November,D004,C006,V033,R03,P008,Travel expense - Marketing,Invoice,Posted,1778.36,177.84,1956.2,PO-86898,INV-940298,AUD,1.0
TX001669,2025-03-05,2025,1,3,March,D001,C004,V002,R02,P008,Contractors expense - Information Technology,Invoice,Posted,1340.38,134.04,1474.42,PO-58636,INV-426109,AUD,1.0
TX001670,2024-07-19,2024,3,7,July,D005,C001,V002,R04,P003,Software & SaaS expense - Sales,Invoice,Posted,440.37,44.04,484.41,PO-10549,INV-963812,AUD,1.0
TX001671,2024-09-02,2024,3,9,September,D008,C004,V033,R01,P008,Contractors expense - Facilities,Invoice,Posted,2218.27,221.83,2440.1,PO-16487,INV-184076,AUD,1.0
TX001672,2024-04-01,2024,2,4,April,D005,C001,V031,R05,P003,Software & SaaS expense - Sales,Corporate Card,Posted,1700.43,170.04,1870.47,,,AUD,1.0
TX001673,2026-04-22,2026,2,4,April,D008,C016,V007,R03,P007,Insurance expense - Facilities,Expense Claim,Posted,797.99,79.8,877.79,,,AUD,1.0
TX001674,2026-02-08,2026,1,2,February,D001,C012,V019,R02,P002,Telecommunications expense - Information Technology,Direct Debit,Posted,1319.02,131.9,1450.92,,INV-109883,AUD,1.0
TX001675,2025-10-05,2025,4,10,October,D002,C001,V015,R01,P007,Software & SaaS expense - Finance,Invoice,Posted,778.58,77.86,856.44,PO-79269,INV-808832,AUD,1.0
TX001676,2026-06-07,2026,2,6,June,D008,C014,V030,R03,P008,Utilities expense - Facilities,Invoice,Posted,762.73,76.27,839.0,PO-65935,INV-128825,AUD,1.0
TX001677,2025-07-19,2025,3,7,July,D002,C017,V010,R03,P008,Legal & Compliance expense - Finance,Corporate Card,Posted,336.22,33.62,369.84,,,AUD,1.0
TX001678,2025-01-28,2025,1,1,January,D005,C010,V013,R02,P002,Events expense - Sales,Invoice,Posted,691.58,69.16,760.74,PO-23899,INV-107312,AUD,1.0
TX001679,2024-07-05,2024,3,7,July,D005,C012,V024,R01,P008,Telecommunications expense - Sales,Expense Claim,Posted,771.14,77.11,848.25,,,AUD,1.0
TX001680,2024-09-20,2024,3,9,September,D005,C006,V026,R04,P002,Travel expense - Sales,Invoice,Posted,991.58,99.16,1090.74,PO-82284,INV-469530,USD,1.5404
TX001681,2026-05-17,2026,2,5,May,D008,C011,V025,R02,P008,Office Supplies expense - Facilities,Invoice,Posted,751.33,75.13,826.46,PO-42231,INV-706144,AUD,1.0
TX001682,2026-05-20,2026,2,5,May,D006,C019,V010,R03,P008,Vehicle Expenses expense - Operations,Invoice,Posted,362.0,36.2,398.2,PO-72959,INV-110114,AUD,1.0
TX001683,2024-08-10,2024,3,8,August,D004,C006,V034,R01,P008,Travel expense - Marketing,Corporate Card,Posted,1587.38,158.74,1746.12,,,AUD,1.0
TX001684,2024-10-22,2024,4,10,October,D005,C012,V020,R01,P001,Telecommunications expense - Sales,Direct Debit,Posted,767.62,76.76,844.38,,INV-254518,AUD,1.0
TX001685,2024-04-13,2024,2,4,April,D006,C003,V025,R01,P008,Hardware expense - Operations,Direct Debit,Posted,1364.08,136.41,1500.49,,INV-744312,AUD,1.0
TX001686,2026-06-02,2026,2,6,June,D006,C004,V001,R01,P002,Contractors expense - Operations,Direct Debit,Posted,613.6,61.36,674.96,,INV-372185,AUD,1.0
TX001687,2026-02-26,2026,1,2,February,D003,C007,V028,R02,P008,Training expense - Human Resources,Invoice,Posted,336.8,33.68,370.48,PO-24570,INV-243461,AUD,1.0
TX001688,2025-07-13,2025,3,7,July,D002,C006,V007,R04,P005,Travel expense - Finance,Direct Debit,Posted,157.53,15.75,173.28,,INV-479878,AUD,1.0
TX001689,2024-09-22,2024,3,9,September,D003,C007,V030,R04,P008,Training expense - Human Resources,Invoice,Posted,53.72,5.37,59.09,PO-58471,INV-909188,AUD,1.0
TX001690,2024-10-13,2024,4,10,October,D007,C012,V005,R02,P001,Telecommunications expense - Customer Service,Invoice,Posted,359.95,35.99,395.94,PO-57402,INV-502940,AUD,1.0
TX001691,2026-04-04,2026,2,4,April,D005,C019,V015,R02,P008,Vehicle Expenses expense - Sales,Invoice,Posted,763.57,76.36,839.93,PO-39919,INV-655825,AUD,1.0
TX001692,2024-01-17,2024,1,1,January,D003,C007,V020,R01,P001,Training expense - Human Resources,Invoice,Posted,279.5,27.95,307.45,PO-83744,INV-281150,AUD,1.0
TX001693,2024-12-06,2024,4,12,December,D005,C010,V010,R03,P006,Events expense - Sales,Invoice,Posted,1448.64,144.86,1593.5,PO-64607,INV-549430,AUD,1.0
TX001694,2024-09-13,2024,3,9,September,D003,C001,V014,R02,P008,Software & SaaS expense - Human Resources,Expense Claim,Posted,4836.58,483.66,5320.24,,,AUD,1.0
TX001695,2025-02-14,2025,1,2,February,D008,C013,V009,R03,P005,Rent expense - Facilities,Corporate Card,Posted,1295.56,129.56,1425.12,,,AUD,1.0
TX001696,2025-02-20,2025,1,2,February,D001,C020,V034,R01,P008,Customer Support Tools expense - Information Technology,Invoice,Posted,502.13,50.21,552.34,PO-10789,INV-463701,AUD,1.0
TX001697,2026-03-18,2026,1,3,March,D001,C012,V010,R02,P008,Telecommunications expense - Information Technology,Corporate Card,Posted,359.56,35.96,395.52,,,USD,1.4991
TX001698,2025-03-15,2025,1,3,March,D005,C001,V021,R01,P008,Software & SaaS expense - Sales,Invoice,Posted,886.16,88.62,974.78,PO-54433,INV-460984,AUD,1.0
TX001699,2024-09-17,2024,3,9,September,D003,C007,V002,R04,P008,Training expense - Human Resources,Invoice,Posted,60.63,6.06,66.69,PO-62748,INV-885990,AUD,1.0
TX001700,2026-05-07,2026,2,5,May,D003,C007,V012,R03,P003,Training expense - Human Resources,Invoice,Posted,62.0,6.2,68.2,PO-70920,INV-970456,AUD,1.0
TX001701,2025-01-14,2025,1,1,January,D008,C013,V007,R03,P008,Rent expense - Facilities,Invoice,Posted,2520.47,252.05,2772.52,PO-24944,INV-402986,AUD,1.0
TX001702,2024-10-01,2024,4,10,October,D007,C020,V012,R02,P001,Customer Support Tools expense - Customer Service,Invoice,Posted,1266.75,126.68,1393.43,PO-84532,INV-933317,AUD,1.0
TX001703,2025-07-16,2025,3,7,July,D001,C001,V012,R05,P008,Software & SaaS expense - Information Technology,Direct Debit,Posted,1369.19,136.92,1506.11,,INV-174923,AUD,1.0
TX001704,2025-04-06,2025,2,4,April,D008,C016,V006,R01,P003,Insurance expense - Facilities,Direct Debit,Posted,378.91,37.89,416.8,,INV-111303,AUD,1.0
TX001705,2024-02-03,2024,1,2,February,D005,C012,V030,R01,P003,Telecommunications expense - Sales,Invoice,Posted,317.01,31.7,348.71,PO-46521,INV-920531,AUD,1.0
TX001706,2025-03-30,2025,1,3,March,D007,C004,V015,R04,P001,Contractors expense - Customer Service,Invoice,Posted,256.76,25.68,282.44,PO-90314,INV-957340,AUD,1.0
TX001707,2025-07-17,2025,3,7,July,D006,C003,V015,R03,P003,Hardware expense - Operations,Expense Claim,Posted,179.0,17.9,196.9,,,AUD,1.0
TX001708,2024-03-30,2024,1,3,March,D003,C008,V023,R01,P006,Recruitment expense - Human Resources,Direct Debit,Posted,514.13,51.41,565.54,,INV-970784,AUD,1.0
TX001709,2025-03-16,2025,1,3,March,D007,C012,V011,R02,P005,Telecommunications expense - Customer Service,Corporate Card,Posted,362.03,36.2,398.23,,,AUD,1.0
TX001710,2025-05-15,2025,2,5,May,D005,C012,V002,R03,P008,Telecommunications expense - Sales,Direct Debit,Posted,880.93,88.09,969.02,,INV-481039,AUD,1.0
TX001711,2026-02-10,2026,1,2,February,D007,C001,V007,R01,P008,Software & SaaS expense - Customer Service,Invoice,Posted,1700.7,170.07,1870.77,PO-20191,INV-489444,AUD,1.0
TX001712,2026-03-06,2026,1,3,March,D005,C006,V035,R03,P004,Travel expense - Sales,Invoice,Posted,743.4,74.34,817.74,PO-35221,INV-359277,AUD,1.0
TX001713,2024-07-30,2024,3,7,July,D003,C001,V005,R05,P004,Software & SaaS expense - Human Resources,Invoice,Accrued,587.56,58.76,646.32,PO-39627,INV-996864,AUD,1.0
TX001714,2025-02-18,2025,1,2,February,D005,C019,V016,R04,P008,Vehicle Expenses expense - Sales,Direct Debit,Posted,519.87,51.99,571.86,,INV-547484,AUD,1.0
TX001715,2024-05-15,2024,2,5,May,D001,C020,V035,R02,P005,Customer Support Tools expense - Information Technology,Invoice,Posted,481.01,48.1,529.11,PO-53691,INV-887854,AUD,1.0
TX001716,2025-09-04,2025,3,9,September,D007,C007,V009,R04,P008,Training expense - Customer Service,Invoice,Posted,143.95,14.39,158.34,PO-58718,INV-391352,AUD,1.0
TX001717,2024-06-12,2024,2,6,June,D002,C001,V018,R02,P008,Software & SaaS expense - Finance,Direct Debit,Pending,1519.09,151.91,1671.0,,INV-202539,AUD,1.0
TX001718,2025-08-23,2025,3,8,August,D003,C004,V015,R02,P001,Contractors expense - Human Resources,Corporate Card,Posted,733.86,73.39,807.25,,,AUD,1.0
TX001719,2024-10-07,2024,4,10,October,D008,C011,V026,R01,P008,Office Supplies expense - Facilities,Direct Debit,Accrued,155.68,15.57,171.25,,INV-546403,AUD,1.0
TX001720,2024-05-03,2024,2,5,May,D008,C016,V011,R03,P001,Insurance expense - Facilities,Direct Debit,Posted,2444.48,244.45,2688.93,,INV-164051,AUD,1.0
TX001721,2024-07-14,2024,3,7,July,D003,C011,V015,R01,P005,Office Supplies expense - Human Resources,Invoice,Posted,455.55,45.56,501.11,PO-28294,INV-205242,AUD,1.0
TX001722,2025-08-18,2025,3,8,August,D002,C005,V034,R01,P008,Consulting expense - Finance,Corporate Card,Posted,2940.75,294.07,3234.82,,,AUD,1.0
TX001723,2025-09-11,2025,3,9,September,D003,C006,V009,R03,P004,Travel expense - Human Resources,Invoice,Posted,610.42,61.04,671.46,PO-80739,INV-929651,AUD,1.0
TX001724,2024-04-22,2024,2,4,April,D003,C011,V035,R05,P001,Office Supplies expense - Human Resources,Invoice,Posted,217.24,21.72,238.96,PO-37390,INV-345868,AUD,1.0
TX001725,2026-02-14,2026,1,2,February,D003,C008,V023,R02,P008,Recruitment expense - Human Resources,Invoice,Posted,354.66,35.47,390.13,PO-78126,INV-449745,AUD,1.0
TX001726,2025-10-13,2025,4,10,October,D006,C019,V035,R02,P003,Vehicle Expenses expense - Operations,Invoice,Posted,2022.86,202.29,2225.15,PO-76573,INV-379052,AUD,1.0
TX001727,2025-02-11,2025,1,2,February,D008,C004,V024,R03,P008,Contractors expense - Facilities,Direct Debit,Posted,1210.16,121.02,1331.18,,INV-184046,AUD,1.0
TX001728,2026-03-15,2026,1,3,March,D007,C004,V023,R02,P003,Contractors expense - Customer Service,Corporate Card,Posted,369.94,36.99,406.93,,,AUD,1.0
TX001729,2026-06-23,2026,2,6,June,D005,C010,V017,R01,P007,Events expense - Sales,Invoice,Posted,4813.87,481.39,5295.26,PO-42202,INV-386813,AUD,1.0
TX001730,2024-03-30,2024,1,3,March,D005,C012,V001,R02,P008,Telecommunications expense - Sales,Invoice,Posted,576.42,57.64,634.06,PO-27613,INV-529821,AUD,1.0
TX001731,2025-02-12,2025,1,2,February,D001,C003,V004,R04,P008,Hardware expense - Information Technology,Invoice,Posted,2258.44,225.84,2484.28,PO-94805,INV-141249,AUD,1.0
TX001732,2024-01-20,2024,1,1,January,D004,C010,V006,R01,P008,Events expense - Marketing,Direct Debit,Posted,883.79,88.38,972.17,,INV-268109,AUD,1.0
TX001733,2024-11-01,2024,4,11,November,D008,C003,V025,R01,P008,Hardware expense - Facilities,Invoice,Posted,3923.74,392.37,4316.11,PO-70477,INV-609454,AUD,1.0
TX001734,2025-11-05,2025,4,11,November,D001,C003,V027,R02,P006,Hardware expense - Information Technology,Invoice,Posted,742.79,74.28,817.07,PO-85031,INV-441379,AUD,1.0
TX001735,2024-08-21,2024,3,8,August,D008,C004,V029,R01,P007,Contractors expense - Facilities,Direct Debit,Posted,5706.54,570.65,6277.19,,INV-307856,AUD,1.0
TX001736,2026-03-16,2026,1,3,March,D007,C001,V017,R01,P008,Software & SaaS expense - Customer Service,Invoice,Posted,735.12,73.51,808.63,PO-22994,INV-507989,AUD,1.0
TX001737,2024-12-23,2024,4,12,December,D005,C009,V030,R01,P008,Advertising expense - Sales,Direct Debit,Posted,662.23,66.22,728.45,,INV-540636,AUD,1.0
TX001738,2026-02-09,2026,1,2,February,D001,C004,V017,R04,P003,Contractors expense - Information Technology,Expense Claim,Posted,1963.36,196.34,2159.7,,,AUD,1.0
TX001739,2026-04-08,2026,2,4,April,D002,C006,V033,R01,P005,Travel expense - Finance,Invoice,Posted,534.25,53.43,587.68,PO-84007,INV-297956,AUD,1.0
TX001740,2024-06-25,2024,2,6,June,D005,C019,V019,R01,P008,Vehicle Expenses expense - Sales,Invoice,Posted,958.57,95.86,1054.43,PO-32048,INV-329663,AUD,1.0
TX001741,2024-10-02,2024,4,10,October,D006,C011,V033,R04,P008,Office Supplies expense - Operations,Invoice,Posted,589.21,58.92,648.13,PO-57046,INV-407675,AUD,1.0
TX001742,2026-03-02,2026,1,3,March,D006,C019,V009,R01,P008,Vehicle Expenses expense - Operations,Invoice,Posted,652.87,65.29,718.16,PO-66868,INV-869594,AUD,1.0
TX001743,2025-12-24,2025,4,12,December,D005,C001,V001,R03,P008,Software & SaaS expense - Sales,Direct Debit,Posted,1172.56,117.26,1289.82,,INV-877957,AUD,1.0
TX001744,2024-10-01,2024,4,10,October,D003,C001,V021,R02,P004,Software & SaaS expense - Human Resources,Direct Debit,Posted,2482.17,248.22,2730.39,,INV-600124,AUD,1.0
TX001745,2025-06-30,2025,2,6,June,D002,C005,V032,R03,P001,Consulting expense - Finance,Corporate Card,Posted,4146.07,414.61,4560.68,,,AUD,1.0
TX001746,2025-06-19,2025,2,6,June,D005,C009,V025,R01,P001,Advertising expense - Sales,Direct Debit,Posted,1614.13,161.41,1775.54,,INV-506532,AUD,1.0
TX001747,2026-02-12,2026,1,2,February,D004,C009,V005,R02,P008,Advertising expense - Marketing,Corporate Card,Posted,929.82,92.98,1022.8,,,AUD,1.0
TX001748,2026-02-03,2026,1,2,February,D001,C001,V011,R01,P008,Software & SaaS expense - Information Technology,Direct Debit,Posted,1542.19,154.22,1696.41,,INV-576496,AUD,1.0
TX001749,2025-10-27,2025,4,10,October,D007,C001,V027,R01,P004,Software & SaaS expense - Customer Service,Invoice,Posted,1766.97,176.7,1943.67,PO-68223,INV-379979,AUD,1.0
TX001750,2025-03-11,2025,1,3,March,D004,C004,V029,R01,P008,Contractors expense - Marketing,Invoice,Posted,2073.22,207.32,2280.54,PO-25760,INV-674612,AUD,1.0
TX001751,2024-05-18,2024,2,5,May,D003,C011,V031,R01,P007,Office Supplies expense - Human Resources,Direct Debit,Posted,975.7,97.57,1073.27,,INV-574084,AUD,1.0
TX001752,2025-06-04,2025,2,6,June,D007,C007,V003,R01,P008,Training expense - Customer Service,Invoice,Posted,154.93,15.49,170.42,PO-32172,INV-830202,AUD,1.0
TX001753,2025-06-11,2025,2,6,June,D008,C013,V021,R01,P008,Rent expense - Facilities,Invoice,Posted,3768.14,376.81,4144.95,PO-44388,INV-779384,AUD,1.0
TX001754,2026-05-27,2026,2,5,May,D007,C001,V029,R02,P006,Software & SaaS expense - Customer Service,Invoice,Posted,370.42,37.04,407.46,PO-31346,INV-705951,AUD,1.0
TX001755,2025-11-23,2025,4,11,November,D001,C004,V012,R01,P008,Contractors expense - Information Technology,Corporate Card,Posted,3352.68,335.27,3687.95,,,AUD,1.0
TX001756,2025-07-03,2025,3,7,July,D003,C007,V021,R01,P003,Training expense - Human Resources,Invoice,Accrued,438.94,43.89,482.83,PO-79978,INV-543430,AUD,1.0
TX001757,2026-04-22,2026,2,4,April,D005,C012,V019,R01,P006,Telecommunications expense - Sales,Corporate Card,Accrued,223.3,22.33,245.63,,,AUD,1.0
TX001758,2024-08-28,2024,3,8,August,D002,C016,V020,R03,P008,Insurance expense - Finance,Corporate Card,Posted,866.95,86.7,953.65,,,AUD,1.0
TX001759,2025-08-02,2025,3,8,August,D007,C012,V012,R01,P006,Telecommunications expense - Customer Service,Invoice,Posted,166.07,16.61,182.68,PO-89594,INV-656271,AUD,1.0
TX001760,2024-06-15,2024,2,6,June,D005,C006,V018,R02,P008,Travel expense - Sales,Invoice,Posted,655.35,65.54,720.89,PO-98905,INV-961956,AUD,1.0
TX001761,2026-01-28,2026,1,1,January,D002,C006,V031,R03,P002,Travel expense - Finance,Invoice,Posted,518.03,51.8,569.83,PO-96943,INV-332567,AUD,1.0
TX001762,2025-11-25,2025,4,11,November,D002,C005,V004,R04,P008,Consulting expense - Finance,Invoice,Accrued,283.38,28.34,311.72,PO-96267,INV-248810,AUD,1.0
TX001763,2026-05-20,2026,2,5,May,D002,C005,V003,R01,P008,Consulting expense - Finance,Corporate Card,Posted,1421.52,142.15,1563.67,,,AUD,1.0
TX001764,2024-07-27,2024,3,7,July,D001,C005,V005,R03,P001,Consulting expense - Information Technology,Invoice,Posted,1107.65,110.77,1218.42,PO-32787,INV-782918,AUD,1.0
TX001765,2026-06-10,2026,2,6,June,D005,C009,V002,R04,P005,Advertising expense - Sales,Invoice,Posted,890.75,89.08,979.83,PO-94093,INV-778267,AUD,1.0
TX001766,2025-04-23,2025,2,4,April,D005,C001,V028,R01,P008,Software & SaaS expense - Sales,Direct Debit,Posted,846.66,84.67,931.33,,INV-684548,AUD,1.0
TX001767,2024-02-03,2024,1,2,February,D003,C001,V004,R01,P002,Software & SaaS expense - Human Resources,Expense Claim,Posted,2440.69,244.07,2684.76,,,AUD,1.0
TX001768,2026-06-22,2026,2,6,June,D005,C009,V025,R01,P005,Advertising expense - Sales,Invoice,Posted,2749.08,274.91,3023.99,PO-10769,INV-185168,USD,1.5521
TX001769,2024-07-01,2024,3,7,July,D001,C012,V010,R03,P008,Telecommunications expense - Information Technology,Invoice,Posted,182.2,18.22,200.42,PO-21799,INV-263798,AUD,1.0
TX001770,2024-08-16,2024,3,8,August,D008,C011,V018,R01,P003,Office Supplies expense - Facilities,Direct Debit,Posted,258.47,25.85,284.32,,INV-495022,AUD,1.0
TX001771,2025-10-26,2025,4,10,October,D008,C003,V016,R01,P008,Hardware expense - Facilities,Direct Debit,Posted,738.87,73.89,812.76,,INV-472097,AUD,1.0
TX001772,2024-08-15,2024,3,8,August,D007,C007,V035,R02,P001,Training expense - Customer Service,Invoice,Posted,456.72,45.67,502.39,PO-45648,INV-981223,AUD,1.0
TX001773,2026-06-17,2026,2,6,June,D003,C001,V029,R01,P008,Software & SaaS expense - Human Resources,Invoice,Posted,859.27,85.93,945.2,PO-59959,INV-522819,AUD,1.0
TX001774,2026-04-06,2026,2,4,April,D008,C014,V027,R03,P008,Utilities expense - Facilities,Invoice,Posted,493.66,49.37,543.03,PO-97369,INV-282640,AUD,1.0
TX001775,2024-05-18,2024,2,5,May,D001,C003,V012,R01,P008,Hardware expense - Information Technology,Corporate Card,Posted,428.47,42.85,471.32,,,AUD,1.0
TX001776,2024-03-15,2024,1,3,March,D008,C014,V023,R02,P003,Utilities expense - Facilities,Direct Debit,Accrued,846.93,84.69,931.62,,INV-674789,AUD,1.0
TX001777,2024-09-10,2024,3,9,September,D004,C006,V026,R03,P008,Travel expense - Marketing,Invoice,Posted,571.91,57.19,629.1,PO-66862,INV-112957,AUD,1.0
TX001778,2024-11-04,2024,4,11,November,D002,C004,V034,R01,P003,Contractors expense - Finance,Invoice,Posted,869.69,86.97,956.66,PO-21093,INV-262275,AUD,1.0
TX001779,2024-05-09,2024,2,5,May,D007,C001,V019,R01,P008,Software & SaaS expense - Customer Service,Corporate Card,Posted,472.59,47.26,519.85,,,AUD,1.0
TX001780,2026-05-10,2026,2,5,May,D002,C017,V015,R01,P008,Legal & Compliance expense - Finance,Invoice,Posted,1208.66,120.87,1329.53,PO-85354,INV-619785,AUD,1.0
TX001781,2024-11-25,2024,4,11,November,D003,C011,V003,R04,P008,Office Supplies expense - Human Resources,Corporate Card,Posted,287.01,28.7,315.71,,,AUD,1.0
TX001782,2024-06-12,2024,2,6,June,D003,C006,V010,R04,P005,Travel expense - Human Resources,Invoice,Posted,380.39,38.04,418.43,PO-89774,INV-939279,AUD,1.0
TX001783,2024-04-14,2024,2,4,April,D005,C012,V035,R04,P006,Telecommunications expense - Sales,Direct Debit,Posted,271.63,27.16,298.79,,INV-357954,AUD,1.0
TX001784,2025-10-05,2025,4,10,October,D001,C004,V034,R03,P006,Contractors expense - Information Technology,Invoice,Posted,1457.81,145.78,1603.59,PO-94142,INV-908707,AUD,1.0
TX001785,2024-10-24,2024,4,10,October,D001,C003,V032,R01,P008,Hardware expense - Information Technology,Invoice,Posted,302.35,30.24,332.59,PO-91090,INV-431086,USD,1.5485
TX001786,2026-05-20,2026,2,5,May,D007,C001,V032,R01,P008,Software & SaaS expense - Customer Service,Invoice,Posted,624.81,62.48,687.29,PO-85444,INV-898800,USD,1.4593
TX001787,2025-11-10,2025,4,11,November,D003,C001,V005,R01,P005,Software & SaaS expense - Human Resources,Invoice,Posted,1272.73,127.27,1400.0,PO-34097,INV-949729,AUD,1.0
TX001788,2024-10-27,2024,4,10,October,D005,C009,V001,R04,P004,Advertising expense - Sales,Invoice,Posted,2939.24,293.92,3233.16,PO-26865,INV-912087,AUD,1.0
TX001789,2024-08-18,2024,3,8,August,D006,C003,V031,R05,P008,Hardware expense - Operations,Corporate Card,Posted,788.04,78.8,866.84,,,AUD,1.0
TX001790,2024-02-04,2024,1,2,February,D006,C003,V011,R02,P004,Hardware expense - Operations,Invoice,Posted,2808.9,280.89,3089.79,PO-43527,INV-138838,AUD,1.0
TX001791,2025-09-11,2025,3,9,September,D002,C007,V023,R04,P008,Training expense - Finance,Corporate Card,Posted,129.08,12.91,141.99,,,AUD,1.0
TX001792,2026-05-05,2026,2,5,May,D008,C011,V026,R01,P008,Office Supplies expense - Facilities,Corporate Card,Posted,296.87,29.69,326.56,,,AUD,1.0
TX001793,2025-05-18,2025,2,5,May,D008,C003,V016,R01,P001,Hardware expense - Facilities,Invoice,Pending,1338.88,133.89,1472.77,PO-42590,INV-733556,AUD,1.0
TX001794,2026-03-18,2026,1,3,March,D003,C004,V014,R01,P008,Contractors expense - Human Resources,Invoice,Posted,2011.26,201.13,2212.39,PO-41266,INV-638697,AUD,1.0
TX001795,2025-01-15,2025,1,1,January,D007,C007,V002,R03,P008,Training expense - Customer Service,Invoice,Posted,432.23,43.22,475.45,PO-54295,INV-194941,AUD,1.0
TX001796,2025-01-26,2025,1,1,January,D005,C019,V014,R02,P008,Vehicle Expenses expense - Sales,Invoice,Accrued,1287.71,128.77,1416.48,PO-89285,INV-591176,AUD,1.0
TX001797,2024-11-03,2024,4,11,November,D005,C001,V004,R02,P008,Software & SaaS expense - Sales,Expense Claim,Pending,967.7,96.77,1064.47,,,AUD,1.0
TX001798,2024-02-13,2024,1,2,February,D003,C001,V006,R05,P008,Software & SaaS expense - Human Resources,Corporate Card,Posted,1208.86,120.89,1329.75,,,AUD,1.0
TX001799,2024-08-15,2024,3,8,August,D002,C001,V010,R01,P008,Software & SaaS expense - Finance,Invoice,Posted,1902.96,190.3,2093.26,PO-83515,INV-149330,AUD,1.0
TX001800,2024-12-17,2024,4,12,December,D003,C007,V008,R01,P008,Training expense - Human Resources,Invoice,Posted,340.19,34.02,374.21,PO-30831,INV-253868,AUD,1.0
TX001801,2024-01-19,2024,1,1,January,D006,C004,V001,R03,P008,Contractors expense - Operations,Invoice,Posted,877.37,87.74,965.11,PO-17432,INV-657656,AUD,1.0
TX001802,2025-11-26,2025,4,11,November,D003,C011,V005,R04,P001,Office Supplies expense - Human Resources,Direct Debit,Posted,76.45,7.65,84.1,,INV-704586,AUD,1.0
TX001803,2024-10-05,2024,4,10,October,D007,C012,V009,R04,P008,Telecommunications expense - Customer Service,Invoice,Posted,697.9,69.79,767.69,PO-10363,INV-480949,AUD,1.0
TX001804,2024-08-25,2024,3,8,August,D001,C002,V035,R03,P001,Cloud Services expense - Information Technology,Invoice,Posted,993.79,99.38,1093.17,PO-38322,INV-507121,AUD,1.0
TX001805,2025-06-13,2025,2,6,June,D007,C001,V026,R01,P008,Software & SaaS expense - Customer Service,Invoice,Posted,570.35,57.04,627.39,PO-26943,INV-866439,AUD,1.0
TX001806,2025-06-27,2025,2,6,June,D002,C016,V001,R03,P004,Insurance expense - Finance,Invoice,Posted,654.17,65.42,719.59,PO-25501,INV-272919,AUD,1.0
TX001807,2024-03-01,2024,1,3,March,D004,C011,V002,R01,P005,Office Supplies expense - Marketing,Corporate Card,Posted,274.37,27.44,301.81,,,AUD,1.0
TX001808,2025-01-14,2025,1,1,January,D008,C015,V008,R02,P004,Repairs & Maintenance expense - Facilities,Expense Claim,Posted,958.74,95.87,1054.61,,,AUD,1.0
TX001809,2025-06-30,2025,2,6,June,D007,C001,V023,R01,P008,Software & SaaS expense - Customer Service,Corporate Card,Posted,651.24,65.12,716.36,,,USD,1.4566
TX001810,2025-07-24,2025,3,7,July,D005,C019,V033,R01,P005,Vehicle Expenses expense - Sales,Corporate Card,Posted,253.43,25.34,278.77,,,AUD,1.0
TX001811,2025-02-02,2025,1,2,February,D006,C019,V019,R01,P003,Vehicle Expenses expense - Operations,Invoice,Posted,1459.31,145.93,1605.24,PO-99892,INV-489016,AUD,1.0
TX001812,2024-06-01,2024,2,6,June,D002,C006,V027,R03,P001,Travel expense - Finance,Direct Debit,Posted,408.57,40.86,449.43,,INV-246318,AUD,1.0
TX001813,2024-11-13,2024,4,11,November,D007,C001,V010,R02,P004,Software & SaaS expense - Customer Service,Invoice,Posted,870.2,87.02,957.22,PO-19306,INV-492648,USD,1.5049
TX001814,2024-07-22,2024,3,7,July,D001,C001,V006,R02,P008,Software & SaaS expense - Information Technology,Invoice,Posted,596.0,59.6,655.6,PO-84983,INV-164842,AUD,1.0
TX001815,2025-01-17,2025,1,1,January,D003,C004,V016,R01,P001,Contractors expense - Human Resources,Invoice,Posted,1972.74,197.27,2170.01,PO-44631,INV-867476,AUD,1.0
TX001816,2026-02-02,2026,1,2,February,D006,C004,V030,R01,P008,Contractors expense - Operations,Invoice,Posted,2498.19,249.82,2748.01,PO-94277,INV-650201,AUD,1.0
TX001817,2025-10-14,2025,4,10,October,D007,C012,V026,R05,P008,Telecommunications expense - Customer Service,Invoice,Posted,466.58,46.66,513.24,PO-52240,INV-848141,AUD,1.0
TX001818,2025-09-13,2025,3,9,September,D008,C011,V026,R03,P008,Office Supplies expense - Facilities,Corporate Card,Posted,236.16,23.62,259.78,,,AUD,1.0
TX001819,2024-09-05,2024,3,9,September,D008,C016,V035,R02,P008,Insurance expense - Facilities,Invoice,Posted,688.14,68.81,756.95,PO-74077,INV-353645,AUD,1.0
TX001820,2024-08-10,2024,3,8,August,D004,C004,V031,R03,P008,Contractors expense - Marketing,Invoice,Posted,520.04,52.0,572.04,PO-34385,INV-687906,USD,1.5107
TX001821,2024-05-16,2024,2,5,May,D006,C004,V030,R03,P008,Contractors expense - Operations,Corporate Card,Posted,535.86,53.59,589.45,,,AUD,1.0
TX001822,2024-08-30,2024,3,8,August,D003,C004,V010,R03,P008,Contractors expense - Human Resources,Invoice,Posted,775.06,77.51,852.57,PO-10017,INV-168428,AUD,1.0
TX001823,2025-03-09,2025,1,3,March,D004,C004,V018,R03,P003,Contractors expense - Marketing,Invoice,Posted,1189.11,118.91,1308.02,PO-78848,INV-256605,AUD,1.0
TX001824,2026-06-29,2026,2,6,June,D001,C020,V021,R03,P005,Customer Support Tools expense - Information Technology,Invoice,Accrued,1444.81,144.48,1589.29,PO-17546,INV-564063,AUD,1.0
TX001825,2024-11-27,2024,4,11,November,D007,C020,V013,R03,P008,Customer Support Tools expense - Customer Service,Invoice,Posted,785.85,78.59,864.44,PO-47269,INV-357797,AUD,1.0
TX001826,2024-08-06,2024,3,8,August,D003,C004,V010,R03,P007,Contractors expense - Human Resources,Invoice,Accrued,4758.74,475.87,5234.61,PO-64285,INV-861241,AUD,1.0
TX001827,2025-06-02,2025,2,6,June,D001,C004,V031,R02,P004,Contractors expense - Information Technology,Invoice,Posted,659.8,65.98,725.78,PO-75984,INV-934822,AUD,1.0
TX001828,2024-11-07,2024,4,11,November,D003,C011,V003,R01,P008,Office Supplies expense - Human Resources,Invoice,Accrued,527.33,52.73,580.06,PO-45422,INV-119401,AUD,1.0
TX001829,2025-11-22,2025,4,11,November,D007,C012,V011,R04,P005,Telecommunications expense - Customer Service,Invoice,Posted,331.48,33.15,364.63,PO-66321,INV-970744,AUD,1.0
TX001830,2024-06-12,2024,2,6,June,D001,C020,V013,R01,P008,Customer Support Tools expense - Information Technology,Invoice,Posted,2307.74,230.77,2538.51,PO-62892,INV-934103,AUD,1.0
TX001831,2024-09-25,2024,3,9,September,D007,C001,V021,R01,P007,Software & SaaS expense - Customer Service,Invoice,Posted,1412.03,141.2,1553.23,PO-86949,INV-832936,AUD,1.0
TX001832,2026-02-27,2026,1,2,February,D008,C015,V018,R02,P008,Repairs & Maintenance expense - Facilities,Invoice,Posted,1661.32,166.13,1827.45,PO-66000,INV-136051,AUD,1.0
TX001833,2025-08-26,2025,3,8,August,D006,C006,V014,R01,P004,Travel expense - Operations,Direct Debit,Posted,306.97,30.7,337.67,,INV-881505,AUD,1.0
TX001834,2024-08-15,2024,3,8,August,D005,C010,V035,R01,P002,Events expense - Sales,Invoice,Posted,1093.63,109.36,1202.99,PO-19598,INV-291315,AUD,1.0
TX001835,2025-12-02,2025,4,12,December,D008,C013,V011,R03,P008,Rent expense - Facilities,Corporate Card,Accrued,1402.44,140.24,1542.68,,,AUD,1.0
TX001836,2025-05-24,2025,2,5,May,D005,C006,V011,R04,P008,Travel expense - Sales,Corporate Card,Posted,329.18,32.92,362.1,,,AUD,1.0
TX001837,2025-06-09,2025,2,6,June,D003,C004,V035,R01,P008,Contractors expense - Human Resources,Corporate Card,Posted,2042.56,204.26,2246.82,,,USD,1.4935
TX001838,2024-02-20,2024,1,2,February,D007,C001,V017,R05,P003,Software & SaaS expense - Customer Service,Invoice,Posted,1166.82,116.68,1283.5,PO-80317,INV-384183,AUD,1.0
TX001839,2025-02-04,2025,1,2,February,D001,C020,V029,R03,P008,Customer Support Tools expense - Information Technology,Direct Debit,Posted,1042.86,104.29,1147.15,,INV-353170,AUD,1.0
TX001840,2024-01-04,2024,1,1,January,D008,C004,V004,R01,P008,Contractors expense - Facilities,Invoice,Posted,3856.84,385.68,4242.52,PO-52290,INV-473637,AUD,1.0
TX001841,2024-11-22,2024,4,11,November,D008,C015,V022,R02,P008,Repairs & Maintenance expense - Facilities,Expense Claim,Posted,548.4,54.84,603.24,,,AUD,1.0
TX001842,2025-01-02,2025,1,1,January,D008,C011,V017,R01,P008,Office Supplies expense - Facilities,Invoice,Posted,210.8,21.08,231.88,PO-78291,INV-925120,AUD,1.0
TX001843,2026-04-08,2026,2,4,April,D007,C020,V004,R04,P004,Customer Support Tools expense - Customer Service,Invoice,Posted,527.88,52.79,580.67,PO-43644,INV-417232,AUD,1.0
TX001844,2024-09-23,2024,3,9,September,D002,C017,V019,R02,P008,Legal & Compliance expense - Finance,Invoice,Posted,1045.46,104.55,1150.01,PO-77182,INV-913203,AUD,1.0
TX001845,2024-08-26,2024,3,8,August,D006,C011,V029,R04,P008,Office Supplies expense - Operations,Corporate Card,Posted,126.27,12.63,138.9,,,AUD,1.0
TX001846,2025-12-11,2025,4,12,December,D006,C019,V035,R01,P008,Vehicle Expenses expense - Operations,Invoice,Posted,1364.85,136.48,1501.33,PO-86530,INV-907569,AUD,1.0
TX001847,2025-03-19,2025,1,3,March,D002,C017,V032,R03,P008,Legal & Compliance expense - Finance,Expense Claim,Posted,320.35,32.04,352.39,,,AUD,1.0
TX001848,2025-01-06,2025,1,1,January,D007,C020,V021,R01,P001,Customer Support Tools expense - Customer Service,Invoice,Posted,1952.94,195.29,2148.23,PO-74506,INV-413686,AUD,1.0
TX001849,2025-06-05,2025,2,6,June,D001,C005,V015,R01,P008,Consulting expense - Information Technology,Direct Debit,Posted,1634.69,163.47,1798.16,,INV-675151,AUD,1.0
TX001850,2024-02-16,2024,1,2,February,D003,C011,V017,R05,P001,Office Supplies expense - Human Resources,Direct Debit,Posted,95.35,9.54,104.89,,INV-194396,AUD,1.0
TX001851,2024-12-28,2024,4,12,December,D003,C006,V002,R02,P008,Travel expense - Human Resources,Invoice,Posted,385.81,38.58,424.39,PO-67674,INV-797290,AUD,1.0
TX001852,2025-04-15,2025,2,4,April,D008,C011,V024,R02,P008,Office Supplies expense - Facilities,Invoice,Accrued,134.01,13.4,147.41,PO-78508,INV-856688,AUD,1.0
TX001853,2024-06-11,2024,2,6,June,D004,C001,V009,R02,P008,Software & SaaS expense - Marketing,Corporate Card,Posted,1899.55,189.96,2089.51,,,AUD,1.0
TX001854,2026-04-05,2026,2,4,April,D005,C001,V015,R02,P003,Software & SaaS expense - Sales,Corporate Card,Posted,1583.24,158.32,1741.56,,,AUD,1.0
TX001855,2026-05-08,2026,2,5,May,D008,C011,V029,R05,P003,Office Supplies expense - Facilities,Invoice,Posted,100.02,10.0,110.02,PO-22094,INV-951405,USD,1.5872
TX001856,2025-06-26,2025,2,6,June,D002,C006,V010,R02,P002,Travel expense - Finance,Invoice,Posted,1289.57,128.96,1418.53,PO-65103,INV-260183,AUD,1.0
TX001857,2024-08-29,2024,3,8,August,D003,C007,V031,R03,P004,Training expense - Human Resources,Expense Claim,Posted,75.26,7.53,82.79,,,AUD,1.0
TX001858,2024-06-24,2024,2,6,June,D004,C009,V003,R03,P008,Advertising expense - Marketing,Expense Claim,Posted,8366.91,836.69,9203.6,,,AUD,1.0
TX001859,2026-03-29,2026,1,3,March,D008,C003,V030,R03,P008,Hardware expense - Facilities,Direct Debit,Posted,1177.76,117.78,1295.54,,INV-312362,AUD,1.0
TX001860,2025-08-30,2025,3,8,August,D002,C017,V003,R04,P008,Legal & Compliance expense - Finance,Invoice,Posted,3544.37,354.44,3898.81,PO-51996,INV-618114,AUD,1.0
TX001861,2025-09-08,2025,3,9,September,D001,C005,V025,R02,P005,Consulting expense - Information Technology,Invoice,Posted,736.51,73.65,810.16,PO-30388,INV-117714,AUD,1.0
TX001862,2025-12-02,2025,4,12,December,D008,C013,V026,R01,P004,Rent expense - Facilities,Direct Debit,Posted,3322.91,332.29,3655.2,,INV-762736,AUD,1.0
TX001863,2026-05-20,2026,2,5,May,D006,C019,V035,R01,P008,Vehicle Expenses expense - Operations,Corporate Card,Posted,1257.31,125.73,1383.04,,,AUD,1.0
TX001864,2024-04-10,2024,2,4,April,D003,C001,V026,R03,P008,Software & SaaS expense - Human Resources,Expense Claim,Posted,548.06,54.81,602.87,,,AUD,1.0
TX001865,2025-04-10,2025,2,4,April,D003,C004,V010,R02,P002,Contractors expense - Human Resources,Invoice,Posted,1153.96,115.4,1269.36,PO-96868,INV-990804,AUD,1.0
TX001866,2025-03-23,2025,1,3,March,D005,C012,V016,R04,P008,Telecommunications expense - Sales,Invoice,Posted,518.62,51.86,570.48,PO-77969,INV-920972,AUD,1.0
TX001867,2026-01-17,2026,1,1,January,D004,C004,V001,R01,P008,Contractors expense - Marketing,Corporate Card,Posted,3332.55,333.26,3665.81,,,AUD,1.0
TX001868,2025-11-04,2025,4,11,November,D004,C001,V003,R01,P005,Software & SaaS expense - Marketing,Invoice,Posted,2729.53,272.95,3002.48,PO-94372,INV-198161,AUD,1.0
TX001869,2025-06-21,2025,2,6,June,D008,C014,V015,R03,P008,Utilities expense - Facilities,Invoice,Posted,717.72,71.77,789.49,PO-76728,INV-663499,AUD,1.0
TX001870,2024-08-02,2024,3,8,August,D002,C001,V031,R01,P005,Software & SaaS expense - Finance,Direct Debit,Posted,2851.96,285.2,3137.16,,INV-308092,USD,1.569
TX001871,2025-02-14,2025,1,2,February,D008,C003,V035,R01,P008,Hardware expense - Facilities,Corporate Card,Posted,1481.23,148.12,1629.35,,,AUD,1.0
TX001872,2025-09-24,2025,3,9,September,D008,C014,V015,R01,P008,Utilities expense - Facilities,Direct Debit,Posted,861.23,86.12,947.35,,INV-406102,AUD,1.0
TX001873,2024-09-26,2024,3,9,September,D007,C012,V015,R02,P004,Telecommunications expense - Customer Service,Direct Debit,Posted,793.02,79.3,872.32,,INV-328515,USD,1.5722
TX001874,2024-05-17,2024,2,5,May,D006,C011,V014,R01,P008,Office Supplies expense - Operations,Expense Claim,Posted,463.61,46.36,509.97,,,AUD,1.0
TX001875,2024-06-13,2024,2,6,June,D003,C011,V026,R02,P002,Office Supplies expense - Human Resources,Invoice,Posted,243.56,24.36,267.92,PO-94218,INV-271628,AUD,1.0
TX001876,2026-04-21,2026,2,4,April,D004,C004,V024,R01,P002,Contractors expense - Marketing,Corporate Card,Posted,712.91,71.29,784.2,,,AUD,1.0
TX001877,2026-03-27,2026,1,3,March,D007,C001,V020,R05,P008,Software & SaaS expense - Customer Service,Invoice,Posted,646.99,64.7,711.69,PO-26034,INV-462153,AUD,1.0
TX001878,2026-01-30,2026,1,1,January,D006,C018,V032,R01,P002,Freight & Logistics expense - Operations,Invoice,Posted,642.23,64.22,706.45,PO-47575,INV-203685,AUD,1.0
TX001879,2024-08-21,2024,3,8,August,D005,C009,V004,R03,P006,Advertising expense - Sales,Invoice,Posted,2059.04,205.9,2264.94,PO-47722,INV-127085,AUD,1.0
TX001880,2026-01-23,2026,1,1,January,D003,C008,V035,R04,P008,Recruitment expense - Human Resources,Expense Claim,Posted,270.24,27.02,297.26,,,USD,1.5656
TX001881,2024-06-04,2024,2,6,June,D007,C007,V025,R05,P008,Training expense - Customer Service,Invoice,Posted,385.53,38.55,424.08,PO-70251,INV-229094,AUD,1.0
TX001882,2025-09-06,2025,3,9,September,D007,C012,V001,R02,P008,Telecommunications expense - Customer Service,Invoice,Posted,197.9,19.79,217.69,PO-14203,INV-240957,AUD,1.0
TX001883,2026-03-23,2026,1,3,March,D003,C004,V018,R03,P008,Contractors expense - Human Resources,Invoice,Pending,2297.56,229.76,2527.32,PO-82578,INV-331428,USD,1.5588
TX001884,2025-03-07,2025,1,3,March,D008,C011,V031,R03,P001,Office Supplies expense - Facilities,Invoice,Posted,748.93,74.89,823.82,PO-62901,INV-226141,AUD,1.0
TX001885,2024-10-07,2024,4,10,October,D005,C001,V023,R03,P003,Software & SaaS expense - Sales,Invoice,Posted,445.52,44.55,490.07,PO-28364,INV-948302,AUD,1.0
TX001886,2025-01-20,2025,1,1,January,D001,C001,V009,R02,P004,Software & SaaS expense - Information Technology,Corporate Card,Posted,847.1,84.71,931.81,,,AUD,1.0
TX001887,2025-10-20,2025,4,10,October,D007,C020,V011,R03,P005,Customer Support Tools expense - Customer Service,Invoice,Posted,1023.67,102.37,1126.04,PO-22147,INV-413136,AUD,1.0
TX001888,2025-09-14,2025,3,9,September,D001,C001,V021,R01,P008,Software & SaaS expense - Information Technology,Corporate Card,Posted,1805.53,180.55,1986.08,,,USD,1.5748
TX001889,2024-10-04,2024,4,10,October,D005,C019,V031,R01,P008,Vehicle Expenses expense - Sales,Invoice,Posted,309.36,30.94,340.3,PO-41614,INV-344764,AUD,1.0
TX001890,2024-03-08,2024,1,3,March,D005,C009,V006,R01,P008,Advertising expense - Sales,Corporate Card,Posted,1636.19,163.62,1799.81,,,AUD,1.0
TX001891,2024-04-27,2024,2,4,April,D005,C019,V034,R04,P008,Vehicle Expenses expense - Sales,Invoice,Posted,652.68,65.27,717.95,PO-47947,INV-114642,AUD,1.0
TX001892,2025-08-20,2025,3,8,August,D006,C006,V028,R01,P008,Travel expense - Operations,Invoice,Posted,553.37,55.34,608.71,PO-16763,INV-162678,AUD,1.0
TX001893,2024-04-12,2024,2,4,April,D008,C004,V006,R01,P003,Contractors expense - Facilities,Invoice,Posted,945.33,94.53,1039.86,PO-11937,INV-609487,AUD,1.0
TX001894,2026-03-28,2026,1,3,March,D002,C007,V026,R02,P001,Training expense - Finance,Invoice,Posted,355.83,35.58,391.41,PO-16930,INV-526294,AUD,1.0
TX001895,2025-10-19,2025,4,10,October,D001,C002,V013,R04,P008,Cloud Services expense - Information Technology,Invoice,Posted,239.09,23.91,263.0,PO-35713,INV-112831,AUD,1.0
TX001896,2025-02-17,2025,1,2,February,D001,C001,V033,R01,P001,Software & SaaS expense - Information Technology,Corporate Card,Accrued,876.23,87.62,963.85,,,AUD,1.0
TX001897,2024-01-20,2024,1,1,January,D006,C004,V007,R01,P008,Contractors expense - Operations,Invoice,Posted,1209.94,120.99,1330.93,PO-19881,INV-368534,AUD,1.0
TX001898,2024-11-23,2024,4,11,November,D003,C001,V028,R01,P008,Software & SaaS expense - Human Resources,Corporate Card,Posted,1889.71,188.97,2078.68,,,AUD,1.0
TX001899,2024-05-19,2024,2,5,May,D005,C001,V009,R01,P005,Software & SaaS expense - Sales,Invoice,Posted,610.68,61.07,671.75,PO-96934,INV-875065,AUD,1.0
TX001900,2025-09-20,2025,3,9,September,D001,C020,V017,R01,P008,Customer Support Tools expense - Information Technology,Invoice,Posted,763.52,76.35,839.87,PO-57660,INV-290353,AUD,1.0
TX001901,2025-06-13,2025,2,6,June,D007,C001,V017,R04,P003,Software & SaaS expense - Customer Service,Corporate Card,Posted,220.78,22.08,242.86,,,AUD,1.0
TX001902,2024-07-09,2024,3,7,July,D007,C007,V029,R03,P004,Training expense - Customer Service,Invoice,Posted,253.15,25.32,278.47,PO-45077,INV-282313,AUD,1.0
TX001903,2026-02-02,2026,1,2,February,D001,C012,V016,R04,P008,Telecommunications expense - Information Technology,Corporate Card,Posted,335.46,33.55,369.01,,,AUD,1.0
TX001904,2024-09-05,2024,3,9,September,D005,C019,V024,R02,P008,Vehicle Expenses expense - Sales,Invoice,Posted,379.68,37.97,417.65,PO-53857,INV-821795,AUD,1.0
TX001905,2024-06-30,2024,2,6,June,D007,C012,V005,R01,P005,Telecommunications expense - Customer Service,Invoice,Posted,109.47,10.95,120.42,PO-93831,INV-635714,AUD,1.0
TX001906,2024-03-03,2024,1,3,March,D007,C012,V024,R01,P004,Telecommunications expense - Customer Service,Corporate Card,Posted,212.03,21.2,233.23,,,AUD,1.0
TX001907,2025-03-28,2025,1,3,March,D005,C010,V015,R02,P005,Events expense - Sales,Corporate Card,Posted,749.85,74.98,824.83,,,AUD,1.0
TX001908,2026-02-19,2026,1,2,February,D006,C019,V025,R01,P004,Vehicle Expenses expense - Operations,Invoice,Posted,817.32,81.73,899.05,PO-94011,INV-579898,AUD,1.0
TX001909,2026-06-03,2026,2,6,June,D007,C004,V015,R03,P008,Contractors expense - Customer Service,Corporate Card,Posted,1250.12,125.01,1375.13,,,AUD,1.0
TX001910,2026-02-06,2026,1,2,February,D007,C004,V007,R03,P001,Contractors expense - Customer Service,Invoice,Posted,1237.88,123.79,1361.67,PO-90728,INV-737973,AUD,1.0
TX001911,2026-02-09,2026,1,2,February,D002,C006,V033,R01,P008,Travel expense - Finance,Direct Debit,Posted,278.8,27.88,306.68,,INV-192677,AUD,1.0
TX001912,2024-01-30,2024,1,1,January,D004,C001,V009,R02,P003,Software & SaaS expense - Marketing,Invoice,Posted,745.81,74.58,820.39,PO-22506,INV-387173,AUD,1.0
TX001913,2025-07-03,2025,3,7,July,D007,C012,V002,R05,P008,Telecommunications expense - Customer Service,Corporate Card,Posted,422.83,42.28,465.11,,,AUD,1.0
TX001914,2024-05-05,2024,2,5,May,D005,C010,V020,R04,P008,Events expense - Sales,Invoice,Posted,1493.69,149.37,1643.06,PO-85779,INV-971731,AUD,1.0
TX001915,2025-10-10,2025,4,10,October,D003,C007,V026,R04,P004,Training expense - Human Resources,Corporate Card,Posted,350.71,35.07,385.78,,,AUD,1.0
TX001916,2025-10-07,2025,4,10,October,D005,C001,V017,R01,P008,Software & SaaS expense - Sales,Expense Claim,Posted,1021.84,102.18,1124.02,,,AUD,1.0
TX001917,2025-12-20,2025,4,12,December,D007,C007,V027,R02,P002,Training expense - Customer Service,Invoice,Posted,229.62,22.96,252.58,PO-53075,INV-331393,AUD,1.0
TX001918,2025-09-06,2025,3,9,September,D002,C001,V011,R01,P006,Software & SaaS expense - Finance,Invoice,Posted,426.52,42.65,469.17,PO-84407,INV-730856,AUD,1.0
TX001919,2024-10-05,2024,4,10,October,D001,C020,V015,R03,P003,Customer Support Tools expense - Information Technology,Invoice,Posted,482.87,48.29,531.16,PO-96086,INV-938973,AUD,1.0
TX001920,2024-07-29,2024,3,7,July,D005,C012,V035,R04,P004,Telecommunications expense - Sales,Corporate Card,Posted,654.37,65.44,719.81,,,USD,1.5797
TX001921,2024-08-09,2024,3,8,August,D001,C001,V006,R05,P008,Software & SaaS expense - Information Technology,Corporate Card,Posted,445.63,44.56,490.19,,,AUD,1.0
TX001922,2024-02-18,2024,1,2,February,D005,C019,V003,R04,P003,Vehicle Expenses expense - Sales,Direct Debit,Accrued,298.64,29.86,328.5,,INV-523832,AUD,1.0
TX001923,2025-07-11,2025,3,7,July,D001,C012,V003,R05,P008,Telecommunications expense - Information Technology,Expense Claim,Posted,265.61,26.56,292.17,,,AUD,1.0
TX001924,2026-01-30,2026,1,1,January,D006,C006,V004,R02,P008,Travel expense - Operations,Invoice,Posted,313.85,31.39,345.24,PO-97988,INV-200839,AUD,1.0
TX001925,2025-05-12,2025,2,5,May,D002,C004,V006,R05,P006,Contractors expense - Finance,Direct Debit,Posted,1077.56,107.76,1185.32,,INV-221641,AUD,1.0
TX001926,2024-07-27,2024,3,7,July,D003,C011,V002,R01,P008,Office Supplies expense - Human Resources,Invoice,Posted,156.59,15.66,172.25,PO-95878,INV-192552,AUD,1.0
TX001927,2024-10-23,2024,4,10,October,D002,C001,V020,R01,P008,Software & SaaS expense - Finance,Invoice,Posted,2018.16,201.82,2219.98,PO-59881,INV-408872,AUD,1.0
TX001928,2026-05-30,2026,2,5,May,D007,C004,V006,R03,P004,Contractors expense - Customer Service,Direct Debit,Posted,2310.29,231.03,2541.32,,INV-224749,USD,1.4754
TX001929,2024-12-22,2024,4,12,December,D005,C001,V022,R01,P004,Software & SaaS expense - Sales,Corporate Card,Posted,1245.85,124.58,1370.43,,,AUD,1.0
TX001930,2024-09-16,2024,3,9,September,D006,C006,V032,R01,P005,Travel expense - Operations,Invoice,Posted,184.02,18.4,202.42,PO-88277,INV-839022,AUD,1.0
TX001931,2025-09-20,2025,3,9,September,D005,C012,V028,R02,P008,Telecommunications expense - Sales,Invoice,Posted,319.53,31.95,351.48,PO-17648,INV-132113,AUD,1.0
TX001932,2025-01-13,2025,1,1,January,D002,C007,V022,R05,P008,Training expense - Finance,Corporate Card,Posted,243.23,24.32,267.55,,,AUD,1.0
TX001933,2026-03-07,2026,1,3,March,D005,C006,V006,R04,P003,Travel expense - Sales,Invoice,Posted,614.79,61.48,676.27,PO-13393,INV-371571,AUD,1.0
TX001934,2025-01-26,2025,1,1,January,D001,C004,V019,R01,P001,Contractors expense - Information Technology,Invoice,Posted,6331.54,633.15,6964.69,PO-59554,INV-633981,AUD,1.0
TX001935,2025-10-25,2025,4,10,October,D007,C004,V033,R01,P008,Contractors expense - Customer Service,Direct Debit,Posted,1153.43,115.34,1268.77,,INV-952210,AUD,1.0
TX001936,2025-02-25,2025,1,2,February,D007,C020,V007,R02,P008,Customer Support Tools expense - Customer Service,Invoice,Posted,694.44,69.44,763.88,PO-24591,INV-227627,AUD,1.0
TX001937,2024-12-25,2024,4,12,December,D003,C004,V012,R01,P008,Contractors expense - Human Resources,Invoice,Posted,1016.06,101.61,1117.67,PO-30387,INV-651560,AUD,1.0
TX001938,2024-07-16,2024,3,7,July,D006,C018,V001,R02,P004,Freight & Logistics expense - Operations,Corporate Card,Posted,2419.47,241.95,2661.42,,,AUD,1.0
TX001939,2026-03-11,2026,1,3,March,D002,C016,V002,R01,P004,Insurance expense - Finance,Direct Debit,Posted,313.05,31.31,344.36,,INV-903359,AUD,1.0
TX001940,2025-10-20,2025,4,10,October,D003,C001,V008,R04,P007,Software & SaaS expense - Human Resources,Expense Claim,Posted,701.65,70.17,771.82,,,AUD,1.0
TX001941,2024-09-03,2024,3,9,September,D001,C002,V005,R05,P001,Cloud Services expense - Information Technology,Corporate Card,Posted,555.51,55.55,611.06,,,AUD,1.0
TX001942,2024-12-03,2024,4,12,December,D004,C006,V009,R01,P005,Travel expense - Marketing,Direct Debit,Posted,1062.21,106.22,1168.43,,INV-592338,AUD,1.0
TX001943,2025-07-23,2025,3,7,July,D007,C012,V009,R01,P008,Telecommunications expense - Customer Service,Corporate Card,Accrued,420.83,42.08,462.91,,,AUD,1.0
TX001944,2024-08-16,2024,3,8,August,D001,C004,V002,R01,P005,Contractors expense - Information Technology,Invoice,Posted,2225.67,222.57,2448.24,PO-22759,INV-332698,AUD,1.0
TX001945,2026-04-23,2026,2,4,April,D008,C011,V026,R05,P008,Office Supplies expense - Facilities,Direct Debit,Accrued,251.96,25.2,277.16,,INV-616934,AUD,1.0
TX001946,2026-03-14,2026,1,3,March,D006,C018,V002,R02,P008,Freight & Logistics expense - Operations,Invoice,Posted,1684.68,168.47,1853.15,PO-89002,INV-550809,AUD,1.0
TX001947,2025-08-03,2025,3,8,August,D001,C012,V034,R01,P008,Telecommunications expense - Information Technology,Invoice,Posted,526.77,52.68,579.45,PO-53458,INV-540798,AUD,1.0
TX001948,2025-04-15,2025,2,4,April,D004,C004,V029,R02,P004,Contractors expense - Marketing,Invoice,Posted,1094.55,109.45,1204.0,PO-19058,INV-413357,AUD,1.0
TX001949,2025-08-24,2025,3,8,August,D001,C002,V033,R01,P008,Cloud Services expense - Information Technology,Invoice,Posted,775.18,77.52,852.7,PO-62136,INV-410127,AUD,1.0
TX001950,2024-10-02,2024,4,10,October,D005,C010,V012,R03,P008,Events expense - Sales,Invoice,Posted,123.28,12.33,135.61,PO-28459,INV-362702,AUD,1.0
TX001951,2024-06-27,2024,2,6,June,D004,C006,V018,R02,P008,Travel expense - Marketing,Invoice,Posted,206.65,20.67,227.32,PO-24157,INV-443543,AUD,1.0
TX001952,2025-07-01,2025,3,7,July,D006,C006,V002,R02,P008,Travel expense - Operations,Invoice,Posted,203.63,20.36,223.99,PO-31566,INV-486843,AUD,1.0
TX001953,2025-04-08,2025,2,4,April,D001,C002,V010,R05,P003,Cloud Services expense - Information Technology,Corporate Card,Accrued,1685.43,168.54,1853.97,,,AUD,1.0
TX001954,2026-05-18,2026,2,5,May,D002,C005,V009,R03,P008,Consulting expense - Finance,Invoice,Posted,1274.88,127.49,1402.37,PO-67027,INV-511366,AUD,1.0
TX001955,2024-07-07,2024,3,7,July,D002,C006,V011,R01,P008,Travel expense - Finance,Invoice,Posted,1064.01,106.4,1170.41,PO-33177,INV-225014,AUD,1.0
TX001956,2025-01-02,2025,1,1,January,D004,C010,V014,R01,P006,Events expense - Marketing,Invoice,Posted,369.02,36.9,405.92,PO-86856,INV-264512,AUD,1.0
TX001957,2025-05-27,2025,2,5,May,D001,C003,V023,R02,P008,Hardware expense - Information Technology,Invoice,Posted,644.72,64.47,709.19,PO-37740,INV-491823,AUD,1.0
TX001958,2025-09-25,2025,3,9,September,D004,C009,V004,R03,P002,Advertising expense - Marketing,Invoice,Posted,846.41,84.64,931.05,PO-54631,INV-494865,AUD,1.0
TX001959,2026-01-02,2026,1,1,January,D005,C019,V024,R02,P008,Vehicle Expenses expense - Sales,Invoice,Pending,521.04,52.1,573.14,PO-28694,INV-337926,AUD,1.0
TX001960,2024-01-01,2024,1,1,January,D005,C009,V009,R03,P008,Advertising expense - Sales,Invoice,Posted,2030.9,203.09,2233.99,PO-80054,INV-905704,AUD,1.0
TX001961,2024-03-18,2024,1,3,March,D005,C009,V019,R01,P007,Advertising expense - Sales,Direct Debit,Posted,4892.75,489.28,5382.03,,INV-893705,AUD,1.0
TX001962,2024-12-27,2024,4,12,December,D004,C011,V006,R03,P008,Office Supplies expense - Marketing,Invoice,Posted,189.34,18.93,208.27,PO-71725,INV-779584,AUD,1.0
TX001963,2026-02-16,2026,1,2,February,D007,C001,V011,R01,P008,Software & SaaS expense - Customer Service,Corporate Card,Posted,1473.03,147.3,1620.33,,,AUD,1.0
TX001964,2025-11-09,2025,4,11,November,D002,C017,V009,R03,P001,Legal & Compliance expense - Finance,Invoice,Posted,223.37,22.34,245.71,PO-67907,INV-125208,AUD,1.0
TX001965,2025-01-30,2025,1,1,January,D008,C015,V009,R02,P005,Repairs & Maintenance expense - Facilities,Invoice,Posted,134.27,13.43,147.7,PO-28095,INV-496939,AUD,1.0
TX001966,2026-04-18,2026,2,4,April,D005,C019,V032,R02,P007,Vehicle Expenses expense - Sales,Invoice,Posted,393.6,39.36,432.96,PO-13790,INV-882717,AUD,1.0
TX001967,2024-09-07,2024,3,9,September,D008,C016,V035,R01,P008,Insurance expense - Facilities,Direct Debit,Posted,584.66,58.47,643.13,,INV-250157,AUD,1.0
TX001968,2024-09-22,2024,3,9,September,D007,C007,V025,R02,P008,Training expense - Customer Service,Expense Claim,Posted,228.53,22.85,251.38,,,AUD,1.0
TX001969,2024-09-21,2024,3,9,September,D002,C006,V032,R03,P003,Travel expense - Finance,Direct Debit,Posted,385.07,38.51,423.58,,INV-649236,AUD,1.0
TX001970,2024-05-22,2024,2,5,May,D001,C001,V002,R01,P004,Software & SaaS expense - Information Technology,Invoice,Posted,469.31,46.93,516.24,PO-38878,INV-486715,AUD,1.0
TX001971,2024-03-06,2024,1,3,March,D003,C007,V023,R01,P004,Training expense - Human Resources,Invoice,Posted,45,4.5,49.5,PO-60581,INV-743401,USD,1.5048
TX001972,2025-04-25,2025,2,4,April,D007,C007,V028,R02,P008,Training expense - Customer Service,Direct Debit,Posted,151.39,15.14,166.53,,INV-226158,AUD,1.0
TX001973,2024-01-23,2024,1,1,January,D005,C010,V027,R03,P005,Events expense - Sales,Direct Debit,Posted,656.62,65.66,722.28,,INV-804819,AUD,1.0
TX001974,2024-02-25,2024,1,2,February,D007,C004,V032,R03,P008,Contractors expense - Customer Service,Corporate Card,Posted,4693.91,469.39,5163.3,,,AUD,1.0
TX001975,2025-12-02,2025,4,12,December,D005,C006,V020,R01,P008,Travel expense - Sales,Invoice,Posted,344.57,34.46,379.03,PO-35674,INV-406925,AUD,1.0
TX001976,2025-05-20,2025,2,5,May,D008,C014,V001,R05,P008,Utilities expense - Facilities,Invoice,Posted,438.65,43.87,482.52,PO-27949,INV-491727,AUD,1.0
TX001977,2024-04-29,2024,2,4,April,D005,C019,V014,R03,P008,Vehicle Expenses expense - Sales,Invoice,Posted,341.4,34.14,375.54,PO-28876,INV-911777,AUD,1.0
TX001978,2024-09-05,2024,3,9,September,D004,C009,V004,R03,P008,Advertising expense - Marketing,Direct Debit,Posted,1631.39,163.14,1794.53,,INV-566896,AUD,1.0
TX001979,2024-01-13,2024,1,1,January,D007,C004,V009,R02,P003,Contractors expense - Customer Service,Invoice,Posted,3325.62,332.56,3658.18,PO-29863,INV-128381,AUD,1.0
TX001980,2026-04-21,2026,2,4,April,D001,C012,V018,R03,P004,Telecommunications expense - Information Technology,Expense Claim,Accrued,560.32,56.03,616.35,,,AUD,1.0
TX001981,2025-12-08,2025,4,12,December,D007,C012,V014,R03,P008,Telecommunications expense - Customer Service,Corporate Card,Accrued,138.61,13.86,152.47,,,AUD,1.0
TX001982,2025-03-21,2025,1,3,March,D003,C001,V027,R02,P006,Software & SaaS expense - Human Resources,Invoice,Posted,370.03,37.0,407.03,PO-91478,INV-487544,AUD,1.0
TX001983,2026-02-20,2026,1,2,February,D002,C007,V001,R05,P006,Training expense - Finance,Invoice,Posted,205.59,20.56,226.15,PO-94185,INV-162929,AUD,1.0
TX001984,2025-07-07,2025,3,7,July,D001,C002,V003,R05,P008,Cloud Services expense - Information Technology,Invoice,Posted,622.75,62.28,685.03,PO-55687,INV-525372,AUD,1.0
TX001985,2025-01-29,2025,1,1,January,D006,C003,V013,R03,P008,Hardware expense - Operations,Invoice,Posted,966.37,96.64,1063.01,PO-70041,INV-435249,AUD,1.0
TX001986,2024-12-26,2024,4,12,December,D001,C002,V007,R01,P008,Cloud Services expense - Information Technology,Invoice,Posted,4098.88,409.89,4508.77,PO-69087,INV-675578,AUD,1.0
TX001987,2024-09-25,2024,3,9,September,D001,C001,V010,R05,P008,Software & SaaS expense - Information Technology,Corporate Card,Posted,1404.26,140.43,1544.69,,,AUD,1.0
TX001988,2024-07-28,2024,3,7,July,D008,C015,V024,R01,P002,Repairs & Maintenance expense - Facilities,Expense Claim,Posted,574.55,57.45,632.0,,,AUD,1.0
TX001989,2024-03-28,2024,1,3,March,D008,C016,V034,R04,P007,Insurance expense - Facilities,Invoice,Posted,275.33,27.53,302.86,PO-52054,INV-129448,AUD,1.0
TX001990,2024-12-06,2024,4,12,December,D004,C006,V035,R01,P005,Travel expense - Marketing,Invoice,Posted,212.8,21.28,234.08,PO-42363,INV-482463,AUD,1.0
TX001991,2024-09-02,2024,3,9,September,D004,C010,V033,R03,P008,Events expense - Marketing,Invoice,Posted,719.91,71.99,791.9,PO-73173,INV-451431,AUD,1.0
TX001992,2025-07-26,2025,3,7,July,D001,C001,V018,R03,P008,Software & SaaS expense - Information Technology,Invoice,Posted,2623.85,262.38,2886.23,PO-36528,INV-106773,AUD,1.0
TX001993,2024-06-04,2024,2,6,June,D006,C004,V012,R01,P008,Contractors expense - Operations,Corporate Card,Posted,1595.08,159.51,1754.59,,,AUD,1.0
TX001994,2024-11-20,2024,4,11,November,D002,C016,V004,R01,P008,Insurance expense - Finance,Invoice,Posted,271.29,27.13,298.42,PO-41267,INV-104632,AUD,1.0
TX001995,2026-04-03,2026,2,4,April,D008,C016,V035,R01,P008,Insurance expense - Facilities,Direct Debit,Posted,138.61,13.86,152.47,,INV-275025,AUD,1.0
TX001996,2025-05-10,2025,2,5,May,D008,C013,V008,R02,P008,Rent expense - Facilities,Corporate Card,Posted,1689.12,168.91,1858.03,,,AUD,1.0
TX001997,2025-02-03,2025,1,2,February,D004,C001,V029,R04,P001,Software & SaaS expense - Marketing,Invoice,Posted,1708.19,170.82,1879.01,PO-98841,INV-154346,AUD,1.0
TX001998,2024-12-23,2024,4,12,December,D008,C016,V031,R04,P008,Insurance expense - Facilities,Direct Debit,Posted,112.77,11.28,124.05,,INV-226153,AUD,1.0
TX001999,2025-11-25,2025,4,11,November,D008,C003,V028,R01,P008,Hardware expense - Facilities,Direct Debit,Posted,644.64,64.46,709.1,,INV-739002,AUD,1.0
TX002000,2026-01-10,2026,1,1,January,D007,C020,V018,R04,P003,Customer Support Tools expense - Customer Service,Direct Debit,Posted,588.58,58.86,647.44,,INV-807226,AUD,1.0
TX002001,2025-01-23,2025,1,1,January,D006,C004,V012,R04,P008,Contractors expense - Operations,Expense Claim,Posted,798.62,79.86,878.48,,,AUD,1.0
TX002002,2025-01-05,2025,1,1,January,D005,C010,V008,R03,P007,Events expense - Sales,Corporate Card,Accrued,284.19,28.42,312.61,,,AUD,1.0
TX002003,2024-02-08,2024,1,2,February,D002,C001,V010,R01,P008,Software & SaaS expense - Finance,Invoice,Posted,898.13,89.81,987.94,PO-37385,INV-801942,AUD,1.0
TX002004,2024-09-24,2024,3,9,September,D008,C011,V014,R02,P008,Office Supplies expense - Facilities,Invoice,Posted,134.04,13.4,147.44,PO-21699,INV-729274,AUD,1.0
TX002005,2024-07-10,2024,3,7,July,D002,C005,V006,R02,P008,Consulting expense - Finance,Expense Claim,Accrued,2376.76,237.68,2614.44,,,AUD,1.0
TX002006,2025-10-10,2025,4,10,October,D007,C007,V010,R03,P004,Training expense - Customer Service,Invoice,Posted,1078.8,107.88,1186.68,PO-28610,INV-425454,AUD,1.0
TX002007,2025-02-06,2025,1,2,February,D006,C006,V011,R04,P008,Travel expense - Operations,Corporate Card,Posted,2444.43,244.44,2688.87,,,AUD,1.0
TX002008,2025-02-04,2025,1,2,February,D001,C001,V002,R01,P008,Software & SaaS expense - Information Technology,Invoice,Posted,568.38,56.84,625.22,PO-28774,INV-619577,AUD,1.0
TX002009,2026-06-17,2026,2,6,June,D002,C006,V004,R05,P003,Travel expense - Finance,Invoice,Accrued,2488.74,248.87,2737.61,PO-95911,INV-327614,AUD,1.0
TX002010,2025-01-25,2025,1,1,January,D004,C001,V003,R01,P001,Software & SaaS expense - Marketing,Corporate Card,Posted,1274.63,127.46,1402.09,,,AUD,1.0
TX002011,2025-06-17,2025,2,6,June,D002,C016,V035,R01,P008,Insurance expense - Finance,Expense Claim,Posted,130.14,13.01,143.15,,,AUD,1.0
TX002012,2024-02-21,2024,1,2,February,D004,C001,V029,R05,P008,Software & SaaS expense - Marketing,Direct Debit,Posted,889.64,88.96,978.6,,INV-773916,AUD,1.0
TX002013,2024-01-26,2024,1,1,January,D002,C004,V028,R05,P008,Contractors expense - Finance,Expense Claim,Posted,1733.55,173.36,1906.91,,,AUD,1.0
TX002014,2025-04-14,2025,2,4,April,D005,C010,V015,R04,P008,Events expense - Sales,Invoice,Posted,505.59,50.56,556.15,PO-90330,INV-553666,AUD,1.0
TX002015,2025-05-24,2025,2,5,May,D004,C010,V009,R02,P008,Events expense - Marketing,Invoice,Posted,221.67,22.17,243.84,PO-89482,INV-344088,AUD,1.0
TX002016,2025-04-30,2025,2,4,April,D007,C007,V007,R03,P008,Training expense - Customer Service,Invoice,Posted,219.3,21.93,241.23,PO-72746,INV-517467,AUD,1.0
TX002017,2026-06-09,2026,2,6,June,D003,C011,V014,R02,P008,Office Supplies expense - Human Resources,Invoice,Posted,190.69,19.07,209.76,PO-13221,INV-192045,AUD,1.0
TX002018,2026-01-16,2026,1,1,January,D007,C004,V011,R02,P006,Contractors expense - Customer Service,Invoice,Posted,814.54,81.45,895.99,PO-84694,INV-833203,AUD,1.0
TX002019,2025-12-05,2025,4,12,December,D004,C009,V026,R03,P002,Advertising expense - Marketing,Invoice,Posted,3671.55,367.16,4038.71,PO-80487,INV-738788,AUD,1.0
TX002020,2024-01-01,2024,1,1,January,D008,C011,V021,R02,P004,Office Supplies expense - Facilities,Invoice,Posted,244.23,24.42,268.65,PO-29961,INV-554908,AUD,1.0
TX002021,2024-11-26,2024,4,11,November,D008,C013,V013,R01,P008,Rent expense - Facilities,Corporate Card,Posted,5795.8,579.58,6375.38,,,AUD,1.0
TX002022,2024-03-15,2024,1,3,March,D005,C001,V025,R03,P002,Software & SaaS expense - Sales,Invoice,Posted,613.49,61.35,674.84,PO-87362,INV-469601,AUD,1.0
TX002023,2026-06-07,2026,2,6,June,D007,C007,V029,R04,P008,Training expense - Customer Service,Invoice,Posted,1012.78,101.28,1114.06,PO-15713,INV-104574,AUD,1.0
TX002024,2026-01-05,2026,1,1,January,D003,C006,V012,R01,P008,Travel expense - Human Resources,Direct Debit,Posted,527.32,52.73,580.05,,INV-152208,AUD,1.0
TX002025,2025-10-03,2025,4,10,October,D004,C011,V013,R01,P002,Office Supplies expense - Marketing,Invoice,Posted,463.53,46.35,509.88,PO-91993,INV-137883,AUD,1.0
TX002026,2025-05-20,2025,2,5,May,D005,C006,V026,R02,P008,Travel expense - Sales,Invoice,Posted,1136.1,113.61,1249.71,PO-34776,INV-527896,AUD,1.0
TX002027,2025-09-11,2025,3,9,September,D004,C001,V011,R03,P001,Software & SaaS expense - Marketing,Invoice,Posted,690.27,69.03,759.3,PO-85263,INV-573151,AUD,1.0
TX002028,2025-01-07,2025,1,1,January,D004,C009,V019,R05,P008,Advertising expense - Marketing,Corporate Card,Posted,210.69,21.07,231.76,,,AUD,1.0
TX002029,2024-11-08,2024,4,11,November,D007,C020,V032,R01,P006,Customer Support Tools expense - Customer Service,Invoice,Posted,234.71,23.47,258.18,PO-94664,INV-418692,AUD,1.0
TX002030,2024-09-16,2024,3,9,September,D006,C004,V018,R01,P008,Contractors expense - Operations,Invoice,Posted,1274.05,127.41,1401.46,PO-56391,INV-639086,AUD,1.0
TX002031,2024-07-22,2024,3,7,July,D005,C012,V015,R01,P004,Telecommunications expense - Sales,Direct Debit,Pending,1229.18,122.92,1352.1,,INV-970182,AUD,1.0
TX002032,2024-11-02,2024,4,11,November,D006,C004,V030,R01,P008,Contractors expense - Operations,Invoice,Posted,1548.24,154.82,1703.06,PO-41942,INV-266794,AUD,1.0
TX002033,2026-03-02,2026,1,3,March,D007,C020,V017,R02,P008,Customer Support Tools expense - Customer Service,Corporate Card,Posted,98.6,9.86,108.46,,,USD,1.5536
TX002034,2024-02-02,2024,1,2,February,D006,C003,V021,R03,P008,Hardware expense - Operations,Corporate Card,Posted,1625.57,162.56,1788.13,,,AUD,1.0
TX002035,2025-02-14,2025,1,2,February,D008,C004,V030,R03,P001,Contractors expense - Facilities,Expense Claim,Posted,1040.79,104.08,1144.87,,,AUD,1.0
TX002036,2024-02-16,2024,1,2,February,D008,C013,V010,R01,P008,Rent expense - Facilities,Invoice,Posted,8261.42,826.14,9087.56,PO-92429,INV-818930,AUD,1.0
TX002037,2024-01-05,2024,1,1,January,D004,C010,V009,R05,P001,Events expense - Marketing,Invoice,Posted,163.29,16.33,179.62,PO-83705,INV-198789,USD,1.4535
TX002038,2024-11-15,2024,4,11,November,D004,C006,V030,R01,P001,Travel expense - Marketing,Corporate Card,Posted,1163.81,116.38,1280.19,,,AUD,1.0
TX002039,2026-02-07,2026,1,2,February,D008,C014,V013,R04,P008,Utilities expense - Facilities,Invoice,Posted,444.48,44.45,488.93,PO-70387,INV-956807,USD,1.475
TX002040,2024-09-27,2024,3,9,September,D003,C008,V012,R02,P008,Recruitment expense - Human Resources,Corporate Card,Posted,708.86,70.89,779.75,,,AUD,1.0
TX002041,2025-06-25,2025,2,6,June,D004,C010,V019,R03,P005,Events expense - Marketing,Corporate Card,Posted,966.79,96.68,1063.47,,,AUD,1.0
TX002042,2025-09-10,2025,3,9,September,D002,C007,V031,R01,P002,Training expense - Finance,Corporate Card,Posted,203.26,20.33,223.59,,,AUD,1.0
TX002043,2024-02-02,2024,1,2,February,D007,C004,V007,R02,P008,Contractors expense - Customer Service,Invoice,Pending,1455.48,145.55,1601.03,PO-28402,INV-986944,AUD,1.0
TX002044,2024-03-29,2024,1,3,March,D006,C011,V011,R01,P007,Office Supplies expense - Operations,Invoice,Posted,349.3,34.93,384.23,PO-43756,INV-651256,AUD,1.0
TX002045,2024-05-01,2024,2,5,May,D008,C013,V004,R01,P008,Rent expense - Facilities,Corporate Card,Posted,2199.99,220.0,2419.99,,,AUD,1.0
TX002046,2026-05-14,2026,2,5,May,D004,C010,V028,R02,P008,Events expense - Marketing,Invoice,Posted,604.73,60.47,665.2,PO-28722,INV-960764,AUD,1.0
TX002047,2024-05-08,2024,2,5,May,D007,C012,V012,R01,P008,Telecommunications expense - Customer Service,Expense Claim,Posted,425.47,42.55,468.02,,,AUD,1.0
TX002048,2024-04-02,2024,2,4,April,D005,C019,V016,R01,P002,Vehicle Expenses expense - Sales,Direct Debit,Posted,681.23,68.12,749.35,,INV-857440,AUD,1.0
TX002049,2024-08-31,2024,3,8,August,D002,C004,V024,R01,P008,Contractors expense - Finance,Corporate Card,Posted,1447.56,144.76,1592.32,,,AUD,1.0
TX002050,2024-10-26,2024,4,10,October,D001,C012,V006,R01,P004,Telecommunications expense - Information Technology,Corporate Card,Posted,427.12,42.71,469.83,,,AUD,1.0
TX002051,2025-01-16,2025,1,1,January,D004,C001,V011,R04,P008,Software & SaaS expense - Marketing,Invoice,Posted,1665.69,166.57,1832.26,PO-12070,INV-527819,AUD,1.0
TX002052,2024-05-30,2024,2,5,May,D002,C016,V025,R05,P008,Insurance expense - Finance,Invoice,Posted,286.37,28.64,315.01,PO-20928,INV-879762,AUD,1.0
TX002053,2024-02-24,2024,1,2,February,D008,C004,V007,R04,P003,Contractors expense - Facilities,Invoice,Posted,1955.73,195.57,2151.3,PO-38551,INV-812399,AUD,1.0
TX002054,2025-04-16,2025,2,4,April,D007,C012,V009,R01,P001,Telecommunications expense - Customer Service,Invoice,Posted,505.81,50.58,556.39,PO-87969,INV-876454,AUD,1.0
TX002055,2025-09-25,2025,3,9,September,D002,C005,V018,R04,P001,Consulting expense - Finance,Direct Debit,Posted,2162.3,216.23,2378.53,,INV-742690,AUD,1.0
TX002056,2024-02-05,2024,1,2,February,D004,C011,V004,R05,P008,Office Supplies expense - Marketing,Invoice,Posted,119.45,11.95,131.4,PO-95009,INV-916957,AUD,1.0
TX002057,2024-02-18,2024,1,2,February,D005,C001,V014,R03,P008,Software & SaaS expense - Sales,Invoice,Posted,396.07,39.61,435.68,PO-80316,INV-845520,AUD,1.0
TX002058,2026-01-10,2026,1,1,January,D003,C004,V007,R04,P008,Contractors expense - Human Resources,Invoice,Posted,5922.66,592.27,6514.93,PO-51100,INV-204992,AUD,1.0
TX002059,2024-09-06,2024,3,9,September,D004,C006,V020,R01,P002,Travel expense - Marketing,Invoice,Posted,184.76,18.48,203.24,PO-82112,INV-876189,AUD,1.0
TX002060,2024-07-20,2024,3,7,July,D002,C017,V027,R03,P008,Legal & Compliance expense - Finance,Corporate Card,Accrued,281.02,28.1,309.12,,,AUD,1.0
TX002061,2025-05-05,2025,2,5,May,D004,C011,V033,R02,P001,Office Supplies expense - Marketing,Invoice,Posted,263.82,26.38,290.2,PO-13032,INV-470764,AUD,1.0
TX002062,2024-05-12,2024,2,5,May,D002,C005,V004,R03,P002,Consulting expense - Finance,Invoice,Posted,1107.84,110.78,1218.62,PO-95748,INV-803900,AUD,1.0
TX002063,2025-06-29,2025,2,6,June,D006,C003,V034,R01,P008,Hardware expense - Operations,Direct Debit,Posted,725.56,72.56,798.12,,INV-377695,AUD,1.0
TX002064,2026-03-28,2026,1,3,March,D005,C009,V031,R01,P005,Advertising expense - Sales,Invoice,Posted,1044.56,104.46,1149.02,PO-69443,INV-548566,AUD,1.0
TX002065,2025-05-25,2025,2,5,May,D002,C004,V008,R02,P008,Contractors expense - Finance,Invoice,Posted,3515.45,351.55,3867.0,PO-41525,INV-713054,AUD,1.0
TX002066,2024-12-28,2024,4,12,December,D007,C001,V025,R01,P006,Software & SaaS expense - Customer Service,Invoice,Posted,2649.81,264.98,2914.79,PO-37193,INV-581051,AUD,1.0
TX002067,2024-04-10,2024,2,4,April,D004,C010,V019,R04,P008,Events expense - Marketing,Corporate Card,Accrued,1134.17,113.42,1247.59,,,AUD,1.0
TX002068,2025-11-14,2025,4,11,November,D007,C001,V025,R01,P008,Software & SaaS expense - Customer Service,Corporate Card,Accrued,484.68,48.47,533.15,,,AUD,1.0
TX002069,2024-04-23,2024,2,4,April,D002,C017,V020,R02,P008,Legal & Compliance expense - Finance,Invoice,Posted,170.89,17.09,187.98,PO-88769,INV-516056,AUD,1.0
TX002070,2025-06-28,2025,2,6,June,D007,C004,V031,R04,P007,Contractors expense - Customer Service,Invoice,Accrued,989.9,98.99,1088.89,PO-12863,INV-326964,AUD,1.0
TX002071,2025-01-21,2025,1,1,January,D004,C001,V032,R01,P008,Software & SaaS expense - Marketing,Corporate Card,Posted,274.76,27.48,302.24,,,AUD,1.0
TX002072,2024-07-04,2024,3,7,July,D003,C011,V011,R05,P008,Office Supplies expense - Human Resources,Invoice,Posted,216.99,21.7,238.69,PO-44632,INV-152302,AUD,1.0
TX002073,2025-01-21,2025,1,1,January,D003,C008,V011,R01,P008,Recruitment expense - Human Resources,Invoice,Posted,220.53,22.05,242.58,PO-80316,INV-219760,AUD,1.0
TX002074,2025-04-02,2025,2,4,April,D007,C001,V029,R04,P008,Software & SaaS expense - Customer Service,Direct Debit,Posted,1130.47,113.05,1243.52,,INV-704557,AUD,1.0
TX002075,2025-05-03,2025,2,5,May,D005,C012,V004,R03,P008,Telecommunications expense - Sales,Invoice,Posted,154.69,15.47,170.16,PO-54007,INV-537789,AUD,1.0
TX002076,2024-12-30,2024,4,12,December,D002,C007,V001,R03,P008,Training expense - Finance,Corporate Card,Accrued,234.19,23.42,257.61,,,AUD,1.0
TX002077,2025-12-24,2025,4,12,December,D006,C011,V027,R04,P002,Office Supplies expense - Operations,Corporate Card,Posted,145.15,14.52,159.67,,,USD,1.505
TX002078,2026-04-17,2026,2,4,April,D003,C011,V027,R04,P007,Office Supplies expense - Human Resources,Invoice,Posted,305.41,30.54,335.95,PO-21623,INV-701839,AUD,1.0
TX002079,2026-05-09,2026,2,5,May,D004,C010,V004,R04,P008,Events expense - Marketing,Invoice,Pending,2011.24,201.12,2212.36,PO-55620,INV-297682,AUD,1.0
TX002080,2026-03-25,2026,1,3,March,D003,C001,V013,R02,P008,Software & SaaS expense - Human Resources,Direct Debit,Posted,891.62,89.16,980.78,,INV-652477,AUD,1.0
TX002081,2024-12-03,2024,4,12,December,D005,C012,V020,R01,P008,Telecommunications expense - Sales,Invoice,Posted,1697.94,169.79,1867.73,PO-48778,INV-489620,AUD,1.0
TX002082,2025-06-12,2025,2,6,June,D006,C018,V016,R01,P008,Freight & Logistics expense - Operations,Invoice,Pending,2243.83,224.38,2468.21,PO-38551,INV-733084,AUD,1.0
TX002083,2025-10-09,2025,4,10,October,D003,C004,V022,R04,P008,Contractors expense - Human Resources,Corporate Card,Posted,417.34,41.73,459.07,,,AUD,1.0
TX002084,2024-03-09,2024,1,3,March,D005,C010,V007,R04,P008,Events expense - Sales,Invoice,Posted,1886.0,188.6,2074.6,PO-84900,INV-727293,AUD,1.0
TX002085,2024-09-24,2024,3,9,September,D006,C006,V017,R01,P003,Travel expense - Operations,Invoice,Posted,386.32,38.63,424.95,PO-11137,INV-909304,AUD,1.0
TX002086,2026-03-31,2026,1,3,March,D008,C014,V022,R02,P008,Utilities expense - Facilities,Corporate Card,Posted,1699.91,169.99,1869.9,,,AUD,1.0
TX002087,2025-01-06,2025,1,1,January,D008,C004,V003,R03,P008,Contractors expense - Facilities,Corporate Card,Posted,2295.7,229.57,2525.27,,,AUD,1.0
TX002088,2025-05-10,2025,2,5,May,D004,C006,V006,R03,P008,Travel expense - Marketing,Invoice,Accrued,545.43,54.54,599.97,PO-71665,INV-301441,AUD,1.0
TX002089,2025-03-15,2025,1,3,March,D008,C003,V031,R02,P002,Hardware expense - Facilities,Expense Claim,Posted,1768.5,176.85,1945.35,,,AUD,1.0
TX002090,2024-05-15,2024,2,5,May,D003,C011,V018,R01,P008,Office Supplies expense - Human Resources,Direct Debit,Posted,56.88,5.69,62.57,,INV-948694,AUD,1.0
TX002091,2024-03-03,2024,1,3,March,D007,C004,V021,R01,P004,Contractors expense - Customer Service,Invoice,Posted,2823.94,282.39,3106.33,PO-45487,INV-262845,AUD,1.0
TX002092,2025-11-16,2025,4,11,November,D001,C002,V024,R03,P004,Cloud Services expense - Information Technology,Direct Debit,Posted,1181.96,118.2,1300.16,,INV-639758,AUD,1.0
TX002093,2025-03-12,2025,1,3,March,D002,C005,V019,R02,P004,Consulting expense - Finance,Invoice,Posted,444.56,44.46,489.02,PO-35234,INV-590165,AUD,1.0
TX002094,2024-02-09,2024,1,2,February,D006,C006,V021,R04,P002,Travel expense - Operations,Direct Debit,Posted,932.89,93.29,1026.18,,INV-961729,AUD,1.0
TX002095,2026-03-09,2026,1,3,March,D002,C001,V021,R03,P005,Software & SaaS expense - Finance,Invoice,Accrued,1200.91,120.09,1321.0,PO-41701,INV-603615,USD,1.4553
TX002096,2025-01-26,2025,1,1,January,D007,C012,V028,R02,P008,Telecommunications expense - Customer Service,Invoice,Posted,689.37,68.94,758.31,PO-22225,INV-696305,AUD,1.0
TX002097,2024-09-13,2024,3,9,September,D002,C017,V013,R01,P008,Legal & Compliance expense - Finance,Corporate Card,Posted,704.59,70.46,775.05,,,AUD,1.0
TX002098,2024-05-09,2024,2,5,May,D005,C019,V001,R03,P002,Vehicle Expenses expense - Sales,Invoice,Posted,516.48,51.65,568.13,PO-36420,INV-945103,AUD,1.0
TX002099,2024-11-03,2024,4,11,November,D004,C004,V007,R01,P008,Contractors expense - Marketing,Invoice,Posted,347.59,34.76,382.35,PO-57444,INV-951375,AUD,1.0
TX002100,2024-10-21,2024,4,10,October,D003,C006,V025,R01,P008,Travel expense - Human Resources,Invoice,Posted,751.07,75.11,826.18,PO-12845,INV-705676,AUD,1.0
TX002101,2026-06-01,2026,2,6,June,D006,C004,V034,R05,P008,Contractors expense - Operations,Direct Debit,Posted,6791.67,679.17,7470.84,,INV-360821,AUD,1.0
TX002102,2025-08-05,2025,3,8,August,D007,C020,V021,R04,P007,Customer Support Tools expense - Customer Service,Direct Debit,Posted,283.1,28.31,311.41,,INV-371176,AUD,1.0
TX002103,2025-04-13,2025,2,4,April,D002,C017,V003,R02,P003,Legal & Compliance expense - Finance,Invoice,Posted,3247.5,324.75,3572.25,PO-69680,INV-322577,AUD,1.0
TX002104,2024-10-08,2024,4,10,October,D005,C019,V025,R03,P008,Vehicle Expenses expense - Sales,Invoice,Posted,864.86,86.49,951.35,PO-69897,INV-117197,AUD,1.0
TX002105,2025-02-22,2025,1,2,February,D002,C006,V002,R03,P008,Travel expense - Finance,Direct Debit,Accrued,616.55,61.66,678.21,,INV-184718,AUD,1.0
TX002106,2024-01-27,2024,1,1,January,D004,C010,V029,R01,P008,Events expense - Marketing,Direct Debit,Posted,335.38,33.54,368.92,,INV-100054,AUD,1.0
TX002107,2025-10-30,2025,4,10,October,D006,C003,V002,R02,P008,Hardware expense - Operations,Corporate Card,Posted,1311.82,131.18,1443.0,,,AUD,1.0
TX002108,2025-11-30,2025,4,11,November,D003,C004,V024,R01,P003,Contractors expense - Human Resources,Invoice,Posted,2474.61,247.46,2722.07,PO-46469,INV-439953,AUD,1.0
TX002109,2026-02-16,2026,1,2,February,D001,C012,V015,R01,P006,Telecommunications expense - Information Technology,Invoice,Accrued,377.78,37.78,415.56,PO-33323,INV-934042,AUD,1.0
TX002110,2025-07-28,2025,3,7,July,D007,C001,V011,R02,P008,Software & SaaS expense - Customer Service,Expense Claim,Posted,1938.61,193.86,2132.47,,,AUD,1.0
TX002111,2024-11-27,2024,4,11,November,D008,C013,V020,R03,P008,Rent expense - Facilities,Corporate Card,Posted,2726.15,272.62,2998.77,,,AUD,1.0
TX002112,2025-10-24,2025,4,10,October,D005,C012,V004,R01,P008,Telecommunications expense - Sales,Invoice,Posted,511.41,51.14,562.55,PO-21086,INV-122791,AUD,1.0
TX002113,2026-02-27,2026,1,2,February,D002,C017,V025,R03,P007,Legal & Compliance expense - Finance,Direct Debit,Posted,704.35,70.44,774.79,,INV-408224,AUD,1.0
TX002114,2025-10-20,2025,4,10,October,D006,C004,V032,R04,P008,Contractors expense - Operations,Corporate Card,Posted,1494.45,149.45,1643.9,,,AUD,1.0
TX002115,2024-12-01,2024,4,12,December,D007,C004,V028,R01,P003,Contractors expense - Customer Service,Invoice,Posted,985.21,98.52,1083.73,PO-76672,INV-918815,AUD,1.0
TX002116,2025-09-04,2025,3,9,September,D007,C004,V010,R01,P008,Contractors expense - Customer Service,Corporate Card,Posted,895.44,89.54,984.98,,,AUD,1.0
TX002117,2026-01-30,2026,1,1,January,D001,C004,V029,R04,P008,Contractors expense - Information Technology,Invoice,Posted,246.32,24.63,270.95,PO-64195,INV-242506,AUD,1.0
TX002118,2025-02-01,2025,1,2,February,D004,C009,V003,R02,P005,Advertising expense - Marketing,Invoice,Posted,1634.48,163.45,1797.93,PO-74998,INV-377837,AUD,1.0
TX002119,2026-03-13,2026,1,3,March,D008,C016,V019,R04,P008,Insurance expense - Facilities,Invoice,Posted,2032.97,203.3,2236.27,PO-70253,INV-925451,AUD,1.0
TX002120,2024-09-16,2024,3,9,September,D001,C020,V030,R04,P008,Customer Support Tools expense - Information Technology,Invoice,Posted,593.41,59.34,652.75,PO-72916,INV-541713,AUD,1.0
TX002121,2025-04-23,2025,2,4,April,D006,C003,V013,R01,P007,Hardware expense - Operations,Corporate Card,Posted,670.99,67.1,738.09,,,AUD,1.0
TX002122,2024-07-31,2024,3,7,July,D001,C005,V003,R02,P008,Consulting expense - Information Technology,Invoice,Posted,1386.96,138.7,1525.66,PO-76353,INV-257302,AUD,1.0
TX002123,2024-09-04,2024,3,9,September,D005,C019,V022,R01,P004,Vehicle Expenses expense - Sales,Invoice,Posted,1176.37,117.64,1294.01,PO-27056,INV-531612,USD,1.5871
TX002124,2025-03-16,2025,1,3,March,D001,C012,V001,R03,P008,Telecommunications expense - Information Technology,Invoice,Posted,288.39,28.84,317.23,PO-42180,INV-954518,AUD,1.0
TX002125,2024-11-11,2024,4,11,November,D006,C011,V033,R01,P008,Office Supplies expense - Operations,Direct Debit,Posted,308.93,30.89,339.82,,INV-433742,USD,1.463
TX002126,2025-05-29,2025,2,5,May,D004,C011,V018,R05,P008,Office Supplies expense - Marketing,Corporate Card,Posted,193.81,19.38,213.19,,,AUD,1.0
TX002127,2024-04-05,2024,2,4,April,D007,C020,V030,R02,P001,Customer Support Tools expense - Customer Service,Corporate Card,Posted,1202.32,120.23,1322.55,,,AUD,1.0
TX002128,2025-07-14,2025,3,7,July,D003,C011,V009,R03,P008,Office Supplies expense - Human Resources,Corporate Card,Posted,171.88,17.19,189.07,,,AUD,1.0
TX002129,2025-09-25,2025,3,9,September,D002,C005,V015,R03,P008,Consulting expense - Finance,Direct Debit,Posted,2060.19,206.02,2266.21,,INV-978891,AUD,1.0
TX002130,2025-05-07,2025,2,5,May,D004,C010,V010,R02,P003,Events expense - Marketing,Invoice,Posted,830.72,83.07,913.79,PO-37946,INV-678565,AUD,1.0
TX002131,2025-08-27,2025,3,8,August,D002,C005,V022,R02,P008,Consulting expense - Finance,Direct Debit,Posted,557.54,55.75,613.29,,INV-443213,AUD,1.0
TX002132,2025-09-12,2025,3,9,September,D005,C009,V011,R01,P008,Advertising expense - Sales,Invoice,Posted,4472.67,447.27,4919.94,PO-20759,INV-663369,AUD,1.0
TX002133,2026-02-04,2026,1,2,February,D007,C012,V032,R01,P008,Telecommunications expense - Customer Service,Invoice,Posted,377.48,37.75,415.23,PO-76254,INV-807071,AUD,1.0
TX002134,2024-07-11,2024,3,7,July,D001,C002,V018,R01,P006,Cloud Services expense - Information Technology,Invoice,Posted,2831.32,283.13,3114.45,PO-79104,INV-913506,AUD,1.0
TX002135,2025-07-04,2025,3,7,July,D006,C019,V021,R01,P002,Vehicle Expenses expense - Operations,Corporate Card,Posted,489.13,48.91,538.04,,,AUD,1.0
TX002136,2025-12-23,2025,4,12,December,D002,C004,V025,R05,P008,Contractors expense - Finance,Direct Debit,Posted,535.6,53.56,589.16,,INV-894714,USD,1.4666
TX002137,2025-09-27,2025,3,9,September,D003,C004,V007,R02,P008,Contractors expense - Human Resources,Direct Debit,Posted,1962.89,196.29,2159.18,,INV-851280,AUD,1.0
TX002138,2026-02-22,2026,1,2,February,D001,C012,V035,R01,P003,Telecommunications expense - Information Technology,Invoice,Posted,182.88,18.29,201.17,PO-32681,INV-426900,AUD,1.0
TX002139,2024-06-09,2024,2,6,June,D002,C016,V030,R03,P005,Insurance expense - Finance,Direct Debit,Posted,673.2,67.32,740.52,,INV-206540,AUD,1.0
TX002140,2024-06-26,2024,2,6,June,D002,C007,V013,R01,P008,Training expense - Finance,Invoice,Posted,179.04,17.9,196.94,PO-56708,INV-480049,AUD,1.0
TX002141,2024-07-19,2024,3,7,July,D001,C001,V004,R01,P001,Software & SaaS expense - Information Technology,Invoice,Posted,1758.44,175.84,1934.28,PO-23082,INV-149757,AUD,1.0
TX002142,2025-09-23,2025,3,9,September,D007,C007,V021,R03,P005,Training expense - Customer Service,Direct Debit,Posted,187.9,18.79,206.69,,INV-420263,AUD,1.0
TX002143,2024-11-29,2024,4,11,November,D005,C001,V012,R04,P008,Software & SaaS expense - Sales,Invoice,Accrued,1149.49,114.95,1264.44,PO-44983,INV-457819,AUD,1.0
TX002144,2024-06-05,2024,2,6,June,D001,C004,V007,R01,P002,Contractors expense - Information Technology,Corporate Card,Accrued,4537.49,453.75,4991.24,,,AUD,1.0
TX002145,2026-06-28,2026,2,6,June,D003,C004,V008,R03,P002,Contractors expense - Human Resources,Direct Debit,Posted,1444.43,144.44,1588.87,,INV-187785,AUD,1.0
TX002146,2025-10-10,2025,4,10,October,D008,C011,V025,R05,P006,Office Supplies expense - Facilities,Invoice,Posted,604.56,60.46,665.02,PO-92762,INV-384153,AUD,1.0
TX002147,2025-05-23,2025,2,5,May,D002,C016,V015,R01,P005,Insurance expense - Finance,Direct Debit,Posted,623.45,62.35,685.8,,INV-837630,AUD,1.0
TX002148,2024-07-25,2024,3,7,July,D003,C004,V030,R01,P008,Contractors expense - Human Resources,Invoice,Posted,3441.37,344.14,3785.51,PO-35083,INV-683533,AUD,1.0
TX002149,2025-04-19,2025,2,4,April,D002,C004,V022,R03,P002,Contractors expense - Finance,Invoice,Posted,399.86,39.99,439.85,PO-94216,INV-124188,AUD,1.0
TX002150,2025-12-24,2025,4,12,December,D003,C011,V025,R05,P006,Office Supplies expense - Human Resources,Invoice,Posted,59.9,5.99,65.89,PO-11676,INV-538838,AUD,1.0
TX002151,2026-03-12,2026,1,3,March,D006,C006,V026,R04,P004,Travel expense - Operations,Invoice,Posted,1268.02,126.8,1394.82,PO-20935,INV-765388,AUD,1.0
TX002152,2025-05-29,2025,2,5,May,D006,C011,V014,R02,P008,Office Supplies expense - Operations,Invoice,Posted,55.8,5.58,61.38,PO-74505,INV-656629,AUD,1.0
TX002153,2025-06-04,2025,2,6,June,D008,C015,V016,R04,P005,Repairs & Maintenance expense - Facilities,Expense Claim,Posted,226.45,22.64,249.09,,,AUD,1.0
TX002154,2024-05-21,2024,2,5,May,D001,C001,V013,R05,P008,Software & SaaS expense - Information Technology,Invoice,Posted,1075.44,107.54,1182.98,PO-68617,INV-183510,AUD,1.0
TX002155,2026-02-10,2026,1,2,February,D001,C002,V008,R02,P003,Cloud Services expense - Information Technology,Direct Debit,Posted,6357.81,635.78,6993.59,,INV-902471,AUD,1.0
TX002156,2024-11-26,2024,4,11,November,D004,C010,V019,R01,P008,Events expense - Marketing,Corporate Card,Posted,660.89,66.09,726.98,,,AUD,1.0
TX002157,2026-01-18,2026,1,1,January,D001,C003,V016,R01,P007,Hardware expense - Information Technology,Expense Claim,Posted,2347.3,234.73,2582.03,,,AUD,1.0
TX002158,2024-02-27,2024,1,2,February,D006,C019,V026,R01,P008,Vehicle Expenses expense - Operations,Invoice,Posted,797.44,79.74,877.18,PO-92154,INV-654403,AUD,1.0
TX002159,2026-02-05,2026,1,2,February,D007,C007,V011,R01,P008,Training expense - Customer Service,Corporate Card,Posted,167.4,16.74,184.14,,,AUD,1.0
TX002160,2024-06-11,2024,2,6,June,D003,C011,V008,R02,P001,Office Supplies expense - Human Resources,Invoice,Accrued,231.52,23.15,254.67,PO-77402,INV-459502,AUD,1.0
TX002161,2025-03-13,2025,1,3,March,D005,C019,V027,R05,P007,Vehicle Expenses expense - Sales,Corporate Card,Posted,1194.15,119.42,1313.57,,,AUD,1.0
TX002162,2025-07-18,2025,3,7,July,D004,C009,V021,R05,P008,Advertising expense - Marketing,Invoice,Posted,3250.2,325.02,3575.22,PO-20637,INV-600774,AUD,1.0
TX002163,2024-11-26,2024,4,11,November,D006,C019,V011,R04,P005,Vehicle Expenses expense - Operations,Invoice,Accrued,807.2,80.72,887.92,PO-18437,INV-840036,AUD,1.0
TX002164,2025-10-13,2025,4,10,October,D005,C012,V011,R02,P008,Telecommunications expense - Sales,Invoice,Posted,339.49,33.95,373.44,PO-90884,INV-748878,AUD,1.0
TX002165,2025-05-19,2025,2,5,May,D007,C007,V027,R01,P004,Training expense - Customer Service,Direct Debit,Posted,211.51,21.15,232.66,,INV-217013,AUD,1.0
TX002166,2025-09-18,2025,3,9,September,D007,C012,V001,R02,P007,Telecommunications expense - Customer Service,Invoice,Posted,959.2,95.92,1055.12,PO-61904,INV-922380,AUD,1.0
TX002167,2024-07-15,2024,3,7,July,D001,C001,V031,R03,P005,Software & SaaS expense - Information Technology,Direct Debit,Posted,1260.9,126.09,1386.99,,INV-896209,AUD,1.0
TX002168,2025-07-08,2025,3,7,July,D004,C006,V031,R03,P008,Travel expense - Marketing,Invoice,Posted,355.49,35.55,391.04,PO-95839,INV-827877,AUD,1.0
TX002169,2024-02-20,2024,1,2,February,D002,C017,V003,R03,P008,Legal & Compliance expense - Finance,Invoice,Posted,149.89,14.99,164.88,PO-53731,INV-329820,AUD,1.0
TX002170,2025-03-25,2025,1,3,March,D004,C006,V026,R04,P008,Travel expense - Marketing,Direct Debit,Posted,2282.7,228.27,2510.97,,INV-116538,AUD,1.0
TX002171,2024-12-19,2024,4,12,December,D004,C010,V028,R01,P006,Events expense - Marketing,Corporate Card,Posted,756.97,75.7,832.67,,,USD,1.5449
TX002172,2024-05-19,2024,2,5,May,D001,C012,V020,R01,P003,Telecommunications expense - Information Technology,Corporate Card,Posted,461.11,46.11,507.22,,,AUD,1.0
TX002173,2024-12-23,2024,4,12,December,D007,C012,V010,R03,P008,Telecommunications expense - Customer Service,Invoice,Accrued,718.18,71.82,790.0,PO-52071,INV-857758,USD,1.5819
TX002174,2026-06-26,2026,2,6,June,D004,C010,V032,R01,P001,Events expense - Marketing,Invoice,Posted,751.47,75.15,826.62,PO-33906,INV-537030,AUD,1.0
TX002175,2024-09-23,2024,3,9,September,D004,C010,V033,R01,P008,Events expense - Marketing,Invoice,Posted,366.21,36.62,402.83,PO-12932,INV-971565,AUD,1.0
TX002176,2025-05-07,2025,2,5,May,D006,C003,V007,R03,P008,Hardware expense - Operations,Invoice,Posted,1030.06,103.01,1133.07,PO-98812,INV-821412,AUD,1.0
TX002177,2024-10-10,2024,4,10,October,D005,C001,V011,R04,P008,Software & SaaS expense - Sales,Invoice,Posted,531.69,53.17,584.86,PO-78159,INV-896220,AUD,1.0
TX002178,2025-11-20,2025,4,11,November,D004,C010,V031,R04,P005,Events expense - Marketing,Invoice,Posted,710.84,71.08,781.92,PO-14810,INV-604793,AUD,1.0
TX002179,2024-01-20,2024,1,1,January,D006,C006,V014,R01,P008,Travel expense - Operations,Expense Claim,Posted,646.53,64.65,711.18,,,AUD,1.0
TX002180,2025-05-19,2025,2,5,May,D002,C005,V012,R04,P008,Consulting expense - Finance,Corporate Card,Posted,2179.22,217.92,2397.14,,,AUD,1.0
TX002181,2025-12-11,2025,4,12,December,D004,C006,V024,R04,P005,Travel expense - Marketing,Expense Claim,Posted,626.87,62.69,689.56,,,AUD,1.0
TX002182,2024-12-07,2024,4,12,December,D005,C010,V019,R02,P004,Events expense - Sales,Corporate Card,Posted,949.94,94.99,1044.93,,,AUD,1.0
TX002183,2025-12-11,2025,4,12,December,D008,C004,V030,R01,P008,Contractors expense - Facilities,Invoice,Posted,4083.44,408.34,4491.78,PO-93083,INV-611493,AUD,1.0
TX002184,2024-11-12,2024,4,11,November,D002,C006,V024,R02,P008,Travel expense - Finance,Invoice,Posted,604.93,60.49,665.42,PO-58066,INV-490992,AUD,1.0
TX002185,2024-12-23,2024,4,12,December,D001,C020,V023,R03,P008,Customer Support Tools expense - Information Technology,Direct Debit,Posted,690.56,69.06,759.62,,INV-785371,AUD,1.0
TX002186,2025-02-22,2025,1,2,February,D007,C001,V034,R01,P008,Software & SaaS expense - Customer Service,Corporate Card,Posted,1611.22,161.12,1772.34,,,AUD,1.0
TX002187,2024-09-01,2024,3,9,September,D004,C011,V020,R03,P008,Office Supplies expense - Marketing,Invoice,Posted,200.48,20.05,220.53,PO-68273,INV-764376,AUD,1.0
TX002188,2026-01-03,2026,1,1,January,D002,C005,V032,R03,P008,Consulting expense - Finance,Corporate Card,Posted,5296.17,529.62,5825.79,,,USD,1.4687
TX002189,2024-11-23,2024,4,11,November,D006,C003,V019,R02,P003,Hardware expense - Operations,Invoice,Posted,441.05,44.11,485.16,PO-60895,INV-205668,AUD,1.0
TX002190,2024-01-20,2024,1,1,January,D002,C006,V003,R01,P008,Travel expense - Finance,Invoice,Posted,902.86,90.29,993.15,PO-94699,INV-382811,AUD,1.0
TX002191,2025-08-11,2025,3,8,August,D001,C004,V012,R02,P008,Contractors expense - Information Technology,Corporate Card,Posted,3827.4,382.74,4210.14,,,AUD,1.0
TX002192,2024-04-22,2024,2,4,April,D006,C018,V028,R04,P004,Freight & Logistics expense - Operations,Invoice,Posted,1250.47,125.05,1375.52,PO-41477,INV-485891,AUD,1.0
TX002193,2026-06-19,2026,2,6,June,D006,C019,V032,R02,P006,Vehicle Expenses expense - Operations,Direct Debit,Posted,881.02,88.1,969.12,,INV-211642,USD,1.4846
TX002194,2026-02-10,2026,1,2,February,D004,C010,V004,R01,P004,Events expense - Marketing,Invoice,Posted,3464.77,346.48,3811.25,PO-90541,INV-337723,AUD,1.0
TX002195,2025-03-18,2025,1,3,March,D007,C004,V027,R01,P008,Contractors expense - Customer Service,Invoice,Posted,1097.64,109.76,1207.4,PO-12929,INV-305538,AUD,1.0
TX002196,2025-12-21,2025,4,12,December,D001,C012,V015,R01,P008,Telecommunications expense - Information Technology,Invoice,Posted,2205.6,220.56,2426.16,PO-61096,INV-964406,AUD,1.0
TX002197,2024-01-26,2024,1,1,January,D003,C006,V027,R01,P008,Travel expense - Human Resources,Direct Debit,Posted,143.33,14.33,157.66,,INV-938776,AUD,1.0
TX002198,2024-03-10,2024,1,3,March,D003,C008,V028,R04,P008,Recruitment expense - Human Resources,Expense Claim,Posted,1314.38,131.44,1445.82,,,AUD,1.0
TX002199,2024-09-27,2024,3,9,September,D003,C006,V006,R04,P008,Travel expense - Human Resources,Direct Debit,Posted,1860.76,186.08,2046.84,,INV-253875,AUD,1.0
TX002200,2026-05-13,2026,2,5,May,D006,C018,V021,R04,P006,Freight & Logistics expense - Operations,Corporate Card,Posted,1429.1,142.91,1572.01,,,AUD,1.0
TX002201,2024-08-07,2024,3,8,August,D003,C006,V019,R03,P005,Travel expense - Human Resources,Direct Debit,Posted,890.67,89.07,979.74,,INV-572011,AUD,1.0
TX002202,2024-07-11,2024,3,7,July,D001,C012,V035,R01,P001,Telecommunications expense - Information Technology,Invoice,Posted,109.87,10.99,120.86,PO-23070,INV-663145,USD,1.5143
TX002203,2026-03-08,2026,1,3,March,D005,C010,V009,R05,P004,Events expense - Sales,Invoice,Pending,633.44,63.34,696.78,PO-22772,INV-216698,AUD,1.0
TX002204,2024-07-08,2024,3,7,July,D008,C004,V001,R02,P008,Contractors expense - Facilities,Direct Debit,Posted,751.65,75.17,826.82,,INV-606362,AUD,1.0
TX002205,2024-02-17,2024,1,2,February,D001,C004,V007,R03,P008,Contractors expense - Information Technology,Corporate Card,Posted,1581.29,158.13,1739.42,,,AUD,1.0
TX002206,2025-05-09,2025,2,5,May,D002,C016,V032,R02,P008,Insurance expense - Finance,Invoice,Posted,236.23,23.62,259.85,PO-96084,INV-414367,AUD,1.0
TX002207,2024-04-15,2024,2,4,April,D007,C020,V011,R01,P004,Customer Support Tools expense - Customer Service,Invoice,Posted,587.36,58.74,646.1,PO-71245,INV-413011,AUD,1.0
TX002208,2024-04-21,2024,2,4,April,D002,C006,V015,R01,P008,Travel expense - Finance,Direct Debit,Posted,577.13,57.71,634.84,,INV-134802,AUD,1.0
TX002209,2025-08-01,2025,3,8,August,D008,C015,V022,R01,P004,Repairs & Maintenance expense - Facilities,Corporate Card,Posted,1068.14,106.81,1174.95,,,AUD,1.0
TX002210,2026-06-03,2026,2,6,June,D006,C018,V035,R02,P003,Freight & Logistics expense - Operations,Expense Claim,Posted,730.21,73.02,803.23,,,AUD,1.0
TX002211,2024-12-06,2024,4,12,December,D004,C001,V026,R02,P008,Software & SaaS expense - Marketing,Invoice,Posted,3830.3,383.03,4213.33,PO-28428,INV-282695,AUD,1.0
TX002212,2024-04-25,2024,2,4,April,D007,C020,V033,R03,P008,Customer Support Tools expense - Customer Service,Invoice,Posted,547.93,54.79,602.72,PO-89099,INV-343170,AUD,1.0
TX002213,2024-07-22,2024,3,7,July,D006,C018,V020,R01,P008,Freight & Logistics expense - Operations,Direct Debit,Posted,1231.91,123.19,1355.1,,INV-454494,AUD,1.0
TX002214,2024-09-16,2024,3,9,September,D007,C020,V023,R01,P008,Customer Support Tools expense - Customer Service,Direct Debit,Posted,1114.12,111.41,1225.53,,INV-669460,AUD,1.0
TX002215,2024-09-07,2024,3,9,September,D004,C001,V031,R02,P005,Software & SaaS expense - Marketing,Invoice,Posted,1090.12,109.01,1199.13,PO-69479,INV-204822,AUD,1.0
TX002216,2025-05-19,2025,2,5,May,D008,C003,V013,R04,P008,Hardware expense - Facilities,Invoice,Posted,320.35,32.04,352.39,PO-19661,INV-235863,AUD,1.0
TX002217,2024-09-16,2024,3,9,September,D007,C001,V017,R01,P008,Software & SaaS expense - Customer Service,Corporate Card,Posted,1070.86,107.09,1177.95,,,AUD,1.0
TX002218,2024-09-01,2024,3,9,September,D008,C013,V030,R02,P002,Rent expense - Facilities,Invoice,Posted,4418.77,441.88,4860.65,PO-11230,INV-506610,AUD,1.0
TX002219,2024-10-13,2024,4,10,October,D004,C006,V030,R01,P008,Travel expense - Marketing,Invoice,Posted,1337.62,133.76,1471.38,PO-40976,INV-146774,AUD,1.0
TX002220,2024-08-21,2024,3,8,August,D004,C004,V029,R01,P008,Contractors expense - Marketing,Invoice,Posted,694.75,69.48,764.23,PO-10042,INV-416874,USD,1.5992
TX002221,2025-07-09,2025,3,7,July,D005,C012,V029,R04,P008,Telecommunications expense - Sales,Invoice,Posted,563.25,56.33,619.58,PO-12560,INV-998048,AUD,1.0
TX002222,2024-12-15,2024,4,12,December,D005,C006,V024,R02,P008,Travel expense - Sales,Invoice,Posted,2131.16,213.12,2344.28,PO-23786,INV-212724,AUD,1.0
TX002223,2024-02-22,2024,1,2,February,D008,C014,V029,R02,P005,Utilities expense - Facilities,Invoice,Posted,433.48,43.35,476.83,PO-84091,INV-928635,AUD,1.0
TX002224,2025-04-11,2025,2,4,April,D003,C004,V019,R02,P008,Contractors expense - Human Resources,Expense Claim,Posted,1687.04,168.7,1855.74,,,AUD,1.0
TX002225,2024-01-11,2024,1,1,January,D005,C019,V027,R02,P008,Vehicle Expenses expense - Sales,Corporate Card,Posted,274.51,27.45,301.96,,,AUD,1.0
TX002226,2026-06-05,2026,2,6,June,D007,C001,V027,R01,P002,Software & SaaS expense - Customer Service,Corporate Card,Posted,1998.47,199.85,2198.32,,,AUD,1.0
TX002227,2026-06-30,2026,2,6,June,D008,C013,V014,R02,P008,Rent expense - Facilities,Invoice,Posted,5770.0,577.0,6347.0,PO-87235,INV-292662,AUD,1.0
TX002228,2026-06-19,2026,2,6,June,D008,C003,V029,R03,P002,Hardware expense - Facilities,Invoice,Posted,494.72,49.47,544.19,PO-63328,INV-665852,AUD,1.0
TX002229,2025-10-30,2025,4,10,October,D003,C006,V016,R01,P004,Travel expense - Human Resources,Invoice,Posted,5615.15,561.51,6176.66,PO-13608,INV-975056,AUD,1.0
TX002230,2026-05-18,2026,2,5,May,D007,C020,V015,R05,P004,Customer Support Tools expense - Customer Service,Invoice,Posted,1095.71,109.57,1205.28,PO-52351,INV-916345,AUD,1.0
TX002231,2024-05-23,2024,2,5,May,D005,C001,V031,R01,P005,Software & SaaS expense - Sales,Direct Debit,Posted,1338.16,133.82,1471.98,,INV-656859,AUD,1.0
TX002232,2026-06-26,2026,2,6,June,D006,C006,V022,R02,P008,Travel expense - Operations,Invoice,Posted,345.11,34.51,379.62,PO-11285,INV-368356,AUD,1.0
TX002233,2024-06-19,2024,2,6,June,D006,C006,V034,R05,P008,Travel expense - Operations,Expense Claim,Pending,888.65,88.87,977.52,,,AUD,1.0
TX002234,2024-05-15,2024,2,5,May,D006,C006,V028,R04,P008,Travel expense - Operations,Invoice,Posted,807.95,80.8,888.75,PO-15510,INV-339793,AUD,1.0
TX002235,2026-01-09,2026,1,1,January,D003,C004,V031,R01,P008,Contractors expense - Human Resources,Invoice,Posted,2895.25,289.53,3184.78,PO-37374,INV-720617,AUD,1.0
TX002236,2026-03-05,2026,1,3,March,D003,C008,V031,R04,P008,Recruitment expense - Human Resources,Corporate Card,Posted,380.52,38.05,418.57,,,AUD,1.0
TX002237,2024-11-13,2024,4,11,November,D006,C011,V031,R01,P008,Office Supplies expense - Operations,Invoice,Posted,787.98,78.8,866.78,PO-35519,INV-897171,AUD,1.0
TX002238,2024-07-06,2024,3,7,July,D001,C004,V003,R01,P005,Contractors expense - Information Technology,Invoice,Accrued,743.92,74.39,818.31,PO-29285,INV-814191,AUD,1.0
TX002239,2024-06-12,2024,2,6,June,D001,C001,V020,R03,P008,Software & SaaS expense - Information Technology,Invoice,Posted,790.03,79.0,869.03,PO-96317,INV-829993,AUD,1.0
TX002240,2024-03-10,2024,1,3,March,D001,C020,V009,R04,P006,Customer Support Tools expense - Information Technology,Corporate Card,Posted,1466.09,146.61,1612.7,,,AUD,1.0
TX002241,2025-02-19,2025,1,2,February,D008,C011,V015,R01,P008,Office Supplies expense - Facilities,Invoice,Posted,487.81,48.78,536.59,PO-81152,INV-944113,AUD,1.0
TX002242,2024-07-12,2024,3,7,July,D004,C001,V032,R02,P006,Software & SaaS expense - Marketing,Invoice,Posted,546.17,54.62,600.79,PO-11371,INV-546949,AUD,1.0
TX002243,2024-02-20,2024,1,2,February,D002,C017,V010,R01,P007,Legal & Compliance expense - Finance,Invoice,Posted,341.42,34.14,375.56,PO-75557,INV-837877,AUD,1.0
TX002244,2024-04-12,2024,2,4,April,D008,C003,V007,R01,P001,Hardware expense - Facilities,Expense Claim,Posted,1050.78,105.08,1155.86,,,USD,1.5504
TX002245,2024-05-12,2024,2,5,May,D006,C003,V010,R02,P001,Hardware expense - Operations,Invoice,Posted,1117.78,111.78,1229.56,PO-84069,INV-571820,AUD,1.0
TX002246,2026-05-11,2026,2,5,May,D001,C020,V013,R01,P008,Customer Support Tools expense - Information Technology,Invoice,Posted,1588.59,158.86,1747.45,PO-80192,INV-762315,AUD,1.0
TX002247,2025-01-15,2025,1,1,January,D006,C003,V029,R01,P008,Hardware expense - Operations,Expense Claim,Posted,231.45,23.14,254.59,,,AUD,1.0
TX002248,2026-04-30,2026,2,4,April,D008,C011,V020,R03,P002,Office Supplies expense - Facilities,Direct Debit,Posted,475.77,47.58,523.35,,INV-266148,AUD,1.0
TX002249,2025-01-29,2025,1,1,January,D003,C006,V035,R03,P008,Travel expense - Human Resources,Invoice,Pending,347.84,34.78,382.62,PO-71581,INV-862961,AUD,1.0
TX002250,2025-04-05,2025,2,4,April,D004,C011,V031,R02,P008,Office Supplies expense - Marketing,Invoice,Posted,45,4.5,49.5,PO-54906,INV-419082,AUD,1.0
TX002251,2025-09-29,2025,3,9,September,D008,C014,V025,R02,P008,Utilities expense - Facilities,Direct Debit,Posted,545.98,54.6,600.58,,INV-333623,AUD,1.0
TX002252,2025-06-14,2025,2,6,June,D001,C020,V004,R01,P008,Customer Support Tools expense - Information Technology,Direct Debit,Posted,1118.32,111.83,1230.15,,INV-231450,AUD,1.0
TX002253,2024-10-27,2024,4,10,October,D008,C014,V002,R04,P008,Utilities expense - Facilities,Invoice,Posted,1286.81,128.68,1415.49,PO-73298,INV-339132,AUD,1.0
TX002254,2025-05-04,2025,2,5,May,D007,C004,V025,R01,P003,Contractors expense - Customer Service,Invoice,Posted,2722.12,272.21,2994.33,PO-64079,INV-919871,AUD,1.0
TX002255,2025-09-05,2025,3,9,September,D004,C001,V018,R02,P002,Software & SaaS expense - Marketing,Invoice,Posted,4344.52,434.45,4778.97,PO-71179,INV-353468,AUD,1.0
TX002256,2024-04-21,2024,2,4,April,D002,C017,V026,R02,P008,Legal & Compliance expense - Finance,Invoice,Posted,470.88,47.09,517.97,PO-11670,INV-112085,AUD,1.0
TX002257,2025-10-11,2025,4,10,October,D002,C007,V015,R01,P008,Training expense - Finance,Invoice,Posted,161.45,16.14,177.59,PO-50130,INV-271530,AUD,1.0
TX002258,2024-06-10,2024,2,6,June,D004,C011,V027,R03,P008,Office Supplies expense - Marketing,Invoice,Pending,616.86,61.69,678.55,PO-42662,INV-724037,AUD,1.0
TX002259,2024-01-21,2024,1,1,January,D003,C004,V020,R02,P008,Contractors expense - Human Resources,Invoice,Posted,1358.74,135.87,1494.61,PO-28776,INV-734507,AUD,1.0
TX002260,2025-07-30,2025,3,7,July,D001,C005,V004,R01,P008,Consulting expense - Information Technology,Invoice,Posted,703.33,70.33,773.66,PO-49466,INV-252724,AUD,1.0
TX002261,2025-04-07,2025,2,4,April,D008,C004,V021,R04,P008,Contractors expense - Facilities,Corporate Card,Posted,2450.21,245.02,2695.23,,,AUD,1.0
TX002262,2025-09-05,2025,3,9,September,D003,C011,V028,R03,P001,Office Supplies expense - Human Resources,Direct Debit,Posted,197.98,19.8,217.78,,INV-305995,AUD,1.0
TX002263,2024-11-09,2024,4,11,November,D004,C011,V018,R02,P008,Office Supplies expense - Marketing,Direct Debit,Posted,165.49,16.55,182.04,,INV-822353,AUD,1.0
TX002264,2024-12-21,2024,4,12,December,D003,C008,V022,R02,P008,Recruitment expense - Human Resources,Direct Debit,Accrued,361.1,36.11,397.21,,INV-358236,AUD,1.0
TX002265,2024-01-21,2024,1,1,January,D008,C004,V014,R01,P004,Contractors expense - Facilities,Invoice,Posted,1492.88,149.29,1642.17,PO-43226,INV-122689,AUD,1.0
TX002266,2025-10-10,2025,4,10,October,D006,C004,V004,R03,P008,Contractors expense - Operations,Invoice,Posted,1002.06,100.21,1102.27,PO-42576,INV-961404,AUD,1.0
TX002267,2024-05-15,2024,2,5,May,D006,C003,V006,R04,P008,Hardware expense - Operations,Invoice,Posted,679.48,67.95,747.43,PO-44966,INV-764849,AUD,1.0
TX002268,2025-12-16,2025,4,12,December,D001,C003,V020,R01,P008,Hardware expense - Information Technology,Invoice,Posted,3778.9,377.89,4156.79,PO-58793,INV-997424,AUD,1.0
TX002269,2024-03-30,2024,1,3,March,D003,C006,V003,R01,P008,Travel expense - Human Resources,Invoice,Posted,1712.36,171.24,1883.6,PO-50640,INV-740931,AUD,1.0
TX002270,2024-09-17,2024,3,9,September,D002,C007,V022,R03,P008,Training expense - Finance,Invoice,Posted,1588.46,158.85,1747.31,PO-61423,INV-553239,AUD,1.0
TX002271,2026-03-27,2026,1,3,March,D004,C004,V009,R05,P008,Contractors expense - Marketing,Invoice,Posted,4750.67,475.07,5225.74,PO-63807,INV-240643,AUD,1.0
TX002272,2026-05-15,2026,2,5,May,D002,C016,V024,R03,P008,Insurance expense - Finance,Direct Debit,Posted,301.24,30.12,331.36,,INV-176711,AUD,1.0
TX002273,2024-11-16,2024,4,11,November,D001,C003,V025,R01,P005,Hardware expense - Information Technology,Corporate Card,Posted,890.63,89.06,979.69,,,AUD,1.0
TX002274,2024-03-20,2024,1,3,March,D005,C006,V028,R03,P008,Travel expense - Sales,Invoice,Posted,600.3,60.03,660.33,PO-77298,INV-649920,AUD,1.0
TX002275,2025-05-27,2025,2,5,May,D002,C007,V026,R02,P001,Training expense - Finance,Invoice,Posted,385.52,38.55,424.07,PO-76618,INV-596115,AUD,1.0
TX002276,2025-12-25,2025,4,12,December,D006,C003,V027,R02,P008,Hardware expense - Operations,Corporate Card,Posted,1201.59,120.16,1321.75,,,AUD,1.0
TX002277,2025-07-24,2025,3,7,July,D003,C007,V001,R02,P008,Training expense - Human Resources,Invoice,Posted,269.09,26.91,296.0,PO-82610,INV-217712,AUD,1.0
TX002278,2025-11-20,2025,4,11,November,D005,C010,V014,R01,P003,Events expense - Sales,Invoice,Posted,923.98,92.4,1016.38,PO-13772,INV-659380,AUD,1.0
TX002279,2024-08-15,2024,3,8,August,D001,C020,V034,R02,P007,Customer Support Tools expense - Information Technology,Expense Claim,Posted,1615.16,161.52,1776.68,,,AUD,1.0
TX002280,2024-12-20,2024,4,12,December,D005,C012,V006,R02,P007,Telecommunications expense - Sales,Invoice,Posted,214.66,21.47,236.13,PO-77515,INV-858348,AUD,1.0
TX002281,2025-03-03,2025,1,3,March,D008,C011,V032,R01,P008,Office Supplies expense - Facilities,Invoice,Posted,142.75,14.28,157.03,PO-62713,INV-317294,AUD,1.0
TX002282,2024-11-06,2024,4,11,November,D004,C001,V029,R02,P008,Software & SaaS expense - Marketing,Invoice,Posted,309.47,30.95,340.42,PO-41486,INV-907959,AUD,1.0
TX002283,2025-04-25,2025,2,4,April,D008,C013,V013,R04,P001,Rent expense - Facilities,Invoice,Posted,900.71,90.07,990.78,PO-64484,INV-212964,AUD,1.0
TX002284,2025-01-15,2025,1,1,January,D005,C012,V007,R02,P003,Telecommunications expense - Sales,Invoice,Posted,99.01,9.9,108.91,PO-54173,INV-436854,AUD,1.0
TX002285,2024-01-25,2024,1,1,January,D001,C003,V033,R01,P008,Hardware expense - Information Technology,Invoice,Posted,1488.41,148.84,1637.25,PO-62620,INV-761753,AUD,1.0
TX002286,2025-04-14,2025,2,4,April,D004,C010,V025,R02,P002,Events expense - Marketing,Invoice,Posted,402.19,40.22,442.41,PO-78963,INV-330434,AUD,1.0
TX002287,2026-03-01,2026,1,3,March,D001,C001,V015,R01,P001,Software & SaaS expense - Information Technology,Corporate Card,Posted,738.28,73.83,812.11,,,AUD,1.0
TX002288,2025-12-09,2025,4,12,December,D005,C001,V027,R02,P008,Software & SaaS expense - Sales,Corporate Card,Posted,720.13,72.01,792.14,,,AUD,1.0
TX002289,2025-12-10,2025,4,12,December,D004,C006,V025,R01,P008,Travel expense - Marketing,Invoice,Posted,256.9,25.69,282.59,PO-10547,INV-273993,AUD,1.0
TX002290,2024-05-10,2024,2,5,May,D004,C001,V019,R01,P008,Software & SaaS expense - Marketing,Invoice,Pending,382.8,38.28,421.08,PO-23380,INV-293412,AUD,1.0
TX002291,2025-01-03,2025,1,1,January,D002,C016,V003,R01,P008,Insurance expense - Finance,Invoice,Posted,709.22,70.92,780.14,PO-76432,INV-112553,AUD,1.0
TX002292,2024-12-10,2024,4,12,December,D002,C006,V035,R02,P001,Travel expense - Finance,Invoice,Posted,329.71,32.97,362.68,PO-93215,INV-744047,AUD,1.0
TX002293,2024-02-04,2024,1,2,February,D007,C004,V031,R02,P005,Contractors expense - Customer Service,Invoice,Posted,1354.6,135.46,1490.06,PO-49681,INV-417646,AUD,1.0
TX002294,2024-06-08,2024,2,6,June,D001,C002,V010,R01,P008,Cloud Services expense - Information Technology,Invoice,Posted,660.3,66.03,726.33,PO-70488,INV-346106,AUD,1.0
TX002295,2025-04-18,2025,2,4,April,D002,C005,V005,R01,P004,Consulting expense - Finance,Corporate Card,Accrued,303.5,30.35,333.85,,,AUD,1.0
TX002296,2026-03-17,2026,1,3,March,D002,C007,V027,R03,P008,Training expense - Finance,Direct Debit,Posted,390.87,39.09,429.96,,INV-745543,AUD,1.0
TX002297,2024-05-08,2024,2,5,May,D006,C011,V010,R05,P008,Office Supplies expense - Operations,Direct Debit,Accrued,171.19,17.12,188.31,,INV-331152,AUD,1.0
TX002298,2024-09-25,2024,3,9,September,D002,C005,V034,R01,P008,Consulting expense - Finance,Invoice,Posted,1700.9,170.09,1870.99,PO-97623,INV-102334,AUD,1.0
TX002299,2024-11-13,2024,4,11,November,D005,C010,V001,R01,P005,Events expense - Sales,Invoice,Posted,1371.12,137.11,1508.23,PO-96583,INV-957240,USD,1.508
TX002300,2025-05-30,2025,2,5,May,D008,C014,V007,R01,P001,Utilities expense - Facilities,Direct Debit,Posted,136.75,13.68,150.43,,INV-231222,AUD,1.0
TX002301,2026-02-21,2026,1,2,February,D003,C007,V018,R01,P008,Training expense - Human Resources,Invoice,Posted,397.13,39.71,436.84,PO-68947,INV-378422,AUD,1.0
TX002302,2024-09-21,2024,3,9,September,D008,C003,V007,R03,P004,Hardware expense - Facilities,Expense Claim,Posted,1381.66,138.17,1519.83,,,AUD,1.0
TX002303,2026-04-15,2026,2,4,April,D007,C007,V002,R01,P008,Training expense - Customer Service,Direct Debit,Accrued,149.58,14.96,164.54,,INV-836963,AUD,1.0
TX002304,2025-10-23,2025,4,10,October,D001,C003,V016,R02,P008,Hardware expense - Information Technology,Invoice,Posted,1287.75,128.78,1416.53,PO-39603,INV-515408,AUD,1.0
TX002305,2024-02-08,2024,1,2,February,D007,C007,V019,R01,P004,Training expense - Customer Service,Corporate Card,Posted,730.02,73.0,803.02,,,AUD,1.0
TX002306,2025-10-12,2025,4,10,October,D005,C012,V001,R01,P001,Telecommunications expense - Sales,Direct Debit,Posted,767.53,76.75,844.28,,INV-578145,AUD,1.0
TX002307,2026-03-28,2026,1,3,March,D008,C003,V015,R03,P007,Hardware expense - Facilities,Direct Debit,Posted,1185.81,118.58,1304.39,,INV-955505,AUD,1.0
TX002308,2024-02-07,2024,1,2,February,D008,C014,V005,R01,P008,Utilities expense - Facilities,Corporate Card,Pending,627.41,62.74,690.15,,,AUD,1.0
TX002309,2024-10-11,2024,4,10,October,D001,C002,V019,R05,P004,Cloud Services expense - Information Technology,Invoice,Posted,392.48,39.25,431.73,PO-97239,INV-794135,AUD,1.0
TX002310,2025-06-15,2025,2,6,June,D005,C019,V022,R02,P006,Vehicle Expenses expense - Sales,Invoice,Posted,686.82,68.68,755.5,PO-13475,INV-958305,AUD,1.0
TX002311,2024-08-04,2024,3,8,August,D004,C006,V004,R01,P001,Travel expense - Marketing,Corporate Card,Posted,304.48,30.45,334.93,,,AUD,1.0
TX002312,2024-12-22,2024,4,12,December,D004,C011,V031,R02,P002,Office Supplies expense - Marketing,Invoice,Accrued,315.13,31.51,346.64,PO-49772,INV-900429,AUD,1.0
TX002313,2025-03-13,2025,1,3,March,D003,C006,V010,R02,P008,Travel expense - Human Resources,Corporate Card,Posted,1341.39,134.14,1475.53,,,AUD,1.0
TX002314,2025-06-22,2025,2,6,June,D007,C007,V010,R05,P004,Training expense - Customer Service,Invoice,Posted,1103.55,110.36,1213.91,PO-20255,INV-353153,AUD,1.0
TX002315,2024-10-07,2024,4,10,October,D004,C001,V025,R04,P008,Software & SaaS expense - Marketing,Invoice,Posted,923.63,92.36,1015.99,PO-72611,INV-340119,AUD,1.0
TX002316,2026-04-24,2026,2,4,April,D006,C011,V008,R03,P002,Office Supplies expense - Operations,Invoice,Posted,178.9,17.89,196.79,PO-34638,INV-489015,AUD,1.0
TX002317,2026-02-07,2026,1,2,February,D005,C010,V035,R01,P003,Events expense - Sales,Invoice,Pending,1222.22,122.22,1344.44,PO-94657,INV-443573,AUD,1.0
TX002318,2025-01-04,2025,1,1,January,D008,C003,V016,R04,P004,Hardware expense - Facilities,Corporate Card,Pending,614.04,61.4,675.44,,,USD,1.5586
TX002319,2025-02-11,2025,1,2,February,D003,C006,V004,R01,P008,Travel expense - Human Resources,Invoice,Posted,378.0,37.8,415.8,PO-24560,INV-799633,USD,1.4511
TX002320,2026-02-28,2026,1,2,February,D001,C001,V027,R04,P007,Software & SaaS expense - Information Technology,Invoice,Posted,363.81,36.38,400.19,PO-91721,INV-757246,AUD,1.0
TX002321,2025-06-10,2025,2,6,June,D002,C004,V001,R05,P008,Contractors expense - Finance,Invoice,Posted,1742.94,174.29,1917.23,PO-59213,INV-972633,AUD,1.0
TX002322,2025-08-09,2025,3,8,August,D001,C020,V026,R03,P008,Customer Support Tools expense - Information Technology,Direct Debit,Posted,697.3,69.73,767.03,,INV-375145,AUD,1.0
TX002323,2025-06-25,2025,2,6,June,D002,C006,V030,R03,P008,Travel expense - Finance,Expense Claim,Accrued,1074.12,107.41,1181.53,,,AUD,1.0
TX002324,2024-11-20,2024,4,11,November,D007,C001,V005,R03,P002,Software & SaaS expense - Customer Service,Invoice,Posted,2107.22,210.72,2317.94,PO-20696,INV-651833,AUD,1.0
TX002325,2026-01-14,2026,1,1,January,D007,C007,V015,R01,P006,Training expense - Customer Service,Invoice,Posted,458.19,45.82,504.01,PO-67194,INV-737063,AUD,1.0
TX002326,2024-09-01,2024,3,9,September,D007,C020,V005,R01,P008,Customer Support Tools expense - Customer Service,Invoice,Posted,587.62,58.76,646.38,PO-85681,INV-798797,AUD,1.0
TX002327,2024-03-10,2024,1,3,March,D004,C011,V035,R01,P005,Office Supplies expense - Marketing,Direct Debit,Posted,422.13,42.21,464.34,,INV-734402,AUD,1.0
TX002328,2026-05-16,2026,2,5,May,D006,C004,V027,R05,P005,Contractors expense - Operations,Corporate Card,Accrued,3358.21,335.82,3694.03,,,AUD,1.0
TX002329,2026-03-31,2026,1,3,March,D007,C020,V008,R02,P002,Customer Support Tools expense - Customer Service,Invoice,Posted,327.81,32.78,360.59,PO-21163,INV-981759,AUD,1.0
TX002330,2024-12-07,2024,4,12,December,D006,C019,V004,R01,P008,Vehicle Expenses expense - Operations,Invoice,Posted,1132.47,113.25,1245.72,PO-32509,INV-473639,AUD,1.0
TX002331,2025-08-13,2025,3,8,August,D002,C016,V018,R01,P008,Insurance expense - Finance,Invoice,Posted,424.19,42.42,466.61,PO-12947,INV-326874,AUD,1.0
TX002332,2024-05-29,2024,2,5,May,D004,C006,V001,R02,P001,Travel expense - Marketing,Corporate Card,Accrued,365.27,36.53,401.8,,,AUD,1.0
TX002333,2025-04-24,2025,2,4,April,D004,C011,V013,R02,P008,Office Supplies expense - Marketing,Invoice,Posted,272.52,27.25,299.77,PO-18840,INV-691737,AUD,1.0
TX002334,2025-10-20,2025,4,10,October,D003,C006,V006,R03,P004,Travel expense - Human Resources,Invoice,Accrued,235.2,23.52,258.72,PO-11553,INV-329027,AUD,1.0
TX002335,2025-12-28,2025,4,12,December,D007,C004,V030,R05,P006,Contractors expense - Customer Service,Invoice,Posted,278.55,27.86,306.41,PO-15631,INV-479053,AUD,1.0
TX002336,2025-02-11,2025,1,2,February,D004,C001,V010,R03,P008,Software & SaaS expense - Marketing,Invoice,Posted,1127.96,112.8,1240.76,PO-71123,INV-334012,AUD,1.0
TX002337,2026-05-08,2026,2,5,May,D003,C001,V034,R01,P008,Software & SaaS expense - Human Resources,Corporate Card,Posted,1035.37,103.54,1138.91,,,AUD,1.0
TX002338,2024-12-27,2024,4,12,December,D005,C012,V031,R01,P003,Telecommunications expense - Sales,Invoice,Posted,363.73,36.37,400.1,PO-98266,INV-172723,AUD,1.0
TX002339,2025-03-23,2025,1,3,March,D003,C007,V014,R03,P007,Training expense - Human Resources,Invoice,Posted,355.53,35.55,391.08,PO-53518,INV-195813,AUD,1.0
TX002340,2025-12-01,2025,4,12,December,D001,C001,V003,R05,P008,Software & SaaS expense - Information Technology,Corporate Card,Posted,1045.76,104.58,1150.34,,,AUD,1.0
TX002341,2024-05-11,2024,2,5,May,D007,C004,V014,R01,P001,Contractors expense - Customer Service,Invoice,Posted,897.43,89.74,987.17,PO-10369,INV-839654,AUD,1.0
TX002342,2024-07-13,2024,3,7,July,D005,C019,V018,R01,P008,Vehicle Expenses expense - Sales,Direct Debit,Pending,406.98,40.7,447.68,,INV-904803,AUD,1.0
TX002343,2025-08-09,2025,3,8,August,D003,C008,V027,R01,P008,Recruitment expense - Human Resources,Invoice,Posted,549.66,54.97,604.63,PO-60529,INV-976765,AUD,1.0
TX002344,2025-07-25,2025,3,7,July,D008,C015,V014,R03,P001,Repairs & Maintenance expense - Facilities,Invoice,Accrued,1030.54,103.05,1133.59,PO-61057,INV-204427,AUD,1.0
TX002345,2025-03-22,2025,1,3,March,D007,C007,V035,R02,P001,Training expense - Customer Service,Invoice,Posted,76.08,7.61,83.69,PO-95968,INV-199597,AUD,1.0
TX002346,2025-05-16,2025,2,5,May,D007,C007,V011,R01,P008,Training expense - Customer Service,Invoice,Posted,291.7,29.17,320.87,PO-12380,INV-785975,AUD,1.0
TX002347,2025-09-16,2025,3,9,September,D007,C020,V007,R02,P008,Customer Support Tools expense - Customer Service,Invoice,Posted,2669.43,266.94,2936.37,PO-58821,INV-267559,AUD,1.0
TX002348,2025-12-15,2025,4,12,December,D004,C011,V004,R01,P008,Office Supplies expense - Marketing,Invoice,Posted,55.34,5.53,60.87,PO-49866,INV-346427,AUD,1.0
TX002349,2024-12-24,2024,4,12,December,D005,C019,V020,R01,P008,Vehicle Expenses expense - Sales,Direct Debit,Posted,827.85,82.79,910.64,,INV-724756,AUD,1.0
TX002350,2025-01-07,2025,1,1,January,D001,C020,V022,R01,P002,Customer Support Tools expense - Information Technology,Invoice,Posted,5042.56,504.26,5546.82,PO-70687,INV-566953,AUD,1.0
TX002351,2025-12-22,2025,4,12,December,D003,C007,V029,R01,P002,Training expense - Human Resources,Expense Claim,Accrued,138.26,13.83,152.09,,,AUD,1.0
TX002352,2025-01-02,2025,1,1,January,D001,C012,V035,R03,P008,Telecommunications expense - Information Technology,Direct Debit,Accrued,251.12,25.11,276.23,,INV-286741,AUD,1.0
TX002353,2025-09-15,2025,3,9,September,D004,C006,V019,R05,P005,Travel expense - Marketing,Direct Debit,Posted,692.32,69.23,761.55,,INV-469753,AUD,1.0
TX002354,2025-07-31,2025,3,7,July,D007,C012,V006,R01,P008,Telecommunications expense - Customer Service,Invoice,Posted,208.56,20.86,229.42,PO-12401,INV-843064,AUD,1.0
TX002355,2024-11-08,2024,4,11,November,D006,C011,V017,R02,P002,Office Supplies expense - Operations,Invoice,Posted,45,4.5,49.5,PO-56746,INV-656381,USD,1.4501
TX002356,2025-08-07,2025,3,8,August,D008,C003,V023,R04,P002,Hardware expense - Facilities,Invoice,Posted,142.01,14.2,156.21,PO-59277,INV-163740,AUD,1.0
TX002357,2024-01-08,2024,1,1,January,D004,C006,V005,R02,P008,Travel expense - Marketing,Invoice,Posted,190.1,19.01,209.11,PO-39790,INV-107374,AUD,1.0
TX002358,2025-12-04,2025,4,12,December,D008,C011,V008,R02,P002,Office Supplies expense - Facilities,Invoice,Posted,725.13,72.51,797.64,PO-87908,INV-232797,AUD,1.0
TX002359,2025-04-22,2025,2,4,April,D002,C016,V026,R04,P005,Insurance expense - Finance,Invoice,Posted,800.16,80.02,880.18,PO-78032,INV-809493,AUD,1.0
TX002360,2024-12-27,2024,4,12,December,D003,C008,V033,R01,P008,Recruitment expense - Human Resources,Invoice,Posted,265.31,26.53,291.84,PO-85416,INV-590116,AUD,1.0
TX002361,2025-02-09,2025,1,2,February,D004,C001,V001,R03,P008,Software & SaaS expense - Marketing,Invoice,Posted,1422.34,142.23,1564.57,PO-90179,INV-990925,AUD,1.0
TX002362,2026-03-12,2026,1,3,March,D005,C009,V017,R01,P008,Advertising expense - Sales,Invoice,Posted,4458.38,445.84,4904.22,PO-32328,INV-879949,USD,1.5178
TX002363,2025-03-12,2025,1,3,March,D003,C007,V019,R03,P008,Training expense - Human Resources,Invoice,Posted,368.45,36.84,405.29,PO-61249,INV-132498,AUD,1.0
TX002364,2026-03-30,2026,1,3,March,D005,C006,V033,R01,P008,Travel expense - Sales,Invoice,Posted,257.92,25.79,283.71,PO-84408,INV-876755,AUD,1.0
TX002365,2024-02-25,2024,1,2,February,D008,C016,V028,R03,P008,Insurance expense - Facilities,Invoice,Accrued,132.73,13.27,146.0,PO-75126,INV-445889,AUD,1.0
TX002366,2025-03-02,2025,1,3,March,D002,C006,V014,R02,P005,Travel expense - Finance,Invoice,Posted,489.26,48.93,538.19,PO-71075,INV-588313,USD,1.5478
TX002367,2025-02-01,2025,1,2,February,D002,C016,V002,R03,P003,Insurance expense - Finance,Corporate Card,Posted,450.23,45.02,495.25,,,AUD,1.0
TX002368,2025-12-29,2025,4,12,December,D006,C006,V027,R01,P008,Travel expense - Operations,Invoice,Posted,651.9,65.19,717.09,PO-15664,INV-863410,AUD,1.0
TX002369,2024-07-10,2024,3,7,July,D004,C001,V026,R03,P008,Software & SaaS expense - Marketing,Invoice,Posted,753.66,75.37,829.03,PO-25581,INV-398575,AUD,1.0
TX002370,2025-09-30,2025,3,9,September,D008,C004,V013,R01,P008,Contractors expense - Facilities,Invoice,Posted,979.37,97.94,1077.31,PO-90265,INV-445756,AUD,1.0
TX002371,2026-06-26,2026,2,6,June,D001,C005,V024,R01,P005,Consulting expense - Information Technology,Expense Claim,Posted,849.02,84.9,933.92,,,AUD,1.0
TX002372,2024-02-11,2024,1,2,February,D007,C001,V027,R02,P001,Software & SaaS expense - Customer Service,Direct Debit,Posted,2295.48,229.55,2525.03,,INV-592943,AUD,1.0
TX002373,2026-03-29,2026,1,3,March,D007,C001,V016,R03,P002,Software & SaaS expense - Customer Service,Expense Claim,Posted,3911.96,391.2,4303.16,,,AUD,1.0
TX002374,2026-02-12,2026,1,2,February,D001,C020,V026,R02,P001,Customer Support Tools expense - Information Technology,Direct Debit,Posted,395.14,39.51,434.65,,INV-348360,AUD,1.0
TX002375,2025-11-02,2025,4,11,November,D001,C003,V023,R02,P004,Hardware expense - Information Technology,Direct Debit,Posted,540.91,54.09,595.0,,INV-232193,AUD,1.0
TX002376,2025-02-21,2025,1,2,February,D004,C011,V032,R01,P001,Office Supplies expense - Marketing,Direct Debit,Posted,214.48,21.45,235.93,,INV-343360,AUD,1.0
TX002377,2025-10-23,2025,4,10,October,D003,C007,V004,R02,P008,Training expense - Human Resources,Invoice,Posted,49.32,4.93,54.25,PO-42007,INV-519752,AUD,1.0
TX002378,2025-08-02,2025,3,8,August,D007,C004,V002,R05,P007,Contractors expense - Customer Service,Invoice,Posted,456.74,45.67,502.41,PO-54192,INV-809397,AUD,1.0
TX002379,2024-01-24,2024,1,1,January,D007,C001,V028,R02,P008,Software & SaaS expense - Customer Service,Invoice,Accrued,8983.54,898.35,9881.89,PO-98895,INV-213051,AUD,1.0
TX002380,2024-06-25,2024,2,6,June,D001,C001,V017,R01,P008,Software & SaaS expense - Information Technology,Invoice,Posted,775.9,77.59,853.49,PO-25008,INV-500967,AUD,1.0
TX002381,2024-07-05,2024,3,7,July,D002,C007,V015,R03,P008,Training expense - Finance,Direct Debit,Posted,379.09,37.91,417.0,,INV-496282,AUD,1.0
TX002382,2026-03-12,2026,1,3,March,D003,C001,V002,R01,P005,Software & SaaS expense - Human Resources,Direct Debit,Posted,970.41,97.04,1067.45,,INV-686390,AUD,1.0
TX002383,2024-05-08,2024,2,5,May,D003,C008,V018,R01,P008,Recruitment expense - Human Resources,Invoice,Posted,208.11,20.81,228.92,PO-68314,INV-927626,AUD,1.0
TX002384,2024-06-19,2024,2,6,June,D003,C001,V034,R02,P003,Software & SaaS expense - Human Resources,Invoice,Pending,5382.71,538.27,5920.98,PO-65232,INV-704946,AUD,1.0
TX002385,2025-07-20,2025,3,7,July,D001,C003,V024,R01,P008,Hardware expense - Information Technology,Corporate Card,Posted,894.44,89.44,983.88,,,AUD,1.0
TX002386,2026-05-14,2026,2,5,May,D007,C001,V017,R03,P008,Software & SaaS expense - Customer Service,Invoice,Posted,776.4,77.64,854.04,PO-57420,INV-583427,AUD,1.0
TX002387,2024-08-10,2024,3,8,August,D008,C014,V032,R02,P004,Utilities expense - Facilities,Invoice,Posted,851.76,85.18,936.94,PO-89429,INV-385825,AUD,1.0
TX002388,2025-03-02,2025,1,3,March,D006,C011,V004,R02,P008,Office Supplies expense - Operations,Corporate Card,Posted,649.02,64.9,713.92,,,USD,1.473
TX002389,2025-02-12,2025,1,2,February,D001,C020,V010,R02,P008,Customer Support Tools expense - Information Technology,Invoice,Posted,603.98,60.4,664.38,PO-19769,INV-776828,AUD,1.0
TX002390,2025-06-12,2025,2,6,June,D007,C001,V026,R01,P008,Software & SaaS expense - Customer Service,Invoice,Accrued,1057.16,105.72,1162.88,PO-62614,INV-496360,AUD,1.0
TX002391,2024-11-08,2024,4,11,November,D008,C016,V005,R02,P005,Insurance expense - Facilities,Invoice,Posted,148.48,14.85,163.33,PO-44407,INV-240022,AUD,1.0
TX002392,2025-07-24,2025,3,7,July,D006,C004,V018,R05,P008,Contractors expense - Operations,Invoice,Posted,682.95,68.3,751.25,PO-90845,INV-683392,AUD,1.0
TX002393,2025-11-28,2025,4,11,November,D005,C012,V008,R01,P007,Telecommunications expense - Sales,Direct Debit,Posted,344.9,34.49,379.39,,INV-207763,AUD,1.0
TX002394,2025-01-10,2025,1,1,January,D003,C001,V004,R02,P008,Software & SaaS expense - Human Resources,Invoice,Pending,949.64,94.96,1044.6,PO-85888,INV-491108,AUD,1.0
TX002395,2026-01-19,2026,1,1,January,D008,C014,V019,R01,P008,Utilities expense - Facilities,Invoice,Posted,530.56,53.06,583.62,PO-84796,INV-100528,AUD,1.0
TX002396,2024-02-22,2024,1,2,February,D008,C003,V024,R04,P008,Hardware expense - Facilities,Corporate Card,Posted,732.8,73.28,806.08,,,AUD,1.0
TX002397,2026-02-19,2026,1,2,February,D004,C011,V006,R03,P003,Office Supplies expense - Marketing,Invoice,Posted,858.86,85.89,944.75,PO-45262,INV-779919,AUD,1.0
TX002398,2025-04-16,2025,2,4,April,D006,C019,V021,R01,P008,Vehicle Expenses expense - Operations,Invoice,Posted,1354.79,135.48,1490.27,PO-31888,INV-463382,AUD,1.0
TX002399,2024-06-03,2024,2,6,June,D007,C020,V011,R03,P004,Customer Support Tools expense - Customer Service,Corporate Card,Posted,471.4,47.14,518.54,,,AUD,1.0
TX002400,2026-03-23,2026,1,3,March,D006,C003,V016,R04,P008,Hardware expense - Operations,Corporate Card,Posted,696.93,69.69,766.62,,,AUD,1.0
TX002401,2025-03-09,2025,1,3,March,D007,C020,V029,R03,P008,Customer Support Tools expense - Customer Service,Corporate Card,Accrued,605.98,60.6,666.58,,,AUD,1.0
TX002402,2026-05-07,2026,2,5,May,D006,C006,V030,R02,P002,Travel expense - Operations,Direct Debit,Posted,319.98,32.0,351.98,,INV-509977,AUD,1.0
TX002403,2025-06-12,2025,2,6,June,D002,C005,V033,R01,P008,Consulting expense - Finance,Invoice,Posted,2637.8,263.78,2901.58,PO-68223,INV-367902,AUD,1.0
TX002404,2024-09-28,2024,3,9,September,D006,C003,V028,R02,P008,Hardware expense - Operations,Direct Debit,Pending,536.6,53.66,590.26,,INV-872420,AUD,1.0
TX002405,2025-08-28,2025,3,8,August,D002,C001,V004,R04,P002,Software & SaaS expense - Finance,Direct Debit,Accrued,2996.41,299.64,3296.05,,INV-362443,AUD,1.0
TX002406,2025-02-24,2025,1,2,February,D007,C020,V021,R03,P008,Customer Support Tools expense - Customer Service,Invoice,Posted,1430.98,143.1,1574.08,PO-25438,INV-624371,AUD,1.0
TX002407,2025-11-12,2025,4,11,November,D004,C001,V013,R04,P008,Software & SaaS expense - Marketing,Direct Debit,Posted,1882.35,188.24,2070.59,,INV-263784,AUD,1.0
TX002408,2024-05-31,2024,2,5,May,D007,C007,V032,R01,P008,Training expense - Customer Service,Invoice,Posted,353.76,35.38,389.14,PO-31491,INV-962596,AUD,1.0
TX002409,2025-08-11,2025,3,8,August,D008,C016,V010,R02,P002,Insurance expense - Facilities,Corporate Card,Posted,931.12,93.11,1024.23,,,AUD,1.0
TX002410,2025-04-02,2025,2,4,April,D005,C010,V016,R01,P003,Events expense - Sales,Invoice,Posted,738.5,73.85,812.35,PO-33624,INV-184519,AUD,1.0
TX002411,2024-09-25,2024,3,9,September,D007,C001,V035,R02,P008,Software & SaaS expense - Customer Service,Direct Debit,Accrued,449.67,44.97,494.64,,INV-544410,AUD,1.0
TX002412,2025-04-01,2025,2,4,April,D007,C020,V030,R04,P008,Customer Support Tools expense - Customer Service,Invoice,Posted,929.03,92.9,1021.93,PO-53173,INV-637626,AUD,1.0
TX002413,2024-09-21,2024,3,9,September,D008,C016,V018,R01,P001,Insurance expense - Facilities,Direct Debit,Posted,1290.06,129.01,1419.07,,INV-731312,AUD,1.0
TX002414,2025-03-21,2025,1,3,March,D003,C011,V005,R02,P008,Office Supplies expense - Human Resources,Invoice,Pending,226.95,22.7,249.65,PO-47531,INV-925885,AUD,1.0
TX002415,2024-10-28,2024,4,10,October,D008,C014,V023,R01,P008,Utilities expense - Facilities,Invoice,Posted,146.54,14.65,161.19,PO-62699,INV-242714,AUD,1.0
TX002416,2025-12-23,2025,4,12,December,D003,C011,V004,R05,P008,Office Supplies expense - Human Resources,Corporate Card,Posted,78.19,7.82,86.01,,,AUD,1.0
TX002417,2024-08-25,2024,3,8,August,D002,C006,V029,R01,P008,Travel expense - Finance,Invoice,Posted,866.01,86.6,952.61,PO-98498,INV-284822,AUD,1.0
TX002418,2026-04-07,2026,2,4,April,D008,C003,V011,R02,P008,Hardware expense - Facilities,Direct Debit,Posted,533.36,53.34,586.7,,INV-938651,AUD,1.0
TX002419,2026-04-05,2026,2,4,April,D002,C004,V001,R03,P003,Contractors expense - Finance,Invoice,Posted,1551.93,155.19,1707.12,PO-16224,INV-514284,AUD,1.0
TX002420,2025-03-02,2025,1,3,March,D002,C005,V033,R03,P004,Consulting expense - Finance,Invoice,Posted,850.58,85.06,935.64,PO-48856,INV-183786,AUD,1.0
TX002421,2025-06-19,2025,2,6,June,D001,C002,V034,R03,P008,Cloud Services expense - Information Technology,Direct Debit,Posted,821.4,82.14,903.54,,INV-666539,AUD,1.0
TX002422,2025-01-25,2025,1,1,January,D007,C020,V018,R01,P008,Customer Support Tools expense - Customer Service,Corporate Card,Posted,116.95,11.7,128.65,,,AUD,1.0
TX002423,2025-05-28,2025,2,5,May,D003,C011,V029,R04,P008,Office Supplies expense - Human Resources,Invoice,Posted,463.21,46.32,509.53,PO-98409,INV-275701,AUD,1.0
TX002424,2026-04-14,2026,2,4,April,D008,C003,V011,R04,P008,Hardware expense - Facilities,Invoice,Accrued,569.93,56.99,626.92,PO-78544,INV-557681,AUD,1.0
TX002425,2024-10-27,2024,4,10,October,D003,C007,V035,R05,P008,Training expense - Human Resources,Invoice,Posted,216.55,21.66,238.21,PO-71760,INV-251021,AUD,1.0
TX002426,2025-06-25,2025,2,6,June,D008,C015,V016,R01,P001,Repairs & Maintenance expense - Facilities,Direct Debit,Posted,223.08,22.31,245.39,,INV-381686,AUD,1.0
TX002427,2025-03-24,2025,1,3,March,D002,C016,V035,R01,P003,Insurance expense - Finance,Corporate Card,Posted,283.25,28.33,311.58,,,AUD,1.0
TX002428,2026-02-13,2026,1,2,February,D006,C011,V012,R01,P008,Office Supplies expense - Operations,Direct Debit,Posted,71.77,7.18,78.95,,INV-775614,AUD,1.0
TX002429,2025-12-31,2025,4,12,December,D001,C001,V034,R01,P003,Software & SaaS expense - Information Technology,Invoice,Posted,641.47,64.15,705.62,PO-38917,INV-881675,AUD,1.0
TX002430,2025-10-13,2025,4,10,October,D003,C004,V029,R02,P008,Contractors expense - Human Resources,Invoice,Posted,5955.72,595.57,6551.29,PO-54850,INV-454157,AUD,1.0
TX002431,2024-10-24,2024,4,10,October,D007,C020,V015,R03,P008,Customer Support Tools expense - Customer Service,Invoice,Posted,947.66,94.77,1042.43,PO-19063,INV-477157,AUD,1.0
TX002432,2026-03-18,2026,1,3,March,D007,C007,V015,R02,P008,Training expense - Customer Service,Expense Claim,Posted,347.61,34.76,382.37,,,AUD,1.0
TX002433,2024-10-31,2024,4,10,October,D005,C012,V028,R03,P008,Telecommunications expense - Sales,Invoice,Posted,388.54,38.85,427.39,PO-31369,INV-397191,AUD,1.0
TX002434,2025-07-11,2025,3,7,July,D006,C006,V029,R02,P008,Travel expense - Operations,Corporate Card,Posted,444.43,44.44,488.87,,,AUD,1.0
TX002435,2026-05-10,2026,2,5,May,D005,C006,V027,R02,P001,Travel expense - Sales,Invoice,Posted,529.91,52.99,582.9,PO-42104,INV-703896,AUD,1.0
TX002436,2025-06-07,2025,2,6,June,D001,C012,V033,R01,P008,Telecommunications expense - Information Technology,Invoice,Posted,384.39,38.44,422.83,PO-65613,INV-676427,AUD,1.0
TX002437,2025-10-01,2025,4,10,October,D001,C003,V005,R04,P008,Hardware expense - Information Technology,Invoice,Posted,2200.33,220.03,2420.36,PO-35916,INV-441916,AUD,1.0
TX002438,2025-02-17,2025,1,2,February,D008,C003,V032,R01,P008,Hardware expense - Facilities,Invoice,Posted,395.24,39.52,434.76,PO-58246,INV-585155,AUD,1.0
TX002439,2025-12-14,2025,4,12,December,D005,C009,V022,R05,P005,Advertising expense - Sales,Invoice,Posted,1814.78,181.48,1996.26,PO-95005,INV-351648,AUD,1.0
TX002440,2025-12-05,2025,4,12,December,D007,C004,V029,R02,P008,Contractors expense - Customer Service,Direct Debit,Posted,601.08,60.11,661.19,,INV-335149,USD,1.4929
TX002441,2025-10-01,2025,4,10,October,D006,C004,V024,R03,P002,Contractors expense - Operations,Invoice,Posted,4496.32,449.63,4945.95,PO-95211,INV-428555,AUD,1.0
TX002442,2024-04-08,2024,2,4,April,D002,C007,V020,R03,P003,Training expense - Finance,Invoice,Posted,550.02,55.0,605.02,PO-36805,INV-142320,AUD,1.0
TX002443,2026-03-19,2026,1,3,March,D003,C007,V017,R03,P008,Training expense - Human Resources,Corporate Card,Posted,190.52,19.05,209.57,,,AUD,1.0
TX002444,2024-02-28,2024,1,2,February,D004,C011,V012,R01,P008,Office Supplies expense - Marketing,Invoice,Posted,304.97,30.5,335.47,PO-32658,INV-711057,USD,1.5817
TX002445,2024-07-24,2024,3,7,July,D007,C004,V002,R01,P008,Contractors expense - Customer Service,Direct Debit,Posted,1855.46,185.55,2041.01,,INV-140669,AUD,1.0
TX002446,2025-01-05,2025,1,1,January,D003,C006,V004,R02,P005,Travel expense - Human Resources,Direct Debit,Posted,725.19,72.52,797.71,,INV-242916,AUD,1.0
TX002447,2026-03-30,2026,1,3,March,D004,C004,V006,R01,P006,Contractors expense - Marketing,Expense Claim,Posted,1976.07,197.61,2173.68,,,AUD,1.0
TX002448,2024-11-05,2024,4,11,November,D004,C006,V031,R04,P008,Travel expense - Marketing,Direct Debit,Posted,333.06,33.31,366.37,,INV-584107,AUD,1.0
TX002449,2025-03-13,2025,1,3,March,D007,C001,V009,R01,P004,Software & SaaS expense - Customer Service,Invoice,Posted,659.79,65.98,725.77,PO-50018,INV-687709,AUD,1.0
TX002450,2024-02-05,2024,1,2,February,D003,C008,V035,R02,P008,Recruitment expense - Human Resources,Invoice,Posted,741.39,74.14,815.53,PO-57246,INV-265447,AUD,1.0
TX002451,2024-07-11,2024,3,7,July,D002,C017,V003,R02,P008,Legal & Compliance expense - Finance,Invoice,Accrued,622.32,62.23,684.55,PO-37118,INV-198671,AUD,1.0
TX002452,2025-03-28,2025,1,3,March,D003,C004,V026,R03,P008,Contractors expense - Human Resources,Expense Claim,Posted,305.47,30.55,336.02,,,AUD,1.0
TX002453,2024-03-11,2024,1,3,March,D008,C003,V006,R01,P008,Hardware expense - Facilities,Direct Debit,Posted,3457.08,345.71,3802.79,,INV-952639,AUD,1.0
TX002454,2026-06-06,2026,2,6,June,D001,C001,V011,R01,P003,Software & SaaS expense - Information Technology,Invoice,Posted,852.74,85.27,938.01,PO-78057,INV-597810,AUD,1.0
TX002455,2026-02-27,2026,1,2,February,D007,C007,V030,R01,P008,Training expense - Customer Service,Invoice,Posted,142.9,14.29,157.19,PO-39634,INV-178896,AUD,1.0
TX002456,2026-04-25,2026,2,4,April,D007,C004,V013,R01,P001,Contractors expense - Customer Service,Corporate Card,Posted,1675.58,167.56,1843.14,,,AUD,1.0
TX002457,2026-02-26,2026,1,2,February,D001,C003,V029,R03,P008,Hardware expense - Information Technology,Direct Debit,Posted,1034.77,103.48,1138.25,,INV-584082,AUD,1.0
TX002458,2024-01-24,2024,1,1,January,D001,C003,V026,R02,P004,Hardware expense - Information Technology,Direct Debit,Posted,636.19,63.62,699.81,,INV-328799,AUD,1.0
TX002459,2025-12-07,2025,4,12,December,D008,C003,V021,R01,P002,Hardware expense - Facilities,Invoice,Accrued,1510.95,151.09,1662.04,PO-45959,INV-787828,AUD,1.0
TX002460,2024-02-19,2024,1,2,February,D007,C004,V014,R01,P003,Contractors expense - Customer Service,Direct Debit,Posted,558.98,55.9,614.88,,INV-668025,AUD,1.0
TX002461,2025-12-11,2025,4,12,December,D004,C010,V030,R04,P003,Events expense - Marketing,Direct Debit,Posted,352.11,35.21,387.32,,INV-992252,AUD,1.0
TX002462,2026-06-29,2026,2,6,June,D006,C018,V024,R04,P002,Freight & Logistics expense - Operations,Invoice,Posted,1715.59,171.56,1887.15,PO-37731,INV-750333,AUD,1.0
TX002463,2026-02-26,2026,1,2,February,D002,C007,V014,R05,P008,Training expense - Finance,Invoice,Posted,853.56,85.36,938.92,PO-81127,INV-688034,AUD,1.0
TX002464,2024-07-30,2024,3,7,July,D008,C004,V013,R02,P008,Contractors expense - Facilities,Invoice,Posted,913.97,91.4,1005.37,PO-43467,INV-560299,AUD,1.0
TX002465,2025-01-07,2025,1,1,January,D005,C010,V034,R02,P008,Events expense - Sales,Corporate Card,Posted,655.35,65.54,720.89,,,AUD,1.0
TX002466,2026-02-24,2026,1,2,February,D002,C004,V030,R01,P004,Contractors expense - Finance,Invoice,Posted,235.0,23.5,258.5,PO-44098,INV-475757,AUD,1.0
TX002467,2025-06-09,2025,2,6,June,D005,C001,V018,R02,P002,Software & SaaS expense - Sales,Invoice,Posted,708.11,70.81,778.92,PO-38072,INV-837198,AUD,1.0
TX002468,2025-01-23,2025,1,1,January,D002,C001,V007,R02,P006,Software & SaaS expense - Finance,Invoice,Posted,323.77,32.38,356.15,PO-53626,INV-458293,AUD,1.0
TX002469,2024-12-13,2024,4,12,December,D005,C010,V012,R05,P008,Events expense - Sales,Invoice,Posted,1449.4,144.94,1594.34,PO-40339,INV-624111,AUD,1.0
TX002470,2025-04-07,2025,2,4,April,D002,C005,V018,R04,P003,Consulting expense - Finance,Expense Claim,Posted,1565.65,156.57,1722.22,,,AUD,1.0
TX002471,2025-02-24,2025,1,2,February,D007,C001,V006,R01,P008,Software & SaaS expense - Customer Service,Invoice,Posted,1238.81,123.88,1362.69,PO-78506,INV-494691,AUD,1.0
TX002472,2026-03-30,2026,1,3,March,D008,C011,V029,R03,P008,Office Supplies expense - Facilities,Invoice,Posted,1091.15,109.12,1200.27,PO-96261,INV-924289,AUD,1.0
TX002473,2026-06-14,2026,2,6,June,D001,C005,V029,R01,P008,Consulting expense - Information Technology,Invoice,Posted,2346.28,234.63,2580.91,PO-81250,INV-219015,AUD,1.0
TX002474,2024-03-12,2024,1,3,March,D004,C009,V002,R04,P008,Advertising expense - Marketing,Corporate Card,Posted,363.96,36.4,400.36,,,AUD,1.0
TX002475,2026-02-02,2026,1,2,February,D008,C016,V027,R02,P001,Insurance expense - Facilities,Invoice,Posted,195.58,19.56,215.14,PO-26267,INV-419690,AUD,1.0
TX002476,2026-04-10,2026,2,4,April,D003,C008,V025,R05,P004,Recruitment expense - Human Resources,Invoice,Posted,338.55,33.86,372.41,PO-72387,INV-983498,AUD,1.0
TX002477,2025-12-13,2025,4,12,December,D006,C011,V033,R01,P005,Office Supplies expense - Operations,Direct Debit,Posted,46.28,4.63,50.91,,INV-170083,AUD,1.0
TX002478,2025-10-25,2025,4,10,October,D008,C004,V019,R01,P008,Contractors expense - Facilities,Invoice,Posted,2418.65,241.87,2660.52,PO-63647,INV-846165,AUD,1.0
TX002479,2024-08-05,2024,3,8,August,D004,C004,V033,R02,P008,Contractors expense - Marketing,Corporate Card,Posted,2705.75,270.57,2976.32,,,AUD,1.0
TX002480,2024-04-02,2024,2,4,April,D008,C003,V007,R02,P008,Hardware expense - Facilities,Invoice,Posted,395.96,39.6,435.56,PO-45465,INV-915987,USD,1.5607
TX002481,2025-08-02,2025,3,8,August,D005,C012,V019,R01,P008,Telecommunications expense - Sales,Corporate Card,Posted,93.44,9.34,102.78,,,AUD,1.0
TX002482,2025-12-31,2025,4,12,December,D006,C004,V035,R04,P008,Contractors expense - Operations,Invoice,Posted,1023.73,102.37,1126.1,PO-57081,INV-525075,AUD,1.0
TX002483,2025-11-05,2025,4,11,November,D008,C014,V014,R05,P002,Utilities expense - Facilities,Corporate Card,Posted,1479.83,147.98,1627.81,,,USD,1.5209
TX002484,2024-12-15,2024,4,12,December,D003,C011,V034,R03,P001,Office Supplies expense - Human Resources,Invoice,Posted,238.09,23.81,261.9,PO-85609,INV-226690,AUD,1.0
TX002485,2024-04-28,2024,2,4,April,D007,C001,V017,R01,P008,Software & SaaS expense - Customer Service,Invoice,Posted,333.35,33.34,366.69,PO-76170,INV-352829,AUD,1.0
TX002486,2024-03-02,2024,1,3,March,D008,C011,V020,R04,P003,Office Supplies expense - Facilities,Expense Claim,Posted,569.14,56.91,626.05,,,AUD,1.0
TX002487,2025-07-13,2025,3,7,July,D006,C019,V031,R01,P008,Vehicle Expenses expense - Operations,Invoice,Posted,4138.27,413.83,4552.1,PO-25859,INV-763248,AUD,1.0
TX002488,2024-05-30,2024,2,5,May,D006,C004,V011,R01,P008,Contractors expense - Operations,Direct Debit,Posted,364.87,36.49,401.36,,INV-271363,AUD,1.0
TX002489,2026-02-12,2026,1,2,February,D003,C007,V004,R02,P008,Training expense - Human Resources,Invoice,Posted,310.82,31.08,341.9,PO-57262,INV-853846,AUD,1.0
TX002490,2026-05-13,2026,2,5,May,D004,C010,V024,R05,P008,Events expense - Marketing,Invoice,Posted,711.85,71.19,783.04,PO-24210,INV-905868,AUD,1.0
TX002491,2026-01-04,2026,1,1,January,D001,C020,V031,R01,P008,Customer Support Tools expense - Information Technology,Invoice,Posted,503.78,50.38,554.16,PO-77124,INV-888334,AUD,1.0
TX002492,2026-01-20,2026,1,1,January,D007,C012,V015,R03,P008,Telecommunications expense - Customer Service,Direct Debit,Posted,164.26,16.43,180.69,,INV-639858,AUD,1.0
TX002493,2024-08-28,2024,3,8,August,D005,C012,V028,R01,P003,Telecommunications expense - Sales,Invoice,Posted,382.97,38.3,421.27,PO-90699,INV-529754,AUD,1.0
TX002494,2024-12-21,2024,4,12,December,D001,C020,V018,R02,P004,Customer Support Tools expense - Information Technology,Invoice,Posted,1402.46,140.25,1542.71,PO-98733,INV-389592,AUD,1.0
TX002495,2024-04-01,2024,2,4,April,D003,C008,V018,R01,P008,Recruitment expense - Human Resources,Invoice,Posted,387.01,38.7,425.71,PO-50282,INV-450061,AUD,1.0
TX002496,2026-02-22,2026,1,2,February,D003,C004,V012,R01,P007,Contractors expense - Human Resources,Direct Debit,Accrued,1062.23,106.22,1168.45,,INV-368109,AUD,1.0
TX002497,2024-12-19,2024,4,12,December,D003,C006,V001,R05,P004,Travel expense - Human Resources,Invoice,Posted,829.32,82.93,912.25,PO-15140,INV-868019,USD,1.563
TX002498,2025-01-25,2025,1,1,January,D004,C006,V010,R01,P008,Travel expense - Marketing,Invoice,Posted,648.62,64.86,713.48,PO-54905,INV-842486,AUD,1.0
TX002499,2025-07-25,2025,3,7,July,D004,C009,V002,R03,P008,Advertising expense - Marketing,Invoice,Posted,262.35,26.24,288.59,PO-74561,INV-555580,AUD,1.0
TX002500,2024-08-24,2024,3,8,August,D004,C006,V023,R01,P008,Travel expense - Marketing,Expense Claim,Posted,912.75,91.28,1004.03,,,AUD,1.0
TX002501,2026-03-16,2026,1,3,March,D004,C009,V014,R03,P003,Advertising expense - Marketing,Invoice,Posted,941.6,94.16,1035.76,PO-16973,INV-107241,AUD,1.0
TX002502,2025-07-10,2025,3,7,July,D005,C006,V003,R03,P004,Travel expense - Sales,Invoice,Posted,251.74,25.17,276.91,PO-35775,INV-815967,AUD,1.0
TX002503,2024-05-06,2024,2,5,May,D004,C010,V006,R01,P006,Events expense - Marketing,Direct Debit,Posted,201.38,20.14,221.52,,INV-587315,AUD,1.0
TX002504,2024-08-12,2024,3,8,August,D008,C003,V024,R02,P008,Hardware expense - Facilities,Invoice,Posted,2512.89,251.29,2764.18,PO-60546,INV-666601,AUD,1.0
TX002505,2024-01-17,2024,1,1,January,D007,C007,V020,R01,P008,Training expense - Customer Service,Invoice,Posted,61.18,6.12,67.3,PO-80697,INV-930000,AUD,1.0
TX002506,2024-08-15,2024,3,8,August,D008,C014,V002,R03,P007,Utilities expense - Facilities,Corporate Card,Posted,337.73,33.77,371.5,,,AUD,1.0
TX002507,2025-09-08,2025,3,9,September,D007,C020,V017,R02,P008,Customer Support Tools expense - Customer Service,Expense Claim,Posted,1009.67,100.97,1110.64,,,AUD,1.0
TX002508,2024-02-08,2024,1,2,February,D004,C010,V030,R02,P008,Events expense - Marketing,Invoice,Posted,800.99,80.1,881.09,PO-31624,INV-199198,AUD,1.0
TX002509,2025-08-31,2025,3,8,August,D006,C018,V023,R04,P007,Freight & Logistics expense - Operations,Corporate Card,Posted,8837.15,883.72,9720.87,,,AUD,1.0
TX002510,2024-01-12,2024,1,1,January,D007,C012,V034,R02,P008,Telecommunications expense - Customer Service,Invoice,Posted,267.96,26.8,294.76,PO-49015,INV-618219,AUD,1.0
TX002511,2025-03-03,2025,1,3,March,D008,C003,V035,R04,P008,Hardware expense - Facilities,Corporate Card,Posted,798.56,79.86,878.42,,,AUD,1.0
TX002512,2026-01-18,2026,1,1,January,D001,C002,V010,R02,P003,Cloud Services expense - Information Technology,Invoice,Posted,3861.19,386.12,4247.31,PO-62486,INV-353769,AUD,1.0
TX002513,2025-11-24,2025,4,11,November,D008,C011,V027,R01,P008,Office Supplies expense - Facilities,Corporate Card,Posted,91.84,9.18,101.02,,,AUD,1.0
TX002514,2024-07-24,2024,3,7,July,D006,C006,V024,R04,P004,Travel expense - Operations,Invoice,Posted,390.97,39.1,430.07,PO-74303,INV-327751,AUD,1.0
TX002515,2024-02-02,2024,1,2,February,D001,C002,V010,R03,P002,Cloud Services expense - Information Technology,Invoice,Pending,3323.66,332.37,3656.03,PO-55996,INV-871574,AUD,1.0
TX002516,2025-02-03,2025,1,2,February,D008,C004,V011,R03,P008,Contractors expense - Facilities,Invoice,Posted,4448.51,444.85,4893.36,PO-97494,INV-510451,AUD,1.0
TX002517,2024-01-06,2024,1,1,January,D002,C007,V020,R01,P008,Training expense - Finance,Corporate Card,Posted,310.11,31.01,341.12,,,AUD,1.0
TX002518,2024-07-31,2024,3,7,July,D003,C007,V029,R01,P008,Training expense - Human Resources,Invoice,Posted,615.5,61.55,677.05,PO-77383,INV-474765,AUD,1.0
TX002519,2025-09-20,2025,3,9,September,D006,C019,V028,R05,P002,Vehicle Expenses expense - Operations,Corporate Card,Posted,4945.63,494.56,5440.19,,,AUD,1.0
TX002520,2024-04-09,2024,2,4,April,D007,C007,V024,R04,P008,Training expense - Customer Service,Invoice,Posted,416.18,41.62,457.8,PO-42364,INV-850541,AUD,1.0
TX002521,2024-10-05,2024,4,10,October,D007,C012,V017,R05,P008,Telecommunications expense - Customer Service,Direct Debit,Posted,484.35,48.44,532.79,,INV-846103,AUD,1.0
TX002522,2024-11-29,2024,4,11,November,D003,C008,V022,R05,P001,Recruitment expense - Human Resources,Expense Claim,Posted,312.72,31.27,343.99,,,AUD,1.0
TX002523,2026-03-29,2026,1,3,March,D005,C019,V034,R02,P002,Vehicle Expenses expense - Sales,Invoice,Posted,2713.93,271.39,2985.32,PO-44606,INV-471993,AUD,1.0
TX002524,2024-02-14,2024,1,2,February,D007,C020,V003,R01,P003,Customer Support Tools expense - Customer Service,Invoice,Posted,423.65,42.37,466.02,PO-84796,INV-776252,AUD,1.0
TX002525,2025-08-28,2025,3,8,August,D007,C007,V011,R02,P008,Training expense - Customer Service,Direct Debit,Posted,188.37,18.84,207.21,,INV-525407,AUD,1.0
TX002526,2025-09-01,2025,3,9,September,D006,C004,V007,R05,P003,Contractors expense - Operations,Direct Debit,Posted,2465.73,246.57,2712.3,,INV-646426,AUD,1.0
TX002527,2025-07-13,2025,3,7,July,D001,C002,V019,R01,P005,Cloud Services expense - Information Technology,Invoice,Posted,361.78,36.18,397.96,PO-70234,INV-551215,AUD,1.0
TX002528,2026-01-22,2026,1,1,January,D002,C016,V006,R03,P002,Insurance expense - Finance,Invoice,Posted,281.55,28.16,309.71,PO-99204,INV-524736,USD,1.4857
TX002529,2025-12-16,2025,4,12,December,D006,C006,V033,R02,P006,Travel expense - Operations,Corporate Card,Posted,1242.85,124.28,1367.13,,,AUD,1.0
TX002530,2026-03-17,2026,1,3,March,D005,C001,V014,R01,P008,Software & SaaS expense - Sales,Invoice,Posted,657.37,65.74,723.11,PO-10166,INV-205295,AUD,1.0
TX002531,2026-04-14,2026,2,4,April,D004,C010,V002,R01,P008,Events expense - Marketing,Direct Debit,Posted,407.15,40.72,447.87,,INV-211073,AUD,1.0
TX002532,2026-06-15,2026,2,6,June,D001,C001,V023,R01,P004,Software & SaaS expense - Information Technology,Invoice,Accrued,2535.63,253.56,2789.19,PO-21877,INV-726773,AUD,1.0
TX002533,2024-10-29,2024,4,10,October,D002,C004,V024,R04,P008,Contractors expense - Finance,Invoice,Posted,659.56,65.96,725.52,PO-87740,INV-333424,AUD,1.0
TX002534,2026-05-03,2026,2,5,May,D007,C020,V032,R02,P008,Customer Support Tools expense - Customer Service,Expense Claim,Posted,289.97,29.0,318.97,,,AUD,1.0
TX002535,2024-06-15,2024,2,6,June,D006,C003,V007,R02,P008,Hardware expense - Operations,Expense Claim,Posted,1688.17,168.82,1856.99,,,AUD,1.0
TX002536,2024-03-17,2024,1,3,March,D004,C006,V009,R02,P003,Travel expense - Marketing,Invoice,Posted,2017.75,201.78,2219.53,PO-68846,INV-367267,AUD,1.0
TX002537,2025-07-07,2025,3,7,July,D001,C004,V012,R02,P001,Contractors expense - Information Technology,Corporate Card,Pending,5052.63,505.26,5557.89,,,AUD,1.0
TX002538,2025-08-29,2025,3,8,August,D006,C003,V006,R02,P008,Hardware expense - Operations,Invoice,Posted,547.71,54.77,602.48,PO-20730,INV-227337,AUD,1.0
TX002539,2025-11-14,2025,4,11,November,D003,C011,V015,R03,P008,Office Supplies expense - Human Resources,Invoice,Posted,137.68,13.77,151.45,PO-74922,INV-709022,AUD,1.0
TX002540,2026-01-07,2026,1,1,January,D003,C001,V008,R02,P003,Software & SaaS expense - Human Resources,Corporate Card,Posted,697.98,69.8,767.78,,,AUD,1.0
TX002541,2026-05-16,2026,2,5,May,D002,C017,V025,R01,P008,Legal & Compliance expense - Finance,Invoice,Accrued,911.15,91.12,1002.27,PO-57095,INV-132339,AUD,1.0
TX002542,2024-12-18,2024,4,12,December,D003,C001,V014,R01,P008,Software & SaaS expense - Human Resources,Direct Debit,Posted,284.79,28.48,313.27,,INV-835543,AUD,1.0
TX002543,2024-03-18,2024,1,3,March,D008,C003,V016,R01,P008,Hardware expense - Facilities,Invoice,Posted,455.19,45.52,500.71,PO-62945,INV-112116,AUD,1.0
TX002544,2025-08-27,2025,3,8,August,D006,C018,V030,R01,P008,Freight & Logistics expense - Operations,Corporate Card,Posted,935.6,93.56,1029.16,,,AUD,1.0
TX002545,2025-07-13,2025,3,7,July,D006,C018,V010,R03,P008,Freight & Logistics expense - Operations,Invoice,Posted,1885.08,188.51,2073.59,PO-48057,INV-750429,AUD,1.0
TX002546,2025-01-02,2025,1,1,January,D008,C016,V028,R05,P007,Insurance expense - Facilities,Invoice,Posted,811.48,81.15,892.63,PO-21216,INV-729743,AUD,1.0
TX002547,2026-04-05,2026,2,4,April,D006,C004,V019,R01,P006,Contractors expense - Operations,Corporate Card,Pending,2106.77,210.68,2317.45,,,AUD,1.0
TX002548,2025-11-19,2025,4,11,November,D007,C020,V009,R01,P008,Customer Support Tools expense - Customer Service,Invoice,Posted,498.75,49.88,548.63,PO-61148,INV-505742,AUD,1.0
TX002549,2024-05-20,2024,2,5,May,D007,C012,V034,R01,P003,Telecommunications expense - Customer Service,Direct Debit,Posted,292.5,29.25,321.75,,INV-148205,USD,1.5513
TX002550,2024-05-07,2024,2,5,May,D007,C007,V032,R01,P008,Training expense - Customer Service,Invoice,Posted,499.65,49.97,549.62,PO-75174,INV-238555,AUD,1.0
TX002551,2024-07-30,2024,3,7,July,D002,C016,V018,R05,P005,Insurance expense - Finance,Invoice,Posted,264.82,26.48,291.3,PO-14436,INV-100721,AUD,1.0
TX002552,2025-06-17,2025,2,6,June,D006,C019,V020,R04,P008,Vehicle Expenses expense - Operations,Invoice,Accrued,2409.48,240.95,2650.43,PO-17414,INV-455969,AUD,1.0
TX002553,2026-03-02,2026,1,3,March,D003,C001,V015,R03,P008,Software & SaaS expense - Human Resources,Invoice,Posted,391.25,39.12,430.37,PO-64225,INV-117467,AUD,1.0
TX002554,2024-12-03,2024,4,12,December,D004,C006,V009,R03,P004,Travel expense - Marketing,Invoice,Posted,1365.63,136.56,1502.19,PO-85845,INV-384025,AUD,1.0
TX002555,2024-09-21,2024,3,9,September,D004,C011,V005,R01,P008,Office Supplies expense - Marketing,Corporate Card,Posted,216.95,21.7,238.65,,,AUD,1.0
TX002556,2026-05-13,2026,2,5,May,D008,C016,V010,R02,P008,Insurance expense - Facilities,Corporate Card,Posted,630.43,63.04,693.47,,,AUD,1.0
TX002557,2025-06-27,2025,2,6,June,D003,C004,V034,R01,P008,Contractors expense - Human Resources,Direct Debit,Posted,2431.06,243.11,2674.17,,INV-585662,AUD,1.0
TX002558,2025-06-15,2025,2,6,June,D007,C004,V031,R03,P005,Contractors expense - Customer Service,Expense Claim,Posted,1528.32,152.83,1681.15,,,AUD,1.0
TX002559,2024-08-06,2024,3,8,August,D005,C012,V013,R02,P008,Telecommunications expense - Sales,Invoice,Posted,634.7,63.47,698.17,PO-52195,INV-312440,AUD,1.0
TX002560,2024-11-30,2024,4,11,November,D002,C001,V012,R04,P008,Software & SaaS expense - Finance,Expense Claim,Posted,1108.48,110.85,1219.33,,,AUD,1.0
TX002561,2025-07-21,2025,3,7,July,D003,C008,V017,R05,P003,Recruitment expense - Human Resources,Invoice,Posted,337.05,33.71,370.76,PO-26843,INV-666582,AUD,1.0
TX002562,2025-07-13,2025,3,7,July,D008,C011,V033,R01,P008,Office Supplies expense - Facilities,Invoice,Posted,173.53,17.35,190.88,PO-19470,INV-817241,AUD,1.0
TX002563,2026-05-12,2026,2,5,May,D004,C011,V013,R04,P008,Office Supplies expense - Marketing,Invoice,Posted,347.14,34.71,381.85,PO-48736,INV-846452,AUD,1.0
TX002564,2024-03-25,2024,1,3,March,D005,C009,V008,R01,P008,Advertising expense - Sales,Invoice,Posted,808.42,80.84,889.26,PO-88315,INV-500504,AUD,1.0
TX002565,2024-11-09,2024,4,11,November,D006,C019,V014,R02,P004,Vehicle Expenses expense - Operations,Corporate Card,Posted,335.29,33.53,368.82,,,AUD,1.0
TX002566,2025-11-30,2025,4,11,November,D006,C004,V018,R01,P004,Contractors expense - Operations,Corporate Card,Posted,779.54,77.95,857.49,,,AUD,1.0
TX002567,2024-02-16,2024,1,2,February,D004,C011,V032,R01,P004,Office Supplies expense - Marketing,Corporate Card,Posted,121.34,12.13,133.47,,,AUD,1.0
TX002568,2025-10-03,2025,4,10,October,D002,C016,V031,R02,P008,Insurance expense - Finance,Corporate Card,Posted,451.59,45.16,496.75,,,AUD,1.0
TX002569,2024-04-28,2024,2,4,April,D006,C018,V017,R02,P008,Freight & Logistics expense - Operations,Direct Debit,Posted,815.27,81.53,896.8,,INV-402478,AUD,1.0
TX002570,2025-08-20,2025,3,8,August,D001,C002,V012,R01,P003,Cloud Services expense - Information Technology,Invoice,Posted,555.31,55.53,610.84,PO-11806,INV-403916,AUD,1.0
TX002571,2025-04-06,2025,2,4,April,D004,C011,V034,R01,P005,Office Supplies expense - Marketing,Invoice,Posted,121.92,12.19,134.11,PO-75060,INV-368265,AUD,1.0
TX002572,2024-01-07,2024,1,1,January,D008,C003,V023,R01,P006,Hardware expense - Facilities,Corporate Card,Pending,2334.06,233.41,2567.47,,,AUD,1.0
TX002573,2026-05-22,2026,2,5,May,D003,C001,V035,R04,P003,Software & SaaS expense - Human Resources,Direct Debit,Posted,318.13,31.81,349.94,,INV-663279,AUD,1.0
TX002574,2024-06-17,2024,2,6,June,D008,C014,V009,R04,P008,Utilities expense - Facilities,Invoice,Posted,482.41,48.24,530.65,PO-49238,INV-856990,AUD,1.0
TX002575,2026-03-08,2026,1,3,March,D006,C019,V011,R02,P008,Vehicle Expenses expense - Operations,Invoice,Posted,1034.99,103.5,1138.49,PO-45804,INV-669461,AUD,1.0
TX002576,2024-12-26,2024,4,12,December,D004,C001,V017,R01,P004,Software & SaaS expense - Marketing,Direct Debit,Posted,563.27,56.33,619.6,,INV-689741,AUD,1.0
TX002577,2024-04-03,2024,2,4,April,D002,C007,V028,R03,P008,Training expense - Finance,Invoice,Posted,221.62,22.16,243.78,PO-40807,INV-590400,AUD,1.0
TX002578,2025-07-24,2025,3,7,July,D002,C006,V015,R03,P001,Travel expense - Finance,Expense Claim,Posted,822.62,82.26,904.88,,,AUD,1.0
TX002579,2026-01-14,2026,1,1,January,D006,C018,V024,R01,P005,Freight & Logistics expense - Operations,Invoice,Posted,1764.6,176.46,1941.06,PO-35864,INV-209472,AUD,1.0
TX002580,2024-08-01,2024,3,8,August,D007,C004,V032,R04,P006,Contractors expense - Customer Service,Invoice,Posted,834.47,83.45,917.92,PO-84443,INV-319781,AUD,1.0
TX002581,2025-01-04,2025,1,1,January,D007,C001,V006,R01,P008,Software & SaaS expense - Customer Service,Direct Debit,Posted,431.64,43.16,474.8,,INV-670865,USD,1.4535
TX002582,2026-03-29,2026,1,3,March,D005,C006,V009,R02,P008,Travel expense - Sales,Invoice,Posted,245.73,24.57,270.3,PO-25070,INV-480968,AUD,1.0
TX002583,2026-06-05,2026,2,6,June,D001,C001,V007,R01,P002,Software & SaaS expense - Information Technology,Invoice,Posted,880.41,88.04,968.45,PO-64093,INV-363312,AUD,1.0
TX002584,2025-05-26,2025,2,5,May,D003,C001,V001,R01,P008,Software & SaaS expense - Human Resources,Direct Debit,Posted,1053.54,105.35,1158.89,,INV-963307,AUD,1.0
TX002585,2024-09-13,2024,3,9,September,D008,C015,V006,R03,P005,Repairs & Maintenance expense - Facilities,Invoice,Posted,64.84,6.48,71.32,PO-69531,INV-742878,AUD,1.0
TX002586,2025-08-09,2025,3,8,August,D007,C012,V012,R03,P006,Telecommunications expense - Customer Service,Invoice,Posted,337.32,33.73,371.05,PO-50049,INV-334588,AUD,1.0
TX002587,2025-11-21,2025,4,11,November,D003,C001,V029,R01,P008,Software & SaaS expense - Human Resources,Invoice,Posted,4030.3,403.03,4433.33,PO-57714,INV-479492,AUD,1.0
TX002588,2025-11-29,2025,4,11,November,D008,C014,V032,R01,P008,Utilities expense - Facilities,Corporate Card,Posted,635.23,63.52,698.75,,,AUD,1.0
TX002589,2026-05-03,2026,2,5,May,D008,C015,V012,R02,P008,Repairs & Maintenance expense - Facilities,Invoice,Posted,4003.02,400.3,4403.32,PO-76635,INV-678630,USD,1.5136
TX002590,2025-12-05,2025,4,12,December,D007,C001,V022,R01,P008,Software & SaaS expense - Customer Service,Expense Claim,Pending,1529.21,152.92,1682.13,,,AUD,1.0
TX002591,2025-05-05,2025,2,5,May,D005,C006,V027,R05,P008,Travel expense - Sales,Invoice,Posted,264.81,26.48,291.29,PO-65613,INV-940876,AUD,1.0
TX002592,2026-02-22,2026,1,2,February,D006,C018,V017,R02,P008,Freight & Logistics expense - Operations,Corporate Card,Posted,2916.53,291.65,3208.18,,,AUD,1.0
TX002593,2026-04-18,2026,2,4,April,D005,C010,V016,R03,P005,Events expense - Sales,Invoice,Posted,462.45,46.25,508.7,PO-93692,INV-236009,AUD,1.0
TX002594,2024-09-16,2024,3,9,September,D001,C020,V011,R01,P007,Customer Support Tools expense - Information Technology,Corporate Card,Posted,1780.63,178.06,1958.69,,,AUD,1.0
TX002595,2024-08-20,2024,3,8,August,D005,C009,V023,R04,P004,Advertising expense - Sales,Invoice,Posted,171.66,17.17,188.83,PO-79742,INV-326400,USD,1.5287
TX002596,2024-07-22,2024,3,7,July,D006,C011,V008,R02,P003,Office Supplies expense - Operations,Invoice,Posted,98.53,9.85,108.38,PO-46267,INV-950838,AUD,1.0
TX002597,2026-03-10,2026,1,3,March,D001,C004,V018,R01,P003,Contractors expense - Information Technology,Direct Debit,Posted,3115.04,311.5,3426.54,,INV-429489,AUD,1.0
TX002598,2024-04-15,2024,2,4,April,D001,C020,V024,R03,P002,Customer Support Tools expense - Information Technology,Invoice,Posted,849.86,84.99,934.85,PO-48188,INV-513734,AUD,1.0
TX002599,2025-04-23,2025,2,4,April,D005,C019,V026,R02,P008,Vehicle Expenses expense - Sales,Corporate Card,Posted,136.96,13.7,150.66,,,AUD,1.0
TX002600,2024-05-30,2024,2,5,May,D001,C012,V005,R05,P008,Telecommunications expense - Information Technology,Invoice,Posted,173.26,17.33,190.59,PO-88161,INV-443825,AUD,1.0
TX002601,2024-04-27,2024,2,4,April,D007,C007,V030,R05,P004,Training expense - Customer Service,Invoice,Posted,255.11,25.51,280.62,PO-12847,INV-547863,AUD,1.0
TX002602,2024-03-30,2024,1,3,March,D005,C009,V024,R01,P005,Advertising expense - Sales,Invoice,Accrued,2343.8,234.38,2578.18,PO-97645,INV-894192,AUD,1.0
TX002603,2026-02-25,2026,1,2,February,D003,C007,V002,R01,P008,Training expense - Human Resources,Invoice,Posted,1616.26,161.63,1777.89,PO-73030,INV-189334,AUD,1.0
TX002604,2025-10-13,2025,4,10,October,D002,C004,V026,R02,P004,Contractors expense - Finance,Invoice,Posted,1847.84,184.78,2032.62,PO-87103,INV-646221,AUD,1.0
TX002605,2024-10-31,2024,4,10,October,D002,C016,V016,R03,P003,Insurance expense - Finance,Invoice,Posted,429.1,42.91,472.01,PO-11534,INV-613046,AUD,1.0
TX002606,2025-08-15,2025,3,8,August,D002,C017,V026,R01,P008,Legal & Compliance expense - Finance,Direct Debit,Posted,1227.3,122.73,1350.03,,INV-620049,AUD,1.0
TX002607,2024-02-06,2024,1,2,February,D008,C014,V020,R01,P008,Utilities expense - Facilities,Invoice,Posted,564.21,56.42,620.63,PO-43332,INV-642684,AUD,1.0
TX002608,2026-05-11,2026,2,5,May,D006,C011,V022,R01,P008,Office Supplies expense - Operations,Invoice,Posted,431.68,43.17,474.85,PO-26947,INV-602486,AUD,1.0
TX002609,2024-07-08,2024,3,7,July,D001,C005,V029,R01,P002,Consulting expense - Information Technology,Invoice,Posted,1795.82,179.58,1975.4,PO-43597,INV-357639,AUD,1.0
TX002610,2026-01-27,2026,1,1,January,D002,C006,V033,R02,P008,Travel expense - Finance,Direct Debit,Posted,605.69,60.57,666.26,,INV-295234,USD,1.5381
TX002611,2025-10-02,2025,4,10,October,D001,C004,V001,R03,P006,Contractors expense - Information Technology,Direct Debit,Posted,518.48,51.85,570.33,,INV-316764,AUD,1.0
TX002612,2026-05-03,2026,2,5,May,D001,C002,V026,R03,P008,Cloud Services expense - Information Technology,Expense Claim,Posted,1512.7,151.27,1663.97,,,AUD,1.0
TX002613,2024-09-08,2024,3,9,September,D006,C011,V016,R01,P008,Office Supplies expense - Operations,Invoice,Posted,408.68,40.87,449.55,PO-33593,INV-815776,AUD,1.0
TX002614,2025-04-19,2025,2,4,April,D004,C004,V023,R01,P002,Contractors expense - Marketing,Direct Debit,Posted,726.44,72.64,799.08,,INV-310216,AUD,1.0
TX002615,2024-03-21,2024,1,3,March,D003,C011,V025,R01,P008,Office Supplies expense - Human Resources,Direct Debit,Posted,471.39,47.14,518.53,,INV-349051,AUD,1.0
TX002616,2024-02-27,2024,1,2,February,D006,C006,V014,R02,P008,Travel expense - Operations,Corporate Card,Posted,1553.17,155.32,1708.49,,,AUD,1.0
TX002617,2024-07-28,2024,3,7,July,D003,C006,V021,R04,P005,Travel expense - Human Resources,Invoice,Posted,68.26,6.83,75.09,PO-29049,INV-811449,AUD,1.0
TX002618,2024-07-11,2024,3,7,July,D003,C007,V023,R05,P008,Training expense - Human Resources,Invoice,Posted,58.32,5.83,64.15,PO-79188,INV-921498,AUD,1.0
TX002619,2025-06-22,2025,2,6,June,D002,C005,V016,R04,P008,Consulting expense - Finance,Invoice,Posted,375.56,37.56,413.12,PO-91340,INV-444294,AUD,1.0
TX002620,2026-05-15,2026,2,5,May,D005,C009,V007,R03,P008,Advertising expense - Sales,Direct Debit,Posted,2031.05,203.11,2234.16,,INV-395409,AUD,1.0
TX002621,2025-08-22,2025,3,8,August,D002,C016,V033,R04,P008,Insurance expense - Finance,Invoice,Posted,581.31,58.13,639.44,PO-53573,INV-128062,AUD,1.0
TX002622,2025-03-30,2025,1,3,March,D007,C020,V023,R05,P005,Customer Support Tools expense - Customer Service,Direct Debit,Posted,1385.74,138.57,1524.31,,INV-635591,AUD,1.0
TX002623,2024-03-20,2024,1,3,March,D001,C005,V010,R03,P002,Consulting expense - Information Technology,Invoice,Posted,899.61,89.96,989.57,PO-75097,INV-617115,AUD,1.0
TX002624,2024-10-05,2024,4,10,October,D006,C018,V008,R04,P005,Freight & Logistics expense - Operations,Invoice,Posted,577.85,57.79,635.64,PO-42547,INV-605966,AUD,1.0
TX002625,2025-09-02,2025,3,9,September,D008,C014,V019,R01,P008,Utilities expense - Facilities,Direct Debit,Posted,797.72,79.77,877.49,,INV-584279,AUD,1.0
TX002626,2024-09-28,2024,3,9,September,D002,C006,V022,R02,P003,Travel expense - Finance,Invoice,Posted,1482.66,148.27,1630.93,PO-38966,INV-460192,AUD,1.0
TX002627,2024-01-31,2024,1,1,January,D003,C007,V002,R02,P004,Training expense - Human Resources,Invoice,Posted,231.4,23.14,254.54,PO-29336,INV-812549,AUD,1.0
TX002628,2025-05-09,2025,2,5,May,D007,C007,V019,R01,P001,Training expense - Customer Service,Invoice,Posted,379.43,37.94,417.37,PO-16478,INV-158596,AUD,1.0
TX002629,2024-12-13,2024,4,12,December,D005,C009,V019,R01,P004,Advertising expense - Sales,Invoice,Accrued,875.79,87.58,963.37,PO-34554,INV-229002,AUD,1.0
TX002630,2025-03-10,2025,1,3,March,D004,C004,V031,R01,P008,Contractors expense - Marketing,Invoice,Posted,10500.48,1050.05,11550.53,PO-90315,INV-473420,AUD,1.0
TX002631,2026-02-15,2026,1,2,February,D001,C003,V006,R05,P008,Hardware expense - Information Technology,Corporate Card,Posted,314.81,31.48,346.29,,,AUD,1.0
TX002632,2024-03-31,2024,1,3,March,D006,C006,V011,R03,P008,Travel expense - Operations,Invoice,Posted,627.89,62.79,690.68,PO-90748,INV-814761,AUD,1.0
TX002633,2024-09-05,2024,3,9,September,D002,C016,V034,R03,P001,Insurance expense - Finance,Invoice,Posted,538.98,53.9,592.88,PO-82334,INV-306468,AUD,1.0
TX002634,2025-09-03,2025,3,9,September,D002,C001,V012,R01,P008,Software & SaaS expense - Finance,Invoice,Posted,372.25,37.23,409.48,PO-98849,INV-869201,AUD,1.0
TX002635,2024-08-31,2024,3,8,August,D004,C010,V003,R02,P008,Events expense - Marketing,Invoice,Posted,1034.13,103.41,1137.54,PO-95836,INV-165833,AUD,1.0
TX002636,2025-07-27,2025,3,7,July,D004,C010,V029,R01,P008,Events expense - Marketing,Invoice,Posted,861.87,86.19,948.06,PO-45778,INV-984288,AUD,1.0
TX002637,2026-04-03,2026,2,4,April,D003,C011,V033,R01,P004,Office Supplies expense - Human Resources,Invoice,Posted,304.49,30.45,334.94,PO-73010,INV-391602,AUD,1.0
TX002638,2024-06-01,2024,2,6,June,D007,C007,V030,R01,P001,Training expense - Customer Service,Corporate Card,Posted,351.96,35.2,387.16,,,AUD,1.0
TX002639,2026-04-20,2026,2,4,April,D007,C012,V021,R01,P008,Telecommunications expense - Customer Service,Invoice,Posted,418.86,41.89,460.75,PO-45733,INV-738985,AUD,1.0
TX002640,2025-08-03,2025,3,8,August,D003,C006,V006,R02,P007,Travel expense - Human Resources,Expense Claim,Posted,460.46,46.05,506.51,,,AUD,1.0
TX002641,2024-09-12,2024,3,9,September,D002,C017,V026,R01,P008,Legal & Compliance expense - Finance,Corporate Card,Posted,459.93,45.99,505.92,,,AUD,1.0
TX002642,2025-01-22,2025,1,1,January,D001,C020,V025,R02,P008,Customer Support Tools expense - Information Technology,Expense Claim,Accrued,564.5,56.45,620.95,,,AUD,1.0
TX002643,2024-05-04,2024,2,5,May,D003,C004,V016,R02,P008,Contractors expense - Human Resources,Expense Claim,Posted,3056.34,305.63,3361.97,,,AUD,1.0
TX002644,2025-07-27,2025,3,7,July,D008,C004,V030,R01,P001,Contractors expense - Facilities,Invoice,Pending,802.04,80.2,882.24,PO-98537,INV-846899,AUD,1.0
TX002645,2024-03-06,2024,1,3,March,D004,C010,V034,R02,P008,Events expense - Marketing,Invoice,Posted,3935.64,393.56,4329.2,PO-52973,INV-712495,AUD,1.0
TX002646,2025-01-29,2025,1,1,January,D006,C019,V024,R03,P008,Vehicle Expenses expense - Operations,Invoice,Posted,1811.57,181.16,1992.73,PO-56210,INV-453710,AUD,1.0
TX002647,2024-03-09,2024,1,3,March,D003,C007,V028,R03,P008,Training expense - Human Resources,Corporate Card,Posted,183.84,18.38,202.22,,,AUD,1.0
TX002648,2024-08-17,2024,3,8,August,D003,C007,V017,R01,P007,Training expense - Human Resources,Direct Debit,Posted,698.45,69.85,768.3,,INV-164436,AUD,1.0
TX002649,2024-10-25,2024,4,10,October,D003,C001,V029,R05,P008,Software & SaaS expense - Human Resources,Direct Debit,Posted,323.1,32.31,355.41,,INV-186845,AUD,1.0
TX002650,2025-10-08,2025,4,10,October,D002,C007,V002,R05,P005,Training expense - Finance,Corporate Card,Posted,538.88,53.89,592.77,,,AUD,1.0
TX002651,2026-05-22,2026,2,5,May,D006,C003,V013,R02,P008,Hardware expense - Operations,Direct Debit,Posted,1525.42,152.54,1677.96,,INV-314760,AUD,1.0
TX002652,2024-07-09,2024,3,7,July,D008,C015,V018,R02,P008,Repairs & Maintenance expense - Facilities,Invoice,Accrued,304.82,30.48,335.3,PO-76244,INV-745506,AUD,1.0
TX002653,2024-03-20,2024,1,3,March,D008,C003,V006,R01,P003,Hardware expense - Facilities,Direct Debit,Posted,940.9,94.09,1034.99,,INV-409824,AUD,1.0
TX002654,2025-08-17,2025,3,8,August,D007,C007,V009,R03,P001,Training expense - Customer Service,Invoice,Posted,247.17,24.72,271.89,PO-24819,INV-940720,AUD,1.0
TX002655,2024-10-23,2024,4,10,October,D004,C006,V013,R04,P008,Travel expense - Marketing,Invoice,Posted,2142.27,214.23,2356.5,PO-11420,INV-724257,AUD,1.0
TX002656,2026-02-08,2026,1,2,February,D003,C004,V030,R01,P008,Contractors expense - Human Resources,Invoice,Posted,414.32,41.43,455.75,PO-68590,INV-350826,AUD,1.0
TX002657,2026-05-04,2026,2,5,May,D003,C001,V009,R01,P002,Software & SaaS expense - Human Resources,Invoice,Posted,907.7,90.77,998.47,PO-62185,INV-997469,AUD,1.0
TX002658,2024-02-14,2024,1,2,February,D003,C004,V027,R01,P002,Contractors expense - Human Resources,Invoice,Posted,4149.03,414.9,4563.93,PO-52711,INV-447872,AUD,1.0
TX002659,2024-12-12,2024,4,12,December,D003,C007,V004,R02,P002,Training expense - Human Resources,Direct Debit,Posted,405.12,40.51,445.63,,INV-859193,AUD,1.0
TX002660,2024-11-17,2024,4,11,November,D002,C001,V028,R01,P008,Software & SaaS expense - Finance,Invoice,Accrued,1069.23,106.92,1176.15,PO-19305,INV-286469,AUD,1.0
TX002661,2024-03-26,2024,1,3,March,D002,C017,V013,R02,P008,Legal & Compliance expense - Finance,Invoice,Posted,261.06,26.11,287.17,PO-40323,INV-117509,AUD,1.0
TX002662,2025-10-06,2025,4,10,October,D006,C006,V021,R02,P008,Travel expense - Operations,Invoice,Posted,553.33,55.33,608.66,PO-29042,INV-213532,AUD,1.0
TX002663,2025-12-24,2025,4,12,December,D004,C001,V017,R01,P003,Software & SaaS expense - Marketing,Invoice,Posted,787.16,78.72,865.88,PO-24466,INV-701397,AUD,1.0
TX002664,2024-01-26,2024,1,1,January,D003,C011,V005,R01,P001,Office Supplies expense - Human Resources,Invoice,Posted,160.15,16.02,176.17,PO-89533,INV-332110,AUD,1.0
TX002665,2024-07-13,2024,3,7,July,D005,C010,V015,R03,P008,Events expense - Sales,Corporate Card,Posted,475.34,47.53,522.87,,,AUD,1.0
TX002666,2025-04-21,2025,2,4,April,D001,C001,V019,R02,P008,Software & SaaS expense - Information Technology,Invoice,Posted,574.65,57.47,632.12,PO-70610,INV-111244,AUD,1.0
TX002667,2026-04-28,2026,2,4,April,D005,C010,V022,R01,P008,Events expense - Sales,Invoice,Posted,6212.17,621.22,6833.39,PO-39356,INV-322475,AUD,1.0
TX002668,2025-10-04,2025,4,10,October,D008,C003,V035,R02,P008,Hardware expense - Facilities,Invoice,Posted,630.14,63.01,693.15,PO-56478,INV-733661,AUD,1.0
TX002669,2024-04-06,2024,2,4,April,D008,C015,V016,R01,P008,Repairs & Maintenance expense - Facilities,Corporate Card,Posted,926.53,92.65,1019.18,,,AUD,1.0
TX002670,2025-10-28,2025,4,10,October,D002,C006,V025,R02,P008,Travel expense - Finance,Invoice,Posted,390.89,39.09,429.98,PO-49318,INV-145256,AUD,1.0
TX002671,2025-01-29,2025,1,1,January,D006,C019,V023,R03,P008,Vehicle Expenses expense - Operations,Direct Debit,Posted,637.56,63.76,701.32,,INV-993902,AUD,1.0
TX002672,2025-01-26,2025,1,1,January,D006,C003,V001,R02,P006,Hardware expense - Operations,Invoice,Accrued,636.04,63.6,699.64,PO-33892,INV-572034,AUD,1.0
TX002673,2024-04-23,2024,2,4,April,D003,C007,V025,R01,P002,Training expense - Human Resources,Invoice,Posted,77.57,7.76,85.33,PO-13458,INV-735818,AUD,1.0
TX002674,2026-06-26,2026,2,6,June,D004,C009,V005,R04,P008,Advertising expense - Marketing,Invoice,Posted,3848.79,384.88,4233.67,PO-16417,INV-151368,AUD,1.0
TX002675,2026-06-12,2026,2,6,June,D004,C004,V011,R02,P006,Contractors expense - Marketing,Direct Debit,Posted,1758.73,175.87,1934.6,,INV-584266,AUD,1.0
TX002676,2025-04-21,2025,2,4,April,D008,C016,V018,R02,P001,Insurance expense - Facilities,Corporate Card,Posted,670.13,67.01,737.14,,,AUD,1.0
TX002677,2024-04-12,2024,2,4,April,D002,C007,V026,R01,P008,Training expense - Finance,Invoice,Posted,273.71,27.37,301.08,PO-83784,INV-819162,AUD,1.0
TX002678,2024-04-24,2024,2,4,April,D003,C004,V008,R01,P008,Contractors expense - Human Resources,Invoice,Posted,4349.97,435.0,4784.97,PO-96887,INV-581887,AUD,1.0
TX002679,2026-03-27,2026,1,3,March,D005,C019,V012,R02,P008,Vehicle Expenses expense - Sales,Invoice,Posted,681.89,68.19,750.08,PO-78805,INV-536276,AUD,1.0
TX002680,2025-10-16,2025,4,10,October,D008,C004,V009,R01,P002,Contractors expense - Facilities,Invoice,Accrued,2983.89,298.39,3282.28,PO-46982,INV-623371,AUD,1.0
TX002681,2025-04-06,2025,2,4,April,D004,C006,V022,R04,P008,Travel expense - Marketing,Invoice,Posted,666.21,66.62,732.83,PO-87365,INV-592490,AUD,1.0
TX002682,2026-02-08,2026,1,2,February,D002,C004,V006,R01,P008,Contractors expense - Finance,Invoice,Posted,1942.32,194.23,2136.55,PO-26133,INV-255927,AUD,1.0
TX002683,2025-01-25,2025,1,1,January,D008,C003,V013,R02,P008,Hardware expense - Facilities,Invoice,Posted,545.15,54.52,599.67,PO-82759,INV-601628,AUD,1.0
TX002684,2025-07-24,2025,3,7,July,D004,C001,V009,R01,P006,Software & SaaS expense - Marketing,Direct Debit,Posted,1079.63,107.96,1187.59,,INV-984057,AUD,1.0
TX002685,2024-12-05,2024,4,12,December,D003,C007,V018,R03,P001,Training expense - Human Resources,Invoice,Posted,146.55,14.66,161.21,PO-97091,INV-717856,AUD,1.0
TX002686,2024-07-20,2024,3,7,July,D005,C019,V011,R01,P008,Vehicle Expenses expense - Sales,Invoice,Posted,1304.92,130.49,1435.41,PO-66557,INV-451951,AUD,1.0
TX002687,2024-01-09,2024,1,1,January,D004,C010,V029,R03,P008,Events expense - Marketing,Corporate Card,Accrued,396.98,39.7,436.68,,,AUD,1.0
TX002688,2025-12-10,2025,4,12,December,D008,C015,V006,R02,P008,Repairs & Maintenance expense - Facilities,Direct Debit,Posted,519.67,51.97,571.64,,INV-771863,AUD,1.0
TX002689,2024-11-22,2024,4,11,November,D004,C006,V005,R01,P008,Travel expense - Marketing,Invoice,Posted,294.7,29.47,324.17,PO-70218,INV-265592,AUD,1.0
TX002690,2024-02-21,2024,1,2,February,D005,C012,V025,R01,P008,Telecommunications expense - Sales,Invoice,Posted,874.31,87.43,961.74,PO-90191,INV-369045,AUD,1.0
TX002691,2024-07-20,2024,3,7,July,D004,C010,V030,R01,P008,Events expense - Marketing,Invoice,Posted,834.74,83.47,918.21,PO-85918,INV-774461,AUD,1.0
TX002692,2024-10-06,2024,4,10,October,D005,C001,V002,R01,P008,Software & SaaS expense - Sales,Direct Debit,Posted,162.84,16.28,179.12,,INV-302324,AUD,1.0
TX002693,2024-12-23,2024,4,12,December,D005,C012,V001,R01,P008,Telecommunications expense - Sales,Invoice,Posted,134.18,13.42,147.6,PO-64481,INV-740989,AUD,1.0
TX002694,2025-09-29,2025,3,9,September,D002,C004,V016,R05,P008,Contractors expense - Finance,Direct Debit,Posted,1022.32,102.23,1124.55,,INV-193483,AUD,1.0
TX002695,2024-11-28,2024,4,11,November,D008,C003,V024,R04,P004,Hardware expense - Facilities,Direct Debit,Posted,610.18,61.02,671.2,,INV-820493,AUD,1.0
TX002696,2024-06-14,2024,2,6,June,D007,C004,V021,R01,P008,Contractors expense - Customer Service,Corporate Card,Posted,887.97,88.8,976.77,,,AUD,1.0
TX002697,2025-12-13,2025,4,12,December,D003,C004,V001,R03,P008,Contractors expense - Human Resources,Corporate Card,Posted,1522.9,152.29,1675.19,,,AUD,1.0
TX002698,2024-10-09,2024,4,10,October,D007,C012,V022,R04,P008,Telecommunications expense - Customer Service,Corporate Card,Posted,693.67,69.37,763.04,,,AUD,1.0
TX002699,2024-02-21,2024,1,2,February,D004,C010,V004,R02,P008,Events expense - Marketing,Invoice,Posted,575.49,57.55,633.04,PO-21194,INV-876169,AUD,1.0
TX002700,2024-06-30,2024,2,6,June,D001,C002,V032,R01,P008,Cloud Services expense - Information Technology,Invoice,Posted,1066.22,106.62,1172.84,PO-43173,INV-796734,AUD,1.0
TX002701,2026-04-29,2026,2,4,April,D002,C007,V018,R03,P008,Training expense - Finance,Invoice,Posted,149.06,14.91,163.97,PO-11616,INV-247302,AUD,1.0
TX002702,2025-06-14,2025,2,6,June,D006,C018,V028,R04,P001,Freight & Logistics expense - Operations,Invoice,Posted,12647.6,1264.76,13912.36,PO-97422,INV-491339,AUD,1.0
TX002703,2026-01-14,2026,1,1,January,D008,C014,V022,R01,P001,Utilities expense - Facilities,Direct Debit,Posted,862.01,86.2,948.21,,INV-207630,AUD,1.0
TX002704,2025-10-28,2025,4,10,October,D005,C006,V018,R02,P008,Travel expense - Sales,Invoice,Posted,679.64,67.96,747.6,PO-77270,INV-479392,AUD,1.0
TX002705,2025-12-11,2025,4,12,December,D007,C020,V019,R02,P008,Customer Support Tools expense - Customer Service,Invoice,Posted,1569.91,156.99,1726.9,PO-14001,INV-213322,AUD,1.0
TX002706,2025-04-06,2025,2,4,April,D005,C001,V033,R01,P008,Software & SaaS expense - Sales,Invoice,Posted,1882.56,188.26,2070.82,PO-62854,INV-481668,USD,1.527
TX002707,2025-10-01,2025,4,10,October,D005,C012,V030,R01,P008,Telecommunications expense - Sales,Invoice,Accrued,93.14,9.31,102.45,PO-23340,INV-536566,AUD,1.0
TX002708,2024-11-15,2024,4,11,November,D005,C019,V021,R03,P002,Vehicle Expenses expense - Sales,Invoice,Accrued,522.46,52.25,574.71,PO-22894,INV-299950,AUD,1.0
TX002709,2024-03-04,2024,1,3,March,D006,C004,V035,R01,P005,Contractors expense - Operations,Invoice,Posted,1099.41,109.94,1209.35,PO-26434,INV-254718,AUD,1.0
TX002710,2026-06-21,2026,2,6,June,D005,C010,V006,R01,P006,Events expense - Sales,Invoice,Posted,467.35,46.74,514.09,PO-60445,INV-131077,AUD,1.0
TX002711,2024-11-14,2024,4,11,November,D003,C008,V035,R04,P003,Recruitment expense - Human Resources,Direct Debit,Accrued,377.97,37.8,415.77,,INV-417072,AUD,1.0
TX002712,2024-02-23,2024,1,2,February,D008,C013,V029,R04,P001,Rent expense - Facilities,Invoice,Posted,3543.08,354.31,3897.39,PO-38660,INV-832910,AUD,1.0
TX002713,2024-02-06,2024,1,2,February,D006,C003,V032,R01,P008,Hardware expense - Operations,Invoice,Posted,466.58,46.66,513.24,PO-97349,INV-657684,AUD,1.0
TX002714,2025-08-29,2025,3,8,August,D004,C010,V028,R01,P008,Events expense - Marketing,Invoice,Posted,1105.92,110.59,1216.51,PO-96188,INV-208420,AUD,1.0
TX002715,2026-04-04,2026,2,4,April,D003,C008,V013,R02,P008,Recruitment expense - Human Resources,Corporate Card,Posted,752.01,75.2,827.21,,,AUD,1.0
TX002716,2026-01-25,2026,1,1,January,D001,C003,V023,R01,P008,Hardware expense - Information Technology,Corporate Card,Posted,2312.45,231.25,2543.7,,,AUD,1.0
TX002717,2025-01-11,2025,1,1,January,D004,C001,V012,R04,P008,Software & SaaS expense - Marketing,Invoice,Posted,1901.83,190.18,2092.01,PO-17474,INV-462997,AUD,1.0
TX002718,2024-01-08,2024,1,1,January,D008,C016,V031,R05,P001,Insurance expense - Facilities,Invoice,Posted,248.53,24.85,273.38,PO-47034,INV-790615,AUD,1.0
TX002719,2025-08-14,2025,3,8,August,D007,C004,V033,R04,P008,Contractors expense - Customer Service,Invoice,Posted,126.22,12.62,138.84,PO-11505,INV-951303,AUD,1.0
TX002720,2024-11-29,2024,4,11,November,D006,C003,V018,R03,P008,Hardware expense - Operations,Invoice,Posted,1362.86,136.29,1499.15,PO-54124,INV-205719,AUD,1.0
TX002721,2024-07-19,2024,3,7,July,D004,C011,V005,R01,P005,Office Supplies expense - Marketing,Invoice,Posted,179.75,17.98,197.73,PO-23041,INV-127168,AUD,1.0
TX002722,2025-09-02,2025,3,9,September,D007,C012,V015,R01,P002,Telecommunications expense - Customer Service,Invoice,Accrued,333.72,33.37,367.09,PO-53932,INV-869628,AUD,1.0
TX002723,2024-02-01,2024,1,2,February,D005,C001,V010,R02,P008,Software & SaaS expense - Sales,Invoice,Posted,535.01,53.5,588.51,PO-71095,INV-141458,AUD,1.0
TX002724,2025-12-27,2025,4,12,December,D004,C011,V035,R01,P008,Office Supplies expense - Marketing,Invoice,Posted,79.24,7.92,87.16,PO-91538,INV-785602,AUD,1.0
TX002725,2026-01-12,2026,1,1,January,D004,C006,V029,R05,P005,Travel expense - Marketing,Direct Debit,Posted,382.16,38.22,420.38,,INV-885597,AUD,1.0
TX002726,2024-11-20,2024,4,11,November,D007,C004,V014,R03,P008,Contractors expense - Customer Service,Direct Debit,Pending,751.6,75.16,826.76,,INV-210263,AUD,1.0
TX002727,2024-01-17,2024,1,1,January,D007,C004,V028,R05,P001,Contractors expense - Customer Service,Expense Claim,Posted,2609.75,260.98,2870.73,,,AUD,1.0
TX002728,2024-01-27,2024,1,1,January,D001,C002,V033,R04,P008,Cloud Services expense - Information Technology,Invoice,Posted,2225.25,222.53,2447.78,PO-22147,INV-810420,AUD,1.0
TX002729,2024-02-08,2024,1,2,February,D001,C002,V005,R01,P003,Cloud Services expense - Information Technology,Invoice,Posted,3067.17,306.72,3373.89,PO-68407,INV-772692,AUD,1.0
TX002730,2026-03-22,2026,1,3,March,D004,C004,V031,R03,P004,Contractors expense - Marketing,Invoice,Posted,1085.67,108.57,1194.24,PO-74956,INV-368239,AUD,1.0
TX002731,2024-08-06,2024,3,8,August,D004,C006,V027,R01,P002,Travel expense - Marketing,Direct Debit,Posted,169.49,16.95,186.44,,INV-168824,AUD,1.0
TX002732,2024-01-13,2024,1,1,January,D005,C001,V024,R01,P004,Software & SaaS expense - Sales,Invoice,Posted,432.38,43.24,475.62,PO-29233,INV-817889,AUD,1.0
TX002733,2025-11-28,2025,4,11,November,D003,C011,V028,R01,P008,Office Supplies expense - Human Resources,Invoice,Posted,194.34,19.43,213.77,PO-78515,INV-939634,AUD,1.0
TX002734,2026-02-21,2026,1,2,February,D008,C015,V030,R02,P008,Repairs & Maintenance expense - Facilities,Invoice,Posted,543.55,54.35,597.9,PO-75549,INV-603718,AUD,1.0
TX002735,2025-04-20,2025,2,4,April,D002,C004,V006,R04,P008,Contractors expense - Finance,Corporate Card,Posted,1841.41,184.14,2025.55,,,AUD,1.0
TX002736,2024-02-12,2024,1,2,February,D005,C012,V024,R02,P001,Telecommunications expense - Sales,Invoice,Accrued,201.04,20.1,221.14,PO-21074,INV-776541,AUD,1.0
TX002737,2026-01-24,2026,1,1,January,D008,C016,V035,R03,P004,Insurance expense - Facilities,Invoice,Posted,557.82,55.78,613.6,PO-98779,INV-141995,USD,1.5486
TX002738,2024-09-10,2024,3,9,September,D002,C005,V033,R04,P008,Consulting expense - Finance,Invoice,Posted,934.3,93.43,1027.73,PO-52636,INV-350007,AUD,1.0
TX002739,2025-11-08,2025,4,11,November,D007,C004,V020,R01,P008,Contractors expense - Customer Service,Corporate Card,Posted,2911.83,291.18,3203.01,,,AUD,1.0
TX002740,2024-11-19,2024,4,11,November,D005,C001,V021,R05,P004,Software & SaaS expense - Sales,Invoice,Posted,428.04,42.8,470.84,PO-55398,INV-476482,AUD,1.0
TX002741,2025-11-29,2025,4,11,November,D006,C019,V021,R01,P003,Vehicle Expenses expense - Operations,Direct Debit,Posted,1887.69,188.77,2076.46,,INV-533250,AUD,1.0
TX002742,2025-04-11,2025,2,4,April,D008,C015,V035,R05,P008,Repairs & Maintenance expense - Facilities,Direct Debit,Pending,2170.79,217.08,2387.87,,INV-210995,AUD,1.0
TX002743,2026-02-19,2026,1,2,February,D001,C012,V001,R01,P008,Telecommunications expense - Information Technology,Corporate Card,Posted,627.09,62.71,689.8,,,AUD,1.0
TX002744,2024-06-26,2024,2,6,June,D005,C010,V032,R01,P007,Events expense - Sales,Expense Claim,Posted,1265.98,126.6,1392.58,,,AUD,1.0
TX002745,2025-12-11,2025,4,12,December,D005,C012,V034,R02,P008,Telecommunications expense - Sales,Invoice,Posted,45.61,4.56,50.17,PO-49402,INV-963738,AUD,1.0
TX002746,2025-05-24,2025,2,5,May,D001,C012,V031,R01,P008,Telecommunications expense - Information Technology,Invoice,Posted,1343.14,134.31,1477.45,PO-52768,INV-585746,AUD,1.0
TX002747,2026-03-06,2026,1,3,March,D001,C012,V002,R01,P004,Telecommunications expense - Information Technology,Direct Debit,Posted,368.39,36.84,405.23,,INV-693803,AUD,1.0
TX002748,2025-09-20,2025,3,9,September,D008,C015,V004,R04,P008,Repairs & Maintenance expense - Facilities,Invoice,Posted,1377.73,137.77,1515.5,PO-23251,INV-941795,AUD,1.0
TX002749,2025-04-20,2025,2,4,April,D008,C014,V010,R02,P008,Utilities expense - Facilities,Invoice,Posted,95.91,9.59,105.5,PO-79126,INV-227099,AUD,1.0
TX002750,2024-04-17,2024,2,4,April,D004,C001,V019,R01,P007,Software & SaaS expense - Marketing,Direct Debit,Posted,646.7,64.67,711.37,,INV-955208,AUD,1.0
TX002751,2025-01-15,2025,1,1,January,D002,C007,V024,R04,P003,Training expense - Finance,Invoice,Posted,912.05,91.2,1003.25,PO-70331,INV-383966,AUD,1.0
TX002752,2024-07-21,2024,3,7,July,D003,C006,V031,R04,P008,Travel expense - Human Resources,Invoice,Posted,2835.16,283.52,3118.68,PO-95118,INV-804385,AUD,1.0
TX002753,2024-06-07,2024,2,6,June,D004,C001,V007,R01,P005,Software & SaaS expense - Marketing,Direct Debit,Posted,1219.97,122.0,1341.97,,INV-129116,AUD,1.0
TX002754,2025-01-23,2025,1,1,January,D001,C004,V014,R01,P008,Contractors expense - Information Technology,Expense Claim,Posted,2976.44,297.64,3274.08,,,AUD,1.0
TX002755,2026-06-04,2026,2,6,June,D007,C012,V024,R03,P008,Telecommunications expense - Customer Service,Corporate Card,Posted,981.77,98.18,1079.95,,,AUD,1.0
TX002756,2024-05-06,2024,2,5,May,D007,C001,V020,R05,P005,Software & SaaS expense - Customer Service,Direct Debit,Posted,708.52,70.85,779.37,,INV-967204,AUD,1.0
TX002757,2024-12-03,2024,4,12,December,D006,C004,V021,R02,P008,Contractors expense - Operations,Invoice,Posted,1758.65,175.87,1934.52,PO-17867,INV-659790,AUD,1.0
TX002758,2024-04-19,2024,2,4,April,D005,C012,V020,R02,P008,Telecommunications expense - Sales,Invoice,Posted,237.53,23.75,261.28,PO-77000,INV-158681,AUD,1.0
TX002759,2025-12-11,2025,4,12,December,D004,C011,V011,R03,P008,Office Supplies expense - Marketing,Invoice,Posted,224.59,22.46,247.05,PO-75152,INV-850855,AUD,1.0
TX002760,2025-11-12,2025,4,11,November,D002,C007,V029,R03,P008,Training expense - Finance,Direct Debit,Accrued,516.62,51.66,568.28,,INV-475524,AUD,1.0
TX002761,2024-07-04,2024,3,7,July,D005,C019,V031,R03,P008,Vehicle Expenses expense - Sales,Invoice,Posted,198.47,19.85,218.32,PO-42149,INV-135571,AUD,1.0
TX002762,2024-11-09,2024,4,11,November,D007,C007,V001,R04,P001,Training expense - Customer Service,Invoice,Posted,203.33,20.33,223.66,PO-66936,INV-232021,AUD,1.0
TX002763,2026-01-29,2026,1,1,January,D008,C011,V032,R04,P008,Office Supplies expense - Facilities,Direct Debit,Posted,208.81,20.88,229.69,,INV-404352,USD,1.5027
TX002764,2025-10-30,2025,4,10,October,D007,C001,V002,R02,P002,Software & SaaS expense - Customer Service,Invoice,Posted,1946.06,194.61,2140.67,PO-56429,INV-866654,AUD,1.0
TX002765,2024-07-21,2024,3,7,July,D007,C001,V015,R01,P007,Software & SaaS expense - Customer Service,Invoice,Posted,285.13,28.51,313.64,PO-62053,INV-242685,AUD,1.0
TX002766,2025-01-04,2025,1,1,January,D002,C016,V026,R02,P003,Insurance expense - Finance,Invoice,Posted,697.27,69.73,767.0,PO-99181,INV-826185,AUD,1.0
TX002767,2026-03-06,2026,1,3,March,D005,C006,V034,R03,P008,Travel expense - Sales,Invoice,Posted,441.79,44.18,485.97,PO-99873,INV-354591,AUD,1.0
TX002768,2025-03-13,2025,1,3,March,D002,C017,V017,R04,P008,Legal & Compliance expense - Finance,Invoice,Posted,848.48,84.85,933.33,PO-56444,INV-845804,AUD,1.0
TX002769,2025-09-30,2025,3,9,September,D006,C011,V012,R03,P008,Office Supplies expense - Operations,Invoice,Posted,204.74,20.47,225.21,PO-96343,INV-939930,AUD,1.0
TX002770,2024-05-27,2024,2,5,May,D008,C015,V010,R01,P004,Repairs & Maintenance expense - Facilities,Invoice,Accrued,1201.59,120.16,1321.75,PO-61660,INV-797995,AUD,1.0
TX002771,2024-05-12,2024,2,5,May,D008,C013,V018,R01,P006,Rent expense - Facilities,Invoice,Posted,7971.61,797.16,8768.77,PO-61044,INV-452695,AUD,1.0
TX002772,2025-11-10,2025,4,11,November,D006,C003,V015,R01,P008,Hardware expense - Operations,Expense Claim,Accrued,1021.31,102.13,1123.44,,,AUD,1.0
TX002773,2025-12-25,2025,4,12,December,D003,C008,V031,R03,P003,Recruitment expense - Human Resources,Corporate Card,Posted,640.93,64.09,705.02,,,AUD,1.0
TX002774,2025-06-22,2025,2,6,June,D003,C007,V032,R03,P008,Training expense - Human Resources,Invoice,Posted,268.84,26.88,295.72,PO-38445,INV-888538,AUD,1.0
TX002775,2024-08-22,2024,3,8,August,D008,C004,V029,R03,P002,Contractors expense - Facilities,Invoice,Posted,1722.36,172.24,1894.6,PO-55182,INV-225507,AUD,1.0
TX002776,2024-02-12,2024,1,2,February,D001,C002,V011,R01,P008,Cloud Services expense - Information Technology,Corporate Card,Pending,668.88,66.89,735.77,,,AUD,1.0
TX002777,2025-06-18,2025,2,6,June,D007,C020,V022,R03,P006,Customer Support Tools expense - Customer Service,Invoice,Posted,349.94,34.99,384.93,PO-13453,INV-473394,AUD,1.0
TX002778,2024-07-04,2024,3,7,July,D001,C005,V030,R02,P003,Consulting expense - Information Technology,Invoice,Posted,419.8,41.98,461.78,PO-37471,INV-982163,AUD,1.0
TX002779,2024-08-26,2024,3,8,August,D008,C013,V007,R04,P008,Rent expense - Facilities,Invoice,Accrued,2040.58,204.06,2244.64,PO-30959,INV-817607,AUD,1.0
TX002780,2025-12-07,2025,4,12,December,D008,C015,V002,R04,P006,Repairs & Maintenance expense - Facilities,Corporate Card,Posted,587.42,58.74,646.16,,,AUD,1.0
TX002781,2024-06-03,2024,2,6,June,D003,C001,V006,R02,P008,Software & SaaS expense - Human Resources,Corporate Card,Posted,309.61,30.96,340.57,,,AUD,1.0
TX002782,2025-09-02,2025,3,9,September,D006,C018,V016,R02,P001,Freight & Logistics expense - Operations,Invoice,Posted,4430.68,443.07,4873.75,PO-68389,INV-927913,AUD,1.0
TX002783,2025-09-27,2025,3,9,September,D001,C002,V034,R01,P001,Cloud Services expense - Information Technology,Direct Debit,Posted,1695.76,169.58,1865.34,,INV-170294,AUD,1.0
TX002784,2025-04-21,2025,2,4,April,D006,C003,V018,R01,P008,Hardware expense - Operations,Invoice,Posted,475.91,47.59,523.5,PO-65469,INV-617603,AUD,1.0
TX002785,2025-10-27,2025,4,10,October,D006,C018,V022,R03,P008,Freight & Logistics expense - Operations,Expense Claim,Posted,2219.12,221.91,2441.03,,,AUD,1.0
TX002786,2024-04-09,2024,2,4,April,D005,C009,V029,R01,P008,Advertising expense - Sales,Invoice,Posted,829.65,82.97,912.62,PO-68368,INV-286627,AUD,1.0
TX002787,2025-05-28,2025,2,5,May,D007,C007,V019,R01,P008,Training expense - Customer Service,Invoice,Posted,413.2,41.32,454.52,PO-96786,INV-439689,USD,1.4839
TX002788,2024-02-17,2024,1,2,February,D005,C010,V025,R01,P008,Events expense - Sales,Invoice,Posted,531.06,53.11,584.17,PO-47556,INV-211798,AUD,1.0
TX002789,2025-03-11,2025,1,3,March,D007,C012,V027,R01,P001,Telecommunications expense - Customer Service,Direct Debit,Posted,530.17,53.02,583.19,,INV-477384,AUD,1.0
TX002790,2025-06-29,2025,2,6,June,D006,C011,V006,R01,P001,Office Supplies expense - Operations,Invoice,Accrued,627.11,62.71,689.82,PO-76060,INV-569341,AUD,1.0
TX002791,2025-10-01,2025,4,10,October,D004,C011,V021,R02,P008,Office Supplies expense - Marketing,Invoice,Posted,111.3,11.13,122.43,PO-24354,INV-552104,AUD,1.0
TX002792,2026-01-28,2026,1,1,January,D005,C009,V010,R03,P008,Advertising expense - Sales,Invoice,Posted,3027.15,302.72,3329.87,PO-45442,INV-561788,AUD,1.0
TX002793,2024-01-03,2024,1,1,January,D005,C001,V025,R02,P008,Software & SaaS expense - Sales,Direct Debit,Posted,364.56,36.46,401.02,,INV-287101,AUD,1.0
TX002794,2025-03-18,2025,1,3,March,D003,C001,V015,R04,P008,Software & SaaS expense - Human Resources,Direct Debit,Posted,461.43,46.14,507.57,,INV-361271,USD,1.5984
TX002795,2024-01-05,2024,1,1,January,D001,C005,V033,R04,P008,Consulting expense - Information Technology,Corporate Card,Posted,2501.99,250.2,2752.19,,,AUD,1.0
TX002796,2024-11-08,2024,4,11,November,D003,C006,V001,R03,P006,Travel expense - Human Resources,Direct Debit,Posted,1090.4,109.04,1199.44,,INV-614961,AUD,1.0
TX002797,2026-04-10,2026,2,4,April,D004,C009,V014,R03,P001,Advertising expense - Marketing,Expense Claim,Posted,224.26,22.43,246.69,,,AUD,1.0
TX002798,2025-10-31,2025,4,10,October,D004,C004,V035,R02,P005,Contractors expense - Marketing,Direct Debit,Posted,4233.09,423.31,4656.4,,INV-128954,AUD,1.0
TX002799,2026-01-24,2026,1,1,January,D008,C016,V032,R01,P001,Insurance expense - Facilities,Direct Debit,Posted,277.67,27.77,305.44,,INV-566762,AUD,1.0
TX002800,2024-02-02,2024,1,2,February,D001,C020,V032,R01,P008,Customer Support Tools expense - Information Technology,Invoice,Posted,458.51,45.85,504.36,PO-60014,INV-349940,AUD,1.0
TX002801,2025-05-30,2025,2,5,May,D008,C013,V023,R01,P001,Rent expense - Facilities,Invoice,Posted,3777.75,377.78,4155.53,PO-78619,INV-256490,AUD,1.0
TX002802,2024-10-24,2024,4,10,October,D008,C011,V033,R01,P003,Office Supplies expense - Facilities,Invoice,Posted,176.12,17.61,193.73,PO-75944,INV-624885,AUD,1.0
TX002803,2025-04-26,2025,2,4,April,D003,C007,V012,R01,P004,Training expense - Human Resources,Direct Debit,Posted,170.87,17.09,187.96,,INV-981641,AUD,1.0
TX002804,2026-04-16,2026,2,4,April,D003,C001,V001,R01,P008,Software & SaaS expense - Human Resources,Invoice,Posted,754.25,75.42,829.67,PO-45796,INV-636300,USD,1.5493
TX002805,2024-09-21,2024,3,9,September,D006,C011,V005,R02,P008,Office Supplies expense - Operations,Invoice,Posted,80.15,8.02,88.17,PO-59790,INV-509560,AUD,1.0
TX002806,2024-01-08,2024,1,1,January,D005,C009,V015,R02,P008,Advertising expense - Sales,Invoice,Posted,3601.54,360.15,3961.69,PO-67694,INV-784623,AUD,1.0
TX002807,2025-02-14,2025,1,2,February,D008,C016,V026,R04,P008,Insurance expense - Facilities,Direct Debit,Posted,703.53,70.35,773.88,,INV-689445,AUD,1.0
TX002808,2024-12-27,2024,4,12,December,D003,C001,V022,R02,P008,Software & SaaS expense - Human Resources,Invoice,Posted,1687.49,168.75,1856.24,PO-34254,INV-174039,AUD,1.0
TX002809,2025-05-17,2025,2,5,May,D006,C003,V034,R01,P008,Hardware expense - Operations,Invoice,Posted,882.45,88.25,970.7,PO-57263,INV-413614,AUD,1.0
TX002810,2026-01-28,2026,1,1,January,D005,C006,V024,R01,P007,Travel expense - Sales,Corporate Card,Posted,762.83,76.28,839.11,,,AUD,1.0
TX002811,2026-03-13,2026,1,3,March,D004,C011,V018,R02,P008,Office Supplies expense - Marketing,Invoice,Posted,84.62,8.46,93.08,PO-66595,INV-311989,AUD,1.0
TX002812,2025-08-21,2025,3,8,August,D001,C002,V017,R01,P008,Cloud Services expense - Information Technology,Invoice,Posted,890.56,89.06,979.62,PO-41334,INV-353560,AUD,1.0
TX002813,2026-04-20,2026,2,4,April,D001,C001,V033,R01,P002,Software & SaaS expense - Information Technology,Invoice,Posted,945.66,94.57,1040.23,PO-27488,INV-830364,AUD,1.0
TX002814,2024-10-23,2024,4,10,October,D006,C004,V005,R02,P002,Contractors expense - Operations,Invoice,Posted,1021.91,102.19,1124.1,PO-78587,INV-321376,AUD,1.0
TX002815,2024-11-20,2024,4,11,November,D002,C006,V013,R05,P008,Travel expense - Finance,Direct Debit,Posted,963.01,96.3,1059.31,,INV-516721,AUD,1.0
TX002816,2025-03-10,2025,1,3,March,D007,C004,V035,R03,P003,Contractors expense - Customer Service,Corporate Card,Posted,3167.79,316.78,3484.57,,,AUD,1.0
TX002817,2024-09-13,2024,3,9,September,D002,C006,V021,R03,P008,Travel expense - Finance,Invoice,Posted,1271.31,127.13,1398.44,PO-86435,INV-216224,AUD,1.0
TX002818,2026-03-04,2026,1,3,March,D007,C004,V020,R01,P007,Contractors expense - Customer Service,Expense Claim,Posted,2243.76,224.38,2468.14,,,AUD,1.0
TX002819,2026-06-25,2026,2,6,June,D005,C006,V008,R02,P008,Travel expense - Sales,Invoice,Posted,477.39,47.74,525.13,PO-89456,INV-150972,AUD,1.0
TX002820,2024-04-02,2024,2,4,April,D001,C002,V032,R03,P008,Cloud Services expense - Information Technology,Invoice,Posted,3714.71,371.47,4086.18,PO-98617,INV-233386,AUD,1.0
TX002821,2026-05-06,2026,2,5,May,D001,C002,V011,R02,P008,Cloud Services expense - Information Technology,Corporate Card,Posted,11013.46,1101.35,12114.81,,,AUD,1.0
TX002822,2024-12-26,2024,4,12,December,D007,C004,V018,R04,P008,Contractors expense - Customer Service,Invoice,Posted,1462.65,146.27,1608.92,PO-38451,INV-762877,AUD,1.0
TX002823,2026-03-21,2026,1,3,March,D004,C010,V003,R01,P008,Events expense - Marketing,Corporate Card,Posted,1254.27,125.43,1379.7,,,AUD,1.0
TX002824,2025-11-20,2025,4,11,November,D002,C005,V032,R01,P001,Consulting expense - Finance,Invoice,Accrued,1583.97,158.4,1742.37,PO-18033,INV-247999,AUD,1.0
TX002825,2026-06-24,2026,2,6,June,D005,C012,V023,R01,P008,Telecommunications expense - Sales,Invoice,Posted,173.78,17.38,191.16,PO-42342,INV-293039,USD,1.54
TX002826,2025-06-11,2025,2,6,June,D001,C020,V030,R02,P008,Customer Support Tools expense - Information Technology,Invoice,Posted,964.82,96.48,1061.3,PO-53063,INV-836733,AUD,1.0
TX002827,2025-12-07,2025,4,12,December,D004,C004,V015,R03,P008,Contractors expense - Marketing,Invoice,Posted,1632.2,163.22,1795.42,PO-68171,INV-474307,AUD,1.0
TX002828,2025-05-02,2025,2,5,May,D004,C006,V007,R01,P008,Travel expense - Marketing,Invoice,Posted,343.63,34.36,377.99,PO-86034,INV-327704,AUD,1.0
TX002829,2026-03-28,2026,1,3,March,D003,C008,V004,R01,P008,Recruitment expense - Human Resources,Invoice,Posted,672.02,67.2,739.22,PO-91098,INV-996194,AUD,1.0
TX002830,2026-01-28,2026,1,1,January,D006,C018,V029,R01,P004,Freight & Logistics expense - Operations,Direct Debit,Posted,1488.58,148.86,1637.44,,INV-732313,AUD,1.0
TX002831,2026-06-04,2026,2,6,June,D001,C002,V008,R02,P002,Cloud Services expense - Information Technology,Corporate Card,Posted,817.73,81.77,899.5,,,AUD,1.0
TX002832,2024-11-18,2024,4,11,November,D008,C015,V012,R05,P008,Repairs & Maintenance expense - Facilities,Expense Claim,Accrued,407.67,40.77,448.44,,,AUD,1.0
TX002833,2025-02-04,2025,1,2,February,D006,C018,V018,R01,P001,Freight & Logistics expense - Operations,Invoice,Posted,2644.18,264.42,2908.6,PO-42896,INV-320479,AUD,1.0
TX002834,2026-04-23,2026,2,4,April,D003,C011,V027,R03,P008,Office Supplies expense - Human Resources,Invoice,Accrued,258.69,25.87,284.56,PO-10977,INV-762218,AUD,1.0
TX002835,2024-02-27,2024,1,2,February,D008,C015,V029,R01,P008,Repairs & Maintenance expense - Facilities,Invoice,Posted,427.22,42.72,469.94,PO-92208,INV-631912,AUD,1.0
TX002836,2026-06-22,2026,2,6,June,D008,C014,V004,R01,P008,Utilities expense - Facilities,Invoice,Posted,788.0,78.8,866.8,PO-15714,INV-716564,AUD,1.0
TX002837,2024-02-14,2024,1,2,February,D001,C012,V009,R02,P008,Telecommunications expense - Information Technology,Invoice,Posted,182.8,18.28,201.08,PO-47183,INV-522038,USD,1.5898
TX002838,2025-01-13,2025,1,1,January,D007,C001,V020,R02,P008,Software & SaaS expense - Customer Service,Invoice,Posted,632.19,63.22,695.41,PO-47623,INV-959879,AUD,1.0
TX002839,2025-01-22,2025,1,1,January,D006,C019,V027,R04,P008,Vehicle Expenses expense - Operations,Direct Debit,Posted,2198.91,219.89,2418.8,,INV-884926,AUD,1.0
TX002840,2025-02-24,2025,1,2,February,D004,C006,V014,R01,P005,Travel expense - Marketing,Direct Debit,Posted,300.57,30.06,330.63,,INV-505384,AUD,1.0
TX002841,2025-01-02,2025,1,1,January,D006,C018,V001,R02,P008,Freight & Logistics expense - Operations,Corporate Card,Posted,994.88,99.49,1094.37,,,AUD,1.0
TX002842,2025-02-08,2025,1,2,February,D005,C012,V001,R01,P002,Telecommunications expense - Sales,Direct Debit,Posted,430.15,43.02,473.17,,INV-454955,AUD,1.0
TX002843,2024-12-27,2024,4,12,December,D008,C014,V013,R03,P008,Utilities expense - Facilities,Invoice,Posted,622.03,62.2,684.23,PO-47321,INV-250912,AUD,1.0
TX002844,2025-03-15,2025,1,3,March,D005,C006,V031,R01,P008,Travel expense - Sales,Corporate Card,Posted,1049.99,105.0,1154.99,,,AUD,1.0
TX002845,2026-03-08,2026,1,3,March,D004,C006,V013,R03,P002,Travel expense - Marketing,Corporate Card,Posted,795.09,79.51,874.6,,,AUD,1.0
TX002846,2025-11-20,2025,4,11,November,D005,C012,V017,R02,P002,Telecommunications expense - Sales,Direct Debit,Posted,771.2,77.12,848.32,,INV-672281,AUD,1.0
TX002847,2025-04-24,2025,2,4,April,D004,C011,V032,R05,P004,Office Supplies expense - Marketing,Invoice,Posted,149.06,14.91,163.97,PO-49773,INV-518632,USD,1.5157
TX002848,2025-03-17,2025,1,3,March,D007,C012,V015,R03,P008,Telecommunications expense - Customer Service,Invoice,Posted,294.08,29.41,323.49,PO-63539,INV-630117,USD,1.5451
TX002849,2024-06-11,2024,2,6,June,D006,C019,V012,R01,P005,Vehicle Expenses expense - Operations,Invoice,Posted,465.83,46.58,512.41,PO-59849,INV-693038,AUD,1.0
TX002850,2026-02-07,2026,1,2,February,D003,C004,V021,R04,P008,Contractors expense - Human Resources,Invoice,Posted,1161.14,116.11,1277.25,PO-64115,INV-666542,AUD,1.0
TX002851,2026-04-19,2026,2,4,April,D003,C007,V018,R05,P008,Training expense - Human Resources,Corporate Card,Posted,189.91,18.99,208.9,,,AUD,1.0
TX002852,2026-06-15,2026,2,6,June,D007,C012,V007,R02,P001,Telecommunications expense - Customer Service,Corporate Card,Posted,867.11,86.71,953.82,,,AUD,1.0
TX002853,2025-01-22,2025,1,1,January,D007,C004,V034,R02,P008,Contractors expense - Customer Service,Corporate Card,Posted,5201.75,520.18,5721.93,,,AUD,1.0
TX002854,2025-06-16,2025,2,6,June,D007,C020,V006,R03,P007,Customer Support Tools expense - Customer Service,Invoice,Posted,439.41,43.94,483.35,PO-95953,INV-346766,AUD,1.0
TX002855,2026-06-08,2026,2,6,June,D002,C007,V026,R01,P001,Training expense - Finance,Invoice,Posted,315.1,31.51,346.61,PO-94594,INV-973022,AUD,1.0
TX002856,2026-03-19,2026,1,3,March,D004,C009,V016,R05,P008,Advertising expense - Marketing,Direct Debit,Posted,2834.11,283.41,3117.52,,INV-265415,AUD,1.0
TX002857,2024-06-12,2024,2,6,June,D001,C001,V024,R02,P002,Software & SaaS expense - Information Technology,Invoice,Accrued,345.77,34.58,380.35,PO-41767,INV-953214,AUD,1.0
TX002858,2026-04-25,2026,2,4,April,D007,C004,V001,R03,P004,Contractors expense - Customer Service,Invoice,Posted,1929.59,192.96,2122.55,PO-81993,INV-723697,AUD,1.0
TX002859,2025-03-12,2025,1,3,March,D008,C004,V023,R01,P002,Contractors expense - Facilities,Expense Claim,Posted,6184.85,618.49,6803.34,,,AUD,1.0
TX002860,2025-05-12,2025,2,5,May,D006,C011,V001,R04,P008,Office Supplies expense - Operations,Expense Claim,Accrued,65.95,6.6,72.55,,,AUD,1.0
TX002861,2025-01-20,2025,1,1,January,D006,C004,V019,R04,P003,Contractors expense - Operations,Invoice,Posted,4340.44,434.04,4774.48,PO-73040,INV-219257,AUD,1.0
TX002862,2025-01-16,2025,1,1,January,D002,C005,V028,R01,P008,Consulting expense - Finance,Expense Claim,Posted,1452.25,145.22,1597.47,,,AUD,1.0
TX002863,2025-07-19,2025,3,7,July,D008,C003,V012,R01,P002,Hardware expense - Facilities,Invoice,Posted,1891.05,189.11,2080.16,PO-36490,INV-396780,AUD,1.0
TX002864,2025-10-04,2025,4,10,October,D002,C004,V025,R04,P003,Contractors expense - Finance,Corporate Card,Posted,1113.32,111.33,1224.65,,,AUD,1.0
TX002865,2025-07-13,2025,3,7,July,D004,C004,V012,R03,P008,Contractors expense - Marketing,Invoice,Posted,2592.57,259.26,2851.83,PO-31499,INV-192545,AUD,1.0
TX002866,2024-08-13,2024,3,8,August,D002,C001,V019,R02,P008,Software & SaaS expense - Finance,Invoice,Posted,1460.55,146.06,1606.61,PO-20936,INV-520365,AUD,1.0
TX002867,2025-04-01,2025,2,4,April,D002,C001,V030,R04,P008,Software & SaaS expense - Finance,Invoice,Posted,4346.31,434.63,4780.94,PO-33529,INV-435396,AUD,1.0
TX002868,2024-04-08,2024,2,4,April,D006,C004,V011,R02,P008,Contractors expense - Operations,Invoice,Posted,1487.58,148.76,1636.34,PO-49173,INV-187733,AUD,1.0
TX002869,2025-05-09,2025,2,5,May,D006,C004,V001,R03,P001,Contractors expense - Operations,Corporate Card,Posted,1333.79,133.38,1467.17,,,AUD,1.0
TX002870,2025-11-11,2025,4,11,November,D006,C003,V001,R02,P008,Hardware expense - Operations,Invoice,Accrued,954.6,95.46,1050.06,PO-68534,INV-165310,AUD,1.0
TX002871,2024-08-26,2024,3,8,August,D008,C014,V032,R01,P008,Utilities expense - Facilities,Invoice,Posted,966.59,96.66,1063.25,PO-48550,INV-971133,AUD,1.0
TX002872,2024-02-11,2024,1,2,February,D006,C018,V001,R01,P005,Freight & Logistics expense - Operations,Corporate Card,Accrued,1356.22,135.62,1491.84,,,AUD,1.0
TX002873,2024-05-20,2024,2,5,May,D003,C008,V016,R01,P008,Recruitment expense - Human Resources,Invoice,Posted,184.78,18.48,203.26,PO-43504,INV-129033,AUD,1.0
TX002874,2025-03-13,2025,1,3,March,D004,C009,V003,R02,P001,Advertising expense - Marketing,Invoice,Posted,1808.89,180.89,1989.78,PO-71481,INV-769030,AUD,1.0
TX002875,2025-12-31,2025,4,12,December,D005,C010,V030,R04,P008,Events expense - Sales,Invoice,Posted,299.08,29.91,328.99,PO-84283,INV-556791,AUD,1.0
TX002876,2025-06-06,2025,2,6,June,D007,C004,V017,R03,P002,Contractors expense - Customer Service,Corporate Card,Posted,3591.32,359.13,3950.45,,,AUD,1.0
TX002877,2025-07-10,2025,3,7,July,D002,C004,V008,R02,P008,Contractors expense - Finance,Invoice,Posted,5311.53,531.15,5842.68,PO-53944,INV-832641,AUD,1.0
TX002878,2025-02-20,2025,1,2,February,D008,C016,V027,R03,P008,Insurance expense - Facilities,Invoice,Posted,1543.72,154.37,1698.09,PO-13799,INV-201117,AUD,1.0
TX002879,2025-05-10,2025,2,5,May,D001,C005,V028,R01,P002,Consulting expense - Information Technology,Direct Debit,Posted,933.68,93.37,1027.05,,INV-937323,AUD,1.0
TX002880,2024-02-11,2024,1,2,February,D003,C004,V017,R03,P008,Contractors expense - Human Resources,Invoice,Posted,2495.72,249.57,2745.29,PO-67727,INV-582815,AUD,1.0
TX002881,2025-11-03,2025,4,11,November,D003,C006,V004,R04,P008,Travel expense - Human Resources,Corporate Card,Posted,852.38,85.24,937.62,,,AUD,1.0
TX002882,2025-06-20,2025,2,6,June,D008,C016,V032,R01,P008,Insurance expense - Facilities,Invoice,Accrued,205.13,20.51,225.64,PO-38175,INV-759156,AUD,1.0
TX002883,2026-01-12,2026,1,1,January,D006,C019,V002,R02,P008,Vehicle Expenses expense - Operations,Corporate Card,Posted,428.05,42.81,470.86,,,AUD,1.0
TX002884,2025-06-25,2025,2,6,June,D005,C010,V009,R01,P004,Events expense - Sales,Invoice,Posted,1633.18,163.32,1796.5,PO-98740,INV-463649,AUD,1.0
TX002885,2024-05-14,2024,2,5,May,D004,C010,V027,R01,P008,Events expense - Marketing,Direct Debit,Posted,1103.07,110.31,1213.38,,INV-336713,AUD,1.0
TX002886,2026-04-30,2026,2,4,April,D004,C006,V011,R04,P008,Travel expense - Marketing,Direct Debit,Posted,439.29,43.93,483.22,,INV-239662,AUD,1.0
TX002887,2024-04-04,2024,2,4,April,D006,C011,V022,R03,P004,Office Supplies expense - Operations,Direct Debit,Posted,142.05,14.21,156.26,,INV-327697,AUD,1.0
TX002888,2024-07-18,2024,3,7,July,D006,C011,V024,R01,P004,Office Supplies expense - Operations,Corporate Card,Accrued,119.34,11.93,131.27,,,AUD,1.0
TX002889,2024-07-27,2024,3,7,July,D005,C009,V007,R05,P002,Advertising expense - Sales,Invoice,Posted,1363.8,136.38,1500.18,PO-72659,INV-772708,AUD,1.0
TX002890,2024-10-22,2024,4,10,October,D003,C001,V020,R03,P008,Software & SaaS expense - Human Resources,Invoice,Posted,332.69,33.27,365.96,PO-58114,INV-178217,AUD,1.0
TX002891,2024-06-14,2024,2,6,June,D002,C001,V032,R05,P006,Software & SaaS expense - Finance,Invoice,Posted,1246.82,124.68,1371.5,PO-88149,INV-625450,AUD,1.0
TX002892,2025-03-28,2025,1,3,March,D003,C006,V014,R02,P003,Travel expense - Human Resources,Invoice,Posted,1131.33,113.13,1244.46,PO-84700,INV-951424,AUD,1.0
TX002893,2024-05-01,2024,2,5,May,D006,C004,V021,R04,P001,Contractors expense - Operations,Expense Claim,Posted,2857.04,285.7,3142.74,,,AUD,1.0
TX002894,2024-08-13,2024,3,8,August,D005,C010,V016,R04,P003,Events expense - Sales,Invoice,Pending,1931.95,193.2,2125.15,PO-13370,INV-859397,AUD,1.0
TX002895,2025-05-30,2025,2,5,May,D002,C004,V016,R01,P008,Contractors expense - Finance,Corporate Card,Posted,3263.22,326.32,3589.54,,,USD,1.591
TX002896,2026-02-01,2026,1,2,February,D001,C020,V027,R03,P008,Customer Support Tools expense - Information Technology,Corporate Card,Posted,244.99,24.5,269.49,,,AUD,1.0
TX002897,2025-01-21,2025,1,1,January,D007,C004,V007,R03,P008,Contractors expense - Customer Service,Direct Debit,Accrued,2960.83,296.08,3256.91,,INV-726756,AUD,1.0
TX002898,2025-12-17,2025,4,12,December,D001,C004,V018,R01,P007,Contractors expense - Information Technology,Invoice,Posted,1473.51,147.35,1620.86,PO-10291,INV-245535,AUD,1.0
TX002899,2026-01-14,2026,1,1,January,D004,C001,V017,R02,P001,Software & SaaS expense - Marketing,Expense Claim,Accrued,1512.91,151.29,1664.2,,,AUD,1.0
TX002900,2025-09-27,2025,3,9,September,D007,C020,V008,R05,P008,Customer Support Tools expense - Customer Service,Corporate Card,Posted,620.21,62.02,682.23,,,AUD,1.0
TX002901,2025-01-15,2025,1,1,January,D001,C020,V025,R02,P006,Customer Support Tools expense - Information Technology,Corporate Card,Posted,1635.37,163.54,1798.91,,,AUD,1.0
TX002902,2024-06-16,2024,2,6,June,D001,C001,V018,R03,P004,Software & SaaS expense - Information Technology,Invoice,Posted,1655.0,165.5,1820.5,PO-74007,INV-277817,AUD,1.0
TX002903,2024-09-09,2024,3,9,September,D007,C001,V024,R03,P005,Software & SaaS expense - Customer Service,Direct Debit,Posted,237.17,23.72,260.89,,INV-728749,AUD,1.0
TX002904,2024-10-06,2024,4,10,October,D008,C011,V014,R03,P008,Office Supplies expense - Facilities,Invoice,Posted,432.31,43.23,475.54,PO-75393,INV-601072,AUD,1.0
TX002905,2025-08-11,2025,3,8,August,D008,C015,V014,R04,P008,Repairs & Maintenance expense - Facilities,Invoice,Posted,432.49,43.25,475.74,PO-58361,INV-715126,AUD,1.0
TX002906,2024-08-11,2024,3,8,August,D005,C019,V001,R03,P002,Vehicle Expenses expense - Sales,Invoice,Posted,5654.51,565.45,6219.96,PO-66839,INV-878121,AUD,1.0
TX002907,2024-01-27,2024,1,1,January,D003,C008,V027,R01,P008,Recruitment expense - Human Resources,Corporate Card,Posted,352.84,35.28,388.12,,,AUD,1.0
TX002908,2025-04-24,2025,2,4,April,D007,C001,V006,R04,P005,Software & SaaS expense - Customer Service,Invoice,Posted,1520.23,152.02,1672.25,PO-96938,INV-243422,AUD,1.0
TX002909,2025-01-23,2025,1,1,January,D005,C019,V002,R01,P002,Vehicle Expenses expense - Sales,Invoice,Posted,1454.74,145.47,1600.21,PO-55749,INV-924367,AUD,1.0
TX002910,2025-09-13,2025,3,9,September,D004,C006,V011,R02,P004,Travel expense - Marketing,Invoice,Posted,1470.68,147.07,1617.75,PO-87425,INV-446923,AUD,1.0
TX002911,2024-02-08,2024,1,2,February,D008,C015,V024,R04,P008,Repairs & Maintenance expense - Facilities,Direct Debit,Posted,933.98,93.4,1027.38,,INV-687339,AUD,1.0
TX002912,2026-04-11,2026,2,4,April,D006,C019,V005,R05,P003,Vehicle Expenses expense - Operations,Direct Debit,Posted,1729.18,172.92,1902.1,,INV-791715,AUD,1.0
TX002913,2025-05-18,2025,2,5,May,D006,C004,V012,R04,P008,Contractors expense - Operations,Direct Debit,Posted,2380.36,238.04,2618.4,,INV-924745,USD,1.4992
TX002914,2025-10-01,2025,4,10,October,D007,C012,V004,R01,P008,Telecommunications expense - Customer Service,Invoice,Posted,536.05,53.6,589.65,PO-21754,INV-459125,AUD,1.0
TX002915,2025-08-07,2025,3,8,August,D002,C004,V021,R01,P007,Contractors expense - Finance,Direct Debit,Posted,1574.03,157.4,1731.43,,INV-311514,AUD,1.0
TX002916,2025-11-22,2025,4,11,November,D008,C013,V019,R03,P005,Rent expense - Facilities,Corporate Card,Posted,2141.35,214.13,2355.48,,,AUD,1.0
TX002917,2024-03-01,2024,1,3,March,D006,C004,V014,R01,P008,Contractors expense - Operations,Invoice,Posted,997.07,99.71,1096.78,PO-34753,INV-570625,AUD,1.0
TX002918,2024-05-27,2024,2,5,May,D003,C011,V013,R02,P005,Office Supplies expense - Human Resources,Invoice,Accrued,431.36,43.14,474.5,PO-18645,INV-604326,AUD,1.0
TX002919,2024-03-28,2024,1,3,March,D007,C001,V015,R05,P003,Software & SaaS expense - Customer Service,Corporate Card,Posted,745.84,74.58,820.42,,,AUD,1.0
TX002920,2026-06-04,2026,2,6,June,D007,C001,V013,R03,P008,Software & SaaS expense - Customer Service,Invoice,Posted,366.21,36.62,402.83,PO-18757,INV-132941,AUD,1.0
TX002921,2025-08-17,2025,3,8,August,D004,C009,V027,R02,P008,Advertising expense - Marketing,Invoice,Posted,1439.9,143.99,1583.89,PO-69787,INV-495811,AUD,1.0
TX002922,2024-11-14,2024,4,11,November,D006,C006,V004,R01,P008,Travel expense - Operations,Direct Debit,Posted,684.65,68.47,753.12,,INV-908995,AUD,1.0
TX002923,2026-01-26,2026,1,1,January,D002,C001,V014,R04,P002,Software & SaaS expense - Finance,Invoice,Posted,1164.03,116.4,1280.43,PO-27733,INV-301474,AUD,1.0
TX002924,2025-12-08,2025,4,12,December,D004,C004,V014,R03,P008,Contractors expense - Marketing,Invoice,Posted,843.86,84.39,928.25,PO-13734,INV-587074,USD,1.528
TX002925,2024-01-24,2024,1,1,January,D003,C007,V028,R01,P007,Training expense - Human Resources,Corporate Card,Pending,90.98,9.1,100.08,,,AUD,1.0
TX002926,2026-02-03,2026,1,2,February,D005,C009,V011,R04,P008,Advertising expense - Sales,Expense Claim,Posted,1606.68,160.67,1767.35,,,AUD,1.0
TX002927,2026-06-18,2026,2,6,June,D008,C004,V004,R01,P008,Contractors expense - Facilities,Invoice,Posted,1476.88,147.69,1624.57,PO-14401,INV-265342,AUD,1.0
TX002928,2024-08-22,2024,3,8,August,D006,C018,V008,R03,P008,Freight & Logistics expense - Operations,Invoice,Posted,594.6,59.46,654.06,PO-88982,INV-188743,AUD,1.0
TX002929,2025-08-28,2025,3,8,August,D005,C012,V022,R01,P002,Telecommunications expense - Sales,Corporate Card,Posted,462.03,46.2,508.23,,,AUD,1.0
TX002930,2026-04-16,2026,2,4,April,D007,C007,V021,R05,P007,Training expense - Customer Service,Invoice,Posted,196.44,19.64,216.08,PO-19060,INV-626496,AUD,1.0
TX002931,2025-08-25,2025,3,8,August,D008,C016,V003,R02,P008,Insurance expense - Facilities,Invoice,Posted,96.11,9.61,105.72,PO-90748,INV-812056,AUD,1.0
TX002932,2026-02-10,2026,1,2,February,D004,C009,V022,R02,P008,Advertising expense - Marketing,Direct Debit,Posted,1761.07,176.11,1937.18,,INV-353035,AUD,1.0
TX002933,2024-10-03,2024,4,10,October,D007,C001,V007,R03,P002,Software & SaaS expense - Customer Service,Corporate Card,Posted,600.26,60.03,660.29,,,AUD,1.0
TX002934,2025-12-02,2025,4,12,December,D002,C006,V021,R04,P005,Travel expense - Finance,Invoice,Posted,1183.58,118.36,1301.94,PO-97377,INV-310993,AUD,1.0
TX002935,2026-06-09,2026,2,6,June,D003,C008,V033,R03,P008,Recruitment expense - Human Resources,Invoice,Accrued,309.45,30.95,340.4,PO-61283,INV-646380,AUD,1.0
TX002936,2025-06-04,2025,2,6,June,D002,C005,V021,R01,P008,Consulting expense - Finance,Invoice,Posted,907.44,90.74,998.18,PO-86318,INV-416162,AUD,1.0
TX002937,2024-02-14,2024,1,2,February,D004,C009,V017,R05,P004,Advertising expense - Marketing,Invoice,Posted,1279.9,127.99,1407.89,PO-64174,INV-222229,AUD,1.0
TX002938,2026-06-03,2026,2,6,June,D002,C004,V013,R01,P005,Contractors expense - Finance,Invoice,Posted,967.21,96.72,1063.93,PO-61763,INV-736476,AUD,1.0
TX002939,2025-02-17,2025,1,2,February,D002,C007,V028,R01,P008,Training expense - Finance,Corporate Card,Posted,715.26,71.53,786.79,,,AUD,1.0
TX002940,2025-12-17,2025,4,12,December,D007,C020,V031,R02,P005,Customer Support Tools expense - Customer Service,Corporate Card,Posted,1226.27,122.63,1348.9,,,USD,1.5609
TX002941,2025-03-11,2025,1,3,March,D004,C001,V004,R01,P008,Software & SaaS expense - Marketing,Invoice,Posted,678.03,67.8,745.83,PO-55553,INV-953230,AUD,1.0
TX002942,2025-07-30,2025,3,7,July,D002,C006,V008,R01,P004,Travel expense - Finance,Corporate Card,Posted,259.67,25.97,285.64,,,AUD,1.0
TX002943,2025-05-14,2025,2,5,May,D007,C004,V006,R05,P008,Contractors expense - Customer Service,Invoice,Posted,2000.82,200.08,2200.9,PO-12225,INV-977505,AUD,1.0
TX002944,2025-06-20,2025,2,6,June,D006,C019,V001,R01,P008,Vehicle Expenses expense - Operations,Invoice,Posted,738.37,73.84,812.21,PO-71662,INV-316095,AUD,1.0
TX002945,2025-10-18,2025,4,10,October,D006,C011,V019,R02,P006,Office Supplies expense - Operations,Invoice,Posted,74.3,7.43,81.73,PO-11100,INV-978807,AUD,1.0
TX002946,2025-12-27,2025,4,12,December,D001,C002,V014,R04,P003,Cloud Services expense - Information Technology,Corporate Card,Posted,794.86,79.49,874.35,,,AUD,1.0
TX002947,2025-01-25,2025,1,1,January,D004,C011,V015,R04,P002,Office Supplies expense - Marketing,Corporate Card,Accrued,65.82,6.58,72.4,,,AUD,1.0
TX002948,2026-05-04,2026,2,5,May,D001,C012,V022,R04,P008,Telecommunications expense - Information Technology,Expense Claim,Posted,626.75,62.68,689.43,,,AUD,1.0
TX002949,2024-07-23,2024,3,7,July,D002,C016,V011,R01,P008,Insurance expense - Finance,Invoice,Posted,446.01,44.6,490.61,PO-37406,INV-768517,AUD,1.0
TX002950,2025-02-04,2025,1,2,February,D007,C012,V020,R02,P006,Telecommunications expense - Customer Service,Corporate Card,Accrued,369.26,36.93,406.19,,,AUD,1.0
TX002951,2024-11-30,2024,4,11,November,D005,C009,V032,R01,P003,Advertising expense - Sales,Corporate Card,Pending,3711.23,371.12,4082.35,,,AUD,1.0
TX002952,2024-02-01,2024,1,2,February,D004,C009,V013,R01,P005,Advertising expense - Marketing,Invoice,Posted,1835.84,183.58,2019.42,PO-26533,INV-986491,AUD,1.0
TX002953,2025-12-06,2025,4,12,December,D008,C015,V007,R01,P008,Repairs & Maintenance expense - Facilities,Direct Debit,Posted,652.28,65.23,717.51,,INV-157162,AUD,1.0
TX002954,2025-01-13,2025,1,1,January,D007,C020,V005,R02,P001,Customer Support Tools expense - Customer Service,Direct Debit,Posted,618.71,61.87,680.58,,INV-732954,AUD,1.0
TX002955,2024-03-14,2024,1,3,March,D006,C004,V033,R04,P008,Contractors expense - Operations,Invoice,Posted,845.98,84.6,930.58,PO-52992,INV-226672,AUD,1.0
TX002956,2024-10-10,2024,4,10,October,D008,C013,V006,R02,P004,Rent expense - Facilities,Invoice,Posted,759.2,75.92,835.12,PO-55400,INV-244353,AUD,1.0
TX002957,2025-06-04,2025,2,6,June,D003,C004,V025,R03,P008,Contractors expense - Human Resources,Invoice,Accrued,520.08,52.01,572.09,PO-97347,INV-954175,AUD,1.0
TX002958,2024-01-25,2024,1,1,January,D003,C008,V019,R01,P008,Recruitment expense - Human Resources,Invoice,Posted,1846.88,184.69,2031.57,PO-63645,INV-514279,AUD,1.0
TX002959,2024-03-19,2024,1,3,March,D004,C010,V022,R02,P007,Events expense - Marketing,Corporate Card,Posted,2255.03,225.5,2480.53,,,AUD,1.0
TX002960,2024-05-25,2024,2,5,May,D004,C010,V024,R03,P008,Events expense - Marketing,Invoice,Posted,1328.9,132.89,1461.79,PO-21398,INV-261726,AUD,1.0
TX002961,2025-10-14,2025,4,10,October,D008,C003,V021,R02,P002,Hardware expense - Facilities,Corporate Card,Posted,1291.43,129.14,1420.57,,,AUD,1.0
TX002962,2025-03-24,2025,1,3,March,D003,C001,V015,R03,P001,Software & SaaS expense - Human Resources,Expense Claim,Posted,1155.28,115.53,1270.81,,,AUD,1.0
TX002963,2025-08-14,2025,3,8,August,D007,C012,V015,R04,P007,Telecommunications expense - Customer Service,Invoice,Posted,104.04,10.4,114.44,PO-42796,INV-627734,AUD,1.0
TX002964,2024-08-17,2024,3,8,August,D007,C007,V007,R02,P001,Training expense - Customer Service,Invoice,Posted,388.79,38.88,427.67,PO-47617,INV-979748,AUD,1.0
TX002965,2026-06-01,2026,2,6,June,D004,C010,V021,R02,P008,Events expense - Marketing,Invoice,Posted,220.52,22.05,242.57,PO-88248,INV-105911,AUD,1.0
TX002966,2025-08-27,2025,3,8,August,D006,C006,V035,R05,P008,Travel expense - Operations,Corporate Card,Posted,559.05,55.91,614.96,,,AUD,1.0
TX002967,2025-05-29,2025,2,5,May,D007,C020,V022,R01,P008,Customer Support Tools expense - Customer Service,Expense Claim,Posted,479.91,47.99,527.9,,,AUD,1.0
TX002968,2026-06-22,2026,2,6,June,D007,C004,V033,R01,P008,Contractors expense - Customer Service,Invoice,Posted,1973.2,197.32,2170.52,PO-60607,INV-228083,AUD,1.0
TX002969,2026-05-01,2026,2,5,May,D006,C018,V001,R04,P008,Freight & Logistics expense - Operations,Direct Debit,Posted,1734.46,173.45,1907.91,,INV-631070,AUD,1.0
TX002970,2024-11-23,2024,4,11,November,D005,C010,V015,R02,P008,Events expense - Sales,Invoice,Posted,2240.6,224.06,2464.66,PO-40405,INV-960127,AUD,1.0
TX002971,2025-08-10,2025,3,8,August,D001,C005,V007,R03,P002,Consulting expense - Information Technology,Invoice,Posted,1406.33,140.63,1546.96,PO-28802,INV-214515,AUD,1.0
TX002972,2024-07-24,2024,3,7,July,D001,C003,V035,R01,P008,Hardware expense - Information Technology,Corporate Card,Posted,1483.29,148.33,1631.62,,,AUD,1.0
TX002973,2024-03-29,2024,1,3,March,D001,C002,V001,R03,P008,Cloud Services expense - Information Technology,Invoice,Posted,1503.43,150.34,1653.77,PO-84018,INV-570266,AUD,1.0
TX002974,2025-09-28,2025,3,9,September,D001,C012,V009,R03,P008,Telecommunications expense - Information Technology,Invoice,Posted,190.93,19.09,210.02,PO-66387,INV-138035,AUD,1.0
TX002975,2025-10-09,2025,4,10,October,D007,C004,V021,R04,P008,Contractors expense - Customer Service,Expense Claim,Posted,642.46,64.25,706.71,,,AUD,1.0
TX002976,2024-10-20,2024,4,10,October,D005,C019,V034,R03,P003,Vehicle Expenses expense - Sales,Invoice,Posted,439.11,43.91,483.02,PO-36807,INV-764418,AUD,1.0
TX002977,2025-09-30,2025,3,9,September,D008,C015,V025,R01,P006,Repairs & Maintenance expense - Facilities,Invoice,Accrued,373.19,37.32,410.51,PO-83300,INV-183723,AUD,1.0
TX002978,2025-07-18,2025,3,7,July,D006,C003,V007,R01,P008,Hardware expense - Operations,Invoice,Posted,318.91,31.89,350.8,PO-63214,INV-983127,AUD,1.0
TX002979,2025-04-08,2025,2,4,April,D008,C003,V009,R02,P008,Hardware expense - Facilities,Invoice,Posted,588.19,58.82,647.01,PO-34340,INV-349799,AUD,1.0
TX002980,2025-11-26,2025,4,11,November,D001,C002,V032,R02,P006,Cloud Services expense - Information Technology,Direct Debit,Posted,1392.21,139.22,1531.43,,INV-595084,AUD,1.0
TX002981,2025-11-09,2025,4,11,November,D003,C007,V030,R01,P008,Training expense - Human Resources,Invoice,Posted,47.24,4.72,51.96,PO-50524,INV-431722,AUD,1.0
TX002982,2024-08-22,2024,3,8,August,D008,C011,V020,R03,P005,Office Supplies expense - Facilities,Direct Debit,Posted,527.83,52.78,580.61,,INV-997653,AUD,1.0
TX002983,2024-11-26,2024,4,11,November,D003,C011,V004,R02,P008,Office Supplies expense - Human Resources,Invoice,Accrued,949.05,94.91,1043.96,PO-24708,INV-429959,AUD,1.0
TX002984,2026-01-23,2026,1,1,January,D007,C012,V035,R04,P008,Telecommunications expense - Customer Service,Invoice,Posted,361.78,36.18,397.96,PO-64225,INV-887382,USD,1.5474
TX002985,2026-06-05,2026,2,6,June,D001,C005,V014,R02,P008,Consulting expense - Information Technology,Corporate Card,Posted,651.71,65.17,716.88,,,AUD,1.0
TX002986,2025-06-05,2025,2,6,June,D007,C001,V023,R01,P008,Software & SaaS expense - Customer Service,Direct Debit,Posted,601.57,60.16,661.73,,INV-356072,AUD,1.0
TX002987,2024-11-03,2024,4,11,November,D006,C004,V004,R01,P005,Contractors expense - Operations,Direct Debit,Posted,1230.75,123.08,1353.83,,INV-656233,AUD,1.0
TX002988,2025-10-15,2025,4,10,October,D003,C007,V013,R01,P008,Training expense - Human Resources,Invoice,Posted,739.65,73.97,813.62,PO-61076,INV-910442,AUD,1.0
TX002989,2024-06-13,2024,2,6,June,D007,C020,V017,R05,P008,Customer Support Tools expense - Customer Service,Invoice,Posted,662.38,66.24,728.62,PO-71524,INV-125779,AUD,1.0
TX002990,2024-08-02,2024,3,8,August,D006,C019,V029,R05,P008,Vehicle Expenses expense - Operations,Invoice,Pending,2414.24,241.42,2655.66,PO-34800,INV-228820,AUD,1.0
TX002991,2026-03-26,2026,1,3,March,D003,C004,V006,R03,P008,Contractors expense - Human Resources,Invoice,Posted,5632.64,563.26,6195.9,PO-10127,INV-901417,USD,1.4834
TX002992,2026-05-25,2026,2,5,May,D007,C004,V017,R01,P008,Contractors expense - Customer Service,Invoice,Posted,1672.0,167.2,1839.2,PO-31520,INV-433759,AUD,1.0
TX002993,2025-07-05,2025,3,7,July,D004,C001,V015,R01,P001,Software & SaaS expense - Marketing,Invoice,Posted,775.97,77.6,853.57,PO-66504,INV-597909,AUD,1.0
TX002994,2024-07-14,2024,3,7,July,D006,C019,V020,R01,P008,Vehicle Expenses expense - Operations,Direct Debit,Posted,682.42,68.24,750.66,,INV-786025,AUD,1.0
TX002995,2024-05-22,2024,2,5,May,D002,C004,V024,R01,P008,Contractors expense - Finance,Direct Debit,Posted,629.83,62.98,692.81,,INV-504681,AUD,1.0
TX002996,2024-10-26,2024,4,10,October,D004,C006,V034,R02,P001,Travel expense - Marketing,Invoice,Posted,347.14,34.71,381.85,PO-93869,INV-403541,AUD,1.0
TX002997,2025-02-08,2025,1,2,February,D008,C015,V026,R01,P003,Repairs & Maintenance expense - Facilities,Invoice,Posted,622.42,62.24,684.66,PO-29955,INV-639124,AUD,1.0
TX002998,2026-02-26,2026,1,2,February,D001,C002,V026,R05,P008,Cloud Services expense - Information Technology,Direct Debit,Posted,1425.95,142.59,1568.54,,INV-623878,AUD,1.0
TX002999,2024-10-15,2024,4,10,October,D002,C016,V016,R01,P008,Insurance expense - Finance,Invoice,Accrued,179.07,17.91,196.98,PO-18003,INV-847980,USD,1.4552
TX003000,2025-12-07,2025,4,12,December,D002,C006,V028,R02,P008,Travel expense - Finance,Invoice,Posted,94.69,9.47,104.16,PO-50111,INV-175886,AUD,1.0
TX003001,2024-10-24,2024,4,10,October,D001,C005,V025,R03,P008,Consulting expense - Information Technology,Invoice,Posted,545.76,54.58,600.34,PO-65966,INV-183675,AUD,1.0
TX003002,2024-02-07,2024,1,2,February,D007,C012,V004,R03,P008,Telecommunications expense - Customer Service,Invoice,Posted,199.24,19.92,219.16,PO-23618,INV-563677,AUD,1.0
TX003003,2024-09-25,2024,3,9,September,D006,C004,V007,R02,P008,Contractors expense - Operations,Invoice,Posted,1284.5,128.45,1412.95,PO-81348,INV-401874,AUD,1.0
TX003004,2024-11-23,2024,4,11,November,D008,C016,V010,R05,P008,Insurance expense - Facilities,Invoice,Posted,1120.33,112.03,1232.36,PO-30037,INV-321731,AUD,1.0
TX003005,2026-03-03,2026,1,3,March,D004,C006,V001,R01,P004,Travel expense - Marketing,Corporate Card,Posted,524.77,52.48,577.25,,,AUD,1.0
TX003006,2024-06-24,2024,2,6,June,D006,C003,V002,R01,P008,Hardware expense - Operations,Invoice,Posted,10938.28,1093.83,12032.11,PO-40668,INV-333177,AUD,1.0
TX003007,2025-11-03,2025,4,11,November,D004,C001,V030,R02,P002,Software & SaaS expense - Marketing,Invoice,Posted,1151.51,115.15,1266.66,PO-82404,INV-828760,AUD,1.0
TX003008,2024-06-18,2024,2,6,June,D005,C012,V012,R01,P001,Telecommunications expense - Sales,Invoice,Posted,400.71,40.07,440.78,PO-16233,INV-633736,AUD,1.0
TX003009,2025-08-23,2025,3,8,August,D006,C004,V026,R01,P007,Contractors expense - Operations,Direct Debit,Posted,1786.67,178.67,1965.34,,INV-450396,AUD,1.0
TX003010,2024-02-16,2024,1,2,February,D006,C003,V009,R02,P004,Hardware expense - Operations,Direct Debit,Posted,672.88,67.29,740.17,,INV-148053,AUD,1.0
TX003011,2026-01-29,2026,1,1,January,D003,C007,V010,R01,P006,Training expense - Human Resources,Invoice,Posted,325.79,32.58,358.37,PO-99020,INV-980580,USD,1.4944
TX003012,2024-08-25,2024,3,8,August,D008,C015,V018,R02,P004,Repairs & Maintenance expense - Facilities,Corporate Card,Posted,106.13,10.61,116.74,,,AUD,1.0
TX003013,2024-08-18,2024,3,8,August,D001,C005,V007,R02,P004,Consulting expense - Information Technology,Invoice,Posted,768.03,76.8,844.83,PO-77546,INV-434834,AUD,1.0
TX003014,2026-04-11,2026,2,4,April,D001,C003,V018,R05,P008,Hardware expense - Information Technology,Invoice,Posted,2810.45,281.05,3091.5,PO-51281,INV-223646,AUD,1.0
TX003015,2025-07-24,2025,3,7,July,D003,C004,V004,R02,P003,Contractors expense - Human Resources,Invoice,Posted,2215.37,221.54,2436.91,PO-84448,INV-212429,AUD,1.0
TX003016,2025-12-09,2025,4,12,December,D002,C006,V001,R01,P008,Travel expense - Finance,Direct Debit,Accrued,338.21,33.82,372.03,,INV-655700,AUD,1.0
TX003017,2025-02-09,2025,1,2,February,D006,C019,V031,R05,P008,Vehicle Expenses expense - Operations,Invoice,Posted,577.01,57.7,634.71,PO-27707,INV-329765,AUD,1.0
TX003018,2025-02-07,2025,1,2,February,D007,C001,V031,R03,P008,Software & SaaS expense - Customer Service,Invoice,Posted,699.48,69.95,769.43,PO-77732,INV-723076,AUD,1.0
TX003019,2024-08-03,2024,3,8,August,D003,C006,V035,R04,P002,Travel expense - Human Resources,Invoice,Posted,1174.5,117.45,1291.95,PO-57843,INV-222648,AUD,1.0
TX003020,2025-02-15,2025,1,2,February,D001,C002,V022,R02,P008,Cloud Services expense - Information Technology,Invoice,Posted,1282.6,128.26,1410.86,PO-47967,INV-686069,AUD,1.0
TX003021,2024-02-22,2024,1,2,February,D004,C011,V026,R03,P007,Office Supplies expense - Marketing,Invoice,Posted,213.16,21.32,234.48,PO-18789,INV-360564,AUD,1.0
TX003022,2024-12-12,2024,4,12,December,D004,C009,V033,R02,P004,Advertising expense - Marketing,Invoice,Posted,588.34,58.83,647.17,PO-88566,INV-484507,USD,1.5644
TX003023,2024-05-18,2024,2,5,May,D007,C001,V023,R02,P008,Software & SaaS expense - Customer Service,Invoice,Posted,366.73,36.67,403.4,PO-13957,INV-197509,AUD,1.0
TX003024,2024-03-27,2024,1,3,March,D005,C012,V020,R04,P008,Telecommunications expense - Sales,Corporate Card,Posted,356.94,35.69,392.63,,,AUD,1.0
TX003025,2025-04-05,2025,2,4,April,D008,C003,V003,R01,P008,Hardware expense - Facilities,Invoice,Posted,1051.04,105.1,1156.14,PO-61034,INV-452732,AUD,1.0
TX003026,2025-08-11,2025,3,8,August,D008,C013,V003,R01,P006,Rent expense - Facilities,Invoice,Posted,7075.45,707.55,7783.0,PO-62620,INV-667735,AUD,1.0
TX003027,2026-05-19,2026,2,5,May,D002,C001,V019,R02,P008,Software & SaaS expense - Finance,Invoice,Posted,3885.04,388.5,4273.54,PO-93771,INV-391413,AUD,1.0
TX003028,2026-06-30,2026,2,6,June,D004,C001,V011,R02,P008,Software & SaaS expense - Marketing,Invoice,Posted,1017.93,101.79,1119.72,PO-65619,INV-704161,AUD,1.0
TX003029,2025-08-25,2025,3,8,August,D002,C006,V015,R01,P008,Travel expense - Finance,Invoice,Posted,571.15,57.12,628.27,PO-53491,INV-561010,AUD,1.0
TX003030,2025-07-23,2025,3,7,July,D007,C012,V010,R05,P002,Telecommunications expense - Customer Service,Corporate Card,Posted,179.1,17.91,197.01,,,AUD,1.0
TX003031,2024-05-27,2024,2,5,May,D002,C004,V035,R04,P008,Contractors expense - Finance,Invoice,Posted,1897.47,189.75,2087.22,PO-18386,INV-754857,AUD,1.0
TX003032,2026-06-19,2026,2,6,June,D007,C001,V023,R03,P004,Software & SaaS expense - Customer Service,Invoice,Posted,1680.38,168.04,1848.42,PO-39741,INV-164709,AUD,1.0
TX003033,2025-12-24,2025,4,12,December,D005,C006,V008,R02,P007,Travel expense - Sales,Invoice,Posted,531.09,53.11,584.2,PO-26155,INV-556347,AUD,1.0
TX003034,2026-02-08,2026,1,2,February,D005,C009,V007,R02,P008,Advertising expense - Sales,Invoice,Posted,945.06,94.51,1039.57,PO-68269,INV-487544,AUD,1.0
TX003035,2025-02-24,2025,1,2,February,D001,C002,V008,R01,P008,Cloud Services expense - Information Technology,Expense Claim,Posted,489.98,49.0,538.98,,,AUD,1.0
TX003036,2025-09-13,2025,3,9,September,D008,C004,V011,R02,P008,Contractors expense - Facilities,Corporate Card,Posted,644.57,64.46,709.03,,,AUD,1.0
TX003037,2024-06-06,2024,2,6,June,D008,C004,V032,R03,P004,Contractors expense - Facilities,Invoice,Posted,2427.31,242.73,2670.04,PO-94158,INV-725536,AUD,1.0
TX003038,2025-05-06,2025,2,5,May,D004,C009,V021,R02,P008,Advertising expense - Marketing,Direct Debit,Posted,4520.21,452.02,4972.23,,INV-976940,AUD,1.0
TX003039,2025-07-27,2025,3,7,July,D004,C011,V004,R02,P001,Office Supplies expense - Marketing,Expense Claim,Posted,423.5,42.35,465.85,,,AUD,1.0
TX003040,2025-10-25,2025,4,10,October,D001,C020,V030,R02,P008,Customer Support Tools expense - Information Technology,Corporate Card,Posted,350.72,35.07,385.79,,,AUD,1.0
TX003041,2025-05-01,2025,2,5,May,D005,C006,V011,R03,P004,Travel expense - Sales,Invoice,Posted,302.27,30.23,332.5,PO-74776,INV-587428,AUD,1.0
TX003042,2024-12-26,2024,4,12,December,D003,C007,V008,R03,P001,Training expense - Human Resources,Corporate Card,Posted,387.07,38.71,425.78,,,AUD,1.0
TX003043,2026-01-29,2026,1,1,January,D006,C003,V019,R02,P008,Hardware expense - Operations,Invoice,Accrued,227.62,22.76,250.38,PO-48549,INV-320892,AUD,1.0
TX003044,2025-06-08,2025,2,6,June,D002,C006,V026,R04,P006,Travel expense - Finance,Invoice,Posted,1110.23,111.02,1221.25,PO-19419,INV-515515,AUD,1.0
TX003045,2025-10-17,2025,4,10,October,D004,C010,V027,R01,P008,Events expense - Marketing,Invoice,Posted,442.01,44.2,486.21,PO-71262,INV-637261,AUD,1.0
TX003046,2024-06-10,2024,2,6,June,D001,C012,V026,R01,P008,Telecommunications expense - Information Technology,Corporate Card,Posted,514.16,51.42,565.58,,,AUD,1.0
TX003047,2026-04-12,2026,2,4,April,D003,C007,V002,R04,P004,Training expense - Human Resources,Invoice,Posted,1489.84,148.98,1638.82,PO-98082,INV-158115,AUD,1.0
TX003048,2026-04-15,2026,2,4,April,D007,C012,V021,R02,P006,Telecommunications expense - Customer Service,Invoice,Posted,152.46,15.25,167.71,PO-63985,INV-692651,AUD,1.0
TX003049,2024-10-11,2024,4,10,October,D004,C006,V033,R01,P003,Travel expense - Marketing,Invoice,Posted,593.07,59.31,652.38,PO-78064,INV-133577,AUD,1.0
TX003050,2024-12-06,2024,4,12,December,D008,C004,V029,R01,P004,Contractors expense - Facilities,Invoice,Posted,5571.44,557.14,6128.58,PO-63577,INV-215567,AUD,1.0
TX003051,2024-11-18,2024,4,11,November,D002,C001,V023,R02,P008,Software & SaaS expense - Finance,Invoice,Posted,370.75,37.08,407.83,PO-26607,INV-909962,AUD,1.0
TX003052,2024-07-14,2024,3,7,July,D006,C019,V035,R02,P008,Vehicle Expenses expense - Operations,Direct Debit,Posted,1163.68,116.37,1280.05,,INV-257778,AUD,1.0
TX003053,2026-06-14,2026,2,6,June,D007,C004,V025,R01,P001,Contractors expense - Customer Service,Invoice,Posted,2219.68,221.97,2441.65,PO-86988,INV-891978,AUD,1.0
TX003054,2025-04-02,2025,2,4,April,D006,C003,V034,R04,P003,Hardware expense - Operations,Invoice,Posted,548.66,54.87,603.53,PO-42922,INV-946446,USD,1.5182
TX003055,2026-06-07,2026,2,6,June,D006,C018,V032,R03,P008,Freight & Logistics expense - Operations,Invoice,Posted,1382.83,138.28,1521.11,PO-61997,INV-390698,AUD,1.0
TX003056,2025-11-30,2025,4,11,November,D007,C001,V028,R01,P008,Software & SaaS expense - Customer Service,Direct Debit,Posted,1587.5,158.75,1746.25,,INV-374422,AUD,1.0
TX003057,2026-06-18,2026,2,6,June,D008,C003,V001,R03,P008,Hardware expense - Facilities,Invoice,Posted,502.69,50.27,552.96,PO-90664,INV-685493,AUD,1.0
TX003058,2025-07-02,2025,3,7,July,D005,C001,V017,R03,P008,Software & SaaS expense - Sales,Expense Claim,Posted,244.74,24.47,269.21,,,AUD,1.0
TX003059,2026-06-04,2026,2,6,June,D002,C017,V008,R01,P006,Legal & Compliance expense - Finance,Invoice,Posted,492.09,49.21,541.3,PO-12374,INV-439351,AUD,1.0
TX003060,2025-06-11,2025,2,6,June,D001,C003,V033,R04,P008,Hardware expense - Information Technology,Direct Debit,Pending,4053.43,405.34,4458.77,,INV-844702,AUD,1.0
TX003061,2024-08-14,2024,3,8,August,D006,C019,V028,R02,P008,Vehicle Expenses expense - Operations,Invoice,Posted,2213.89,221.39,2435.28,PO-40921,INV-171814,AUD,1.0
TX003062,2024-04-09,2024,2,4,April,D007,C012,V009,R02,P007,Telecommunications expense - Customer Service,Corporate Card,Posted,231.86,23.19,255.05,,,AUD,1.0
TX003063,2025-06-20,2025,2,6,June,D004,C009,V018,R03,P001,Advertising expense - Marketing,Direct Debit,Accrued,5446.57,544.66,5991.23,,INV-859568,AUD,1.0
TX003064,2024-11-24,2024,4,11,November,D002,C017,V010,R01,P001,Legal & Compliance expense - Finance,Invoice,Posted,901.98,90.2,992.18,PO-74937,INV-850186,AUD,1.0
TX003065,2026-06-11,2026,2,6,June,D002,C017,V033,R02,P005,Legal & Compliance expense - Finance,Invoice,Posted,757.56,75.76,833.32,PO-17515,INV-417934,AUD,1.0
TX003066,2024-08-28,2024,3,8,August,D007,C007,V023,R03,P006,Training expense - Customer Service,Direct Debit,Posted,105.89,10.59,116.48,,INV-438650,AUD,1.0
TX003067,2024-07-13,2024,3,7,July,D003,C004,V010,R04,P001,Contractors expense - Human Resources,Direct Debit,Accrued,1635.87,163.59,1799.46,,INV-802022,AUD,1.0
TX003068,2026-06-06,2026,2,6,June,D006,C006,V026,R02,P005,Travel expense - Operations,Invoice,Posted,2654.64,265.46,2920.1,PO-14736,INV-643244,AUD,1.0
TX003069,2024-08-12,2024,3,8,August,D006,C006,V010,R03,P008,Travel expense - Operations,Invoice,Accrued,1036.33,103.63,1139.96,PO-26381,INV-718147,AUD,1.0
TX003070,2024-06-25,2024,2,6,June,D001,C004,V013,R03,P006,Contractors expense - Information Technology,Corporate Card,Accrued,484.73,48.47,533.2,,,AUD,1.0
TX003071,2025-03-22,2025,1,3,March,D003,C004,V006,R01,P008,Contractors expense - Human Resources,Invoice,Posted,3504.98,350.5,3855.48,PO-90350,INV-875453,AUD,1.0
TX003072,2025-09-13,2025,3,9,September,D006,C006,V003,R03,P008,Travel expense - Operations,Invoice,Posted,189.87,18.99,208.86,PO-13504,INV-540920,AUD,1.0
TX003073,2024-05-13,2024,2,5,May,D005,C009,V025,R04,P001,Advertising expense - Sales,Invoice,Posted,2338.84,233.88,2572.72,PO-37990,INV-391056,AUD,1.0
TX003074,2024-04-07,2024,2,4,April,D005,C019,V014,R01,P001,Vehicle Expenses expense - Sales,Corporate Card,Posted,490.53,49.05,539.58,,,AUD,1.0
TX003075,2025-11-09,2025,4,11,November,D007,C012,V028,R04,P008,Telecommunications expense - Customer Service,Corporate Card,Posted,319.89,31.99,351.88,,,AUD,1.0
TX003076,2024-05-19,2024,2,5,May,D001,C012,V004,R05,P001,Telecommunications expense - Information Technology,Invoice,Posted,216.21,21.62,237.83,PO-83113,INV-281840,AUD,1.0
TX003077,2025-02-07,2025,1,2,February,D001,C020,V031,R01,P008,Customer Support Tools expense - Information Technology,Corporate Card,Posted,2574.64,257.46,2832.1,,,AUD,1.0
TX003078,2026-02-03,2026,1,2,February,D005,C006,V015,R01,P003,Travel expense - Sales,Direct Debit,Posted,419.71,41.97,461.68,,INV-578138,AUD,1.0
TX003079,2025-04-12,2025,2,4,April,D005,C009,V011,R02,P005,Advertising expense - Sales,Invoice,Accrued,1803.28,180.33,1983.61,PO-78987,INV-424022,AUD,1.0
TX003080,2025-03-18,2025,1,3,March,D001,C002,V015,R03,P003,Cloud Services expense - Information Technology,Direct Debit,Posted,1589.4,158.94,1748.34,,INV-412195,AUD,1.0
TX003081,2024-06-29,2024,2,6,June,D001,C020,V030,R03,P008,Customer Support Tools expense - Information Technology,Corporate Card,Posted,360.03,36.0,396.03,,,AUD,1.0
TX003082,2025-01-12,2025,1,1,January,D005,C010,V025,R03,P001,Events expense - Sales,Direct Debit,Posted,6047.62,604.76,6652.38,,INV-456865,AUD,1.0
TX003083,2024-09-04,2024,3,9,September,D003,C011,V021,R03,P003,Office Supplies expense - Human Resources,Invoice,Posted,170.42,17.04,187.46,PO-87601,INV-403889,AUD,1.0
TX003084,2025-02-25,2025,1,2,February,D008,C015,V005,R02,P008,Repairs & Maintenance expense - Facilities,Invoice,Posted,618.3,61.83,680.13,PO-20279,INV-335746,AUD,1.0
TX003085,2026-06-09,2026,2,6,June,D006,C018,V021,R03,P008,Freight & Logistics expense - Operations,Corporate Card,Posted,2060.21,206.02,2266.23,,,AUD,1.0
TX003086,2024-08-23,2024,3,8,August,D006,C019,V030,R01,P008,Vehicle Expenses expense - Operations,Invoice,Posted,406.24,40.62,446.86,PO-86469,INV-497486,AUD,1.0
TX003087,2026-06-23,2026,2,6,June,D006,C006,V032,R03,P008,Travel expense - Operations,Corporate Card,Posted,854.36,85.44,939.8,,,AUD,1.0
TX003088,2026-04-09,2026,2,4,April,D003,C001,V008,R01,P008,Software & SaaS expense - Human Resources,Direct Debit,Posted,1461.27,146.13,1607.4,,INV-514305,AUD,1.0
TX003089,2024-07-05,2024,3,7,July,D006,C003,V022,R01,P005,Hardware expense - Operations,Invoice,Posted,3749.8,374.98,4124.78,PO-97908,INV-943648,AUD,1.0
TX003090,2024-01-15,2024,1,1,January,D001,C001,V023,R03,P008,Software & SaaS expense - Information Technology,Invoice,Posted,1037.69,103.77,1141.46,PO-98262,INV-772252,AUD,1.0
TX003091,2024-10-27,2024,4,10,October,D007,C012,V020,R01,P008,Telecommunications expense - Customer Service,Invoice,Posted,645.92,64.59,710.51,PO-70915,INV-262831,USD,1.4672
TX003092,2026-01-30,2026,1,1,January,D006,C003,V017,R01,P003,Hardware expense - Operations,Corporate Card,Posted,768.49,76.85,845.34,,,AUD,1.0
TX003093,2026-01-09,2026,1,1,January,D003,C007,V035,R04,P008,Training expense - Human Resources,Invoice,Posted,391.96,39.2,431.16,PO-94810,INV-718962,AUD,1.0
TX003094,2025-03-24,2025,1,3,March,D002,C005,V005,R01,P008,Consulting expense - Finance,Invoice,Accrued,2077.24,207.72,2284.96,PO-64124,INV-189484,AUD,1.0
TX003095,2025-11-07,2025,4,11,November,D001,C004,V026,R04,P008,Contractors expense - Information Technology,Corporate Card,Posted,2176.61,217.66,2394.27,,,AUD,1.0
TX003096,2026-02-06,2026,1,2,February,D002,C006,V019,R01,P008,Travel expense - Finance,Invoice,Posted,1165.18,116.52,1281.7,PO-16608,INV-328614,AUD,1.0
TX003097,2024-06-06,2024,2,6,June,D006,C004,V024,R02,P008,Contractors expense - Operations,Corporate Card,Posted,1112.84,111.28,1224.12,,,AUD,1.0
TX003098,2026-01-16,2026,1,1,January,D001,C004,V004,R05,P008,Contractors expense - Information Technology,Corporate Card,Posted,2143.56,214.36,2357.92,,,AUD,1.0
TX003099,2025-04-17,2025,2,4,April,D007,C007,V005,R05,P007,Training expense - Customer Service,Invoice,Posted,144.17,14.42,158.59,PO-36818,INV-788139,AUD,1.0
TX003100,2025-02-18,2025,1,2,February,D004,C001,V029,R03,P006,Software & SaaS expense - Marketing,Invoice,Posted,492.43,49.24,541.67,PO-86423,INV-433828,AUD,1.0
TX003101,2024-03-06,2024,1,3,March,D006,C011,V002,R04,P006,Office Supplies expense - Operations,Invoice,Posted,87.64,8.76,96.4,PO-17053,INV-476127,AUD,1.0
TX003102,2025-11-26,2025,4,11,November,D002,C006,V030,R01,P007,Travel expense - Finance,Direct Debit,Posted,298.0,29.8,327.8,,INV-785806,AUD,1.0
TX003103,2025-01-07,2025,1,1,January,D004,C011,V016,R03,P008,Office Supplies expense - Marketing,Invoice,Posted,274.54,27.45,301.99,PO-88079,INV-432296,AUD,1.0
TX003104,2025-08-17,2025,3,8,August,D007,C012,V022,R02,P008,Telecommunications expense - Customer Service,Corporate Card,Posted,268.25,26.83,295.08,,,AUD,1.0
TX003105,2024-07-05,2024,3,7,July,D007,C020,V021,R03,P008,Customer Support Tools expense - Customer Service,Expense Claim,Posted,399.44,39.94,439.38,,,AUD,1.0
TX003106,2025-11-03,2025,4,11,November,D003,C008,V007,R01,P008,Recruitment expense - Human Resources,Invoice,Posted,254.23,25.42,279.65,PO-65141,INV-120668,AUD,1.0
TX003107,2024-06-09,2024,2,6,June,D002,C004,V035,R02,P008,Contractors expense - Finance,Invoice,Posted,1086.61,108.66,1195.27,PO-18834,INV-651866,AUD,1.0
TX003108,2024-09-29,2024,3,9,September,D003,C011,V023,R03,P006,Office Supplies expense - Human Resources,Invoice,Accrued,1040.5,104.05,1144.55,PO-54039,INV-685079,AUD,1.0
TX003109,2025-09-06,2025,3,9,September,D003,C004,V009,R01,P005,Contractors expense - Human Resources,Invoice,Pending,2395.37,239.54,2634.91,PO-67301,INV-304429,AUD,1.0
TX003110,2024-01-06,2024,1,1,January,D003,C004,V012,R02,P008,Contractors expense - Human Resources,Invoice,Posted,1994.12,199.41,2193.53,PO-90277,INV-622036,USD,1.5315
TX003111,2024-04-16,2024,2,4,April,D006,C019,V027,R04,P005,Vehicle Expenses expense - Operations,Direct Debit,Posted,591.5,59.15,650.65,,INV-808720,AUD,1.0
TX003112,2025-01-03,2025,1,1,January,D006,C003,V034,R02,P003,Hardware expense - Operations,Direct Debit,Posted,229.34,22.93,252.27,,INV-470590,AUD,1.0
TX003113,2026-01-13,2026,1,1,January,D001,C005,V031,R02,P008,Consulting expense - Information Technology,Direct Debit,Posted,491.87,49.19,541.06,,INV-883468,AUD,1.0
TX003114,2025-11-24,2025,4,11,November,D006,C018,V034,R01,P001,Freight & Logistics expense - Operations,Corporate Card,Posted,5023.42,502.34,5525.76,,,AUD,1.0
TX003115,2026-04-03,2026,2,4,April,D005,C009,V014,R02,P001,Advertising expense - Sales,Corporate Card,Posted,1003.15,100.31,1103.46,,,USD,1.5065
TX003116,2026-03-15,2026,1,3,March,D005,C010,V015,R03,P004,Events expense - Sales,Invoice,Posted,185.27,18.53,203.8,PO-39998,INV-308281,AUD,1.0
TX003117,2025-05-06,2025,2,5,May,D003,C004,V028,R04,P008,Contractors expense - Human Resources,Invoice,Posted,1306.19,130.62,1436.81,PO-75370,INV-356768,AUD,1.0
TX003118,2024-10-22,2024,4,10,October,D006,C003,V019,R01,P003,Hardware expense - Operations,Invoice,Posted,652.8,65.28,718.08,PO-56583,INV-716036,AUD,1.0
TX003119,2025-05-13,2025,2,5,May,D008,C004,V002,R05,P006,Contractors expense - Facilities,Direct Debit,Posted,2419.85,241.99,2661.84,,INV-197657,AUD,1.0
TX003120,2025-03-25,2025,1,3,March,D005,C010,V028,R05,P004,Events expense - Sales,Corporate Card,Posted,768.29,76.83,845.12,,,AUD,1.0
TX003121,2026-04-05,2026,2,4,April,D005,C012,V023,R03,P008,Telecommunications expense - Sales,Direct Debit,Posted,358.77,35.88,394.65,,INV-375192,AUD,1.0
TX003122,2024-09-27,2024,3,9,September,D007,C001,V021,R04,P004,Software & SaaS expense - Customer Service,Invoice,Posted,455.02,45.5,500.52,PO-93913,INV-265476,AUD,1.0
TX003123,2024-03-22,2024,1,3,March,D003,C004,V029,R02,P008,Contractors expense - Human Resources,Invoice,Posted,296.78,29.68,326.46,PO-81864,INV-892675,AUD,1.0
TX003124,2025-07-30,2025,3,7,July,D008,C011,V035,R01,P008,Office Supplies expense - Facilities,Corporate Card,Posted,395.04,39.5,434.54,,,AUD,1.0
TX003125,2026-03-08,2026,1,3,March,D001,C001,V019,R01,P001,Software & SaaS expense - Information Technology,Invoice,Posted,1111.17,111.12,1222.29,PO-14248,INV-438186,AUD,1.0
TX003126,2026-01-16,2026,1,1,January,D002,C007,V012,R01,P005,Training expense - Finance,Corporate Card,Posted,204.07,20.41,224.48,,,AUD,1.0
TX003127,2024-05-17,2024,2,5,May,D004,C010,V004,R01,P008,Events expense - Marketing,Invoice,Posted,3457.11,345.71,3802.82,PO-35526,INV-848348,AUD,1.0
TX003128,2025-01-12,2025,1,1,January,D008,C011,V035,R05,P008,Office Supplies expense - Facilities,Direct Debit,Posted,79.96,8.0,87.96,,INV-225869,AUD,1.0
TX003129,2025-08-31,2025,3,8,August,D007,C001,V021,R02,P008,Software & SaaS expense - Customer Service,Direct Debit,Posted,1411.86,141.19,1553.05,,INV-599219,AUD,1.0
TX003130,2024-07-13,2024,3,7,July,D008,C016,V031,R05,P004,Insurance expense - Facilities,Direct Debit,Posted,387.86,38.79,426.65,,INV-986616,AUD,1.0
TX003131,2025-01-29,2025,1,1,January,D007,C001,V032,R02,P008,Software & SaaS expense - Customer Service,Invoice,Posted,1006.21,100.62,1106.83,PO-17241,INV-819446,AUD,1.0
TX003132,2025-10-20,2025,4,10,October,D005,C009,V029,R05,P008,Advertising expense - Sales,Invoice,Pending,2789.13,278.91,3068.04,PO-13565,INV-819604,AUD,1.0
TX003133,2024-03-24,2024,1,3,March,D001,C004,V010,R03,P008,Contractors expense - Information Technology,Invoice,Posted,1443.47,144.35,1587.82,PO-12057,INV-448721,AUD,1.0
TX003134,2025-09-28,2025,3,9,September,D005,C019,V032,R01,P005,Vehicle Expenses expense - Sales,Invoice,Posted,338.51,33.85,372.36,PO-67973,INV-272585,AUD,1.0
TX003135,2024-10-11,2024,4,10,October,D006,C018,V030,R01,P008,Freight & Logistics expense - Operations,Invoice,Posted,2135.06,213.51,2348.57,PO-82170,INV-945586,AUD,1.0
TX003136,2024-01-03,2024,1,1,January,D006,C004,V031,R03,P005,Contractors expense - Operations,Direct Debit,Posted,636.27,63.63,699.9,,INV-575465,AUD,1.0
TX003137,2026-01-28,2026,1,1,January,D001,C003,V003,R01,P003,Hardware expense - Information Technology,Invoice,Posted,727.15,72.72,799.87,PO-51624,INV-506980,AUD,1.0
TX003138,2025-07-14,2025,3,7,July,D004,C010,V012,R02,P001,Events expense - Marketing,Direct Debit,Posted,531.2,53.12,584.32,,INV-953773,AUD,1.0
TX003139,2025-07-24,2025,3,7,July,D003,C001,V011,R01,P008,Software & SaaS expense - Human Resources,Invoice,Posted,730.37,73.04,803.41,PO-65850,INV-821933,AUD,1.0
TX003140,2024-07-15,2024,3,7,July,D001,C020,V014,R05,P006,Customer Support Tools expense - Information Technology,Expense Claim,Accrued,1160.04,116.0,1276.04,,,AUD,1.0
TX003141,2025-06-12,2025,2,6,June,D002,C006,V026,R02,P003,Travel expense - Finance,Invoice,Posted,375.13,37.51,412.64,PO-55861,INV-691524,AUD,1.0
TX003142,2024-12-30,2024,4,12,December,D008,C016,V021,R01,P008,Insurance expense - Facilities,Invoice,Posted,106.94,10.69,117.63,PO-67923,INV-604774,AUD,1.0
TX003143,2025-11-05,2025,4,11,November,D003,C006,V012,R05,P004,Travel expense - Human Resources,Corporate Card,Posted,190.77,19.08,209.85,,,AUD,1.0
TX003144,2025-07-15,2025,3,7,July,D002,C001,V021,R03,P008,Software & SaaS expense - Finance,Invoice,Posted,1044.31,104.43,1148.74,PO-71948,INV-759851,AUD,1.0
TX003145,2024-06-01,2024,2,6,June,D001,C005,V008,R01,P004,Consulting expense - Information Technology,Corporate Card,Posted,552.25,55.23,607.48,,,AUD,1.0
TX003146,2024-09-07,2024,3,9,September,D002,C006,V008,R01,P008,Travel expense - Finance,Invoice,Posted,374.32,37.43,411.75,PO-60122,INV-557940,AUD,1.0
TX003147,2024-04-01,2024,2,4,April,D004,C011,V029,R01,P008,Office Supplies expense - Marketing,Invoice,Posted,308.16,30.82,338.98,PO-82351,INV-415484,AUD,1.0
TX003148,2024-02-04,2024,1,2,February,D003,C004,V003,R03,P001,Contractors expense - Human Resources,Corporate Card,Posted,4067.45,406.75,4474.2,,,AUD,1.0
TX003149,2025-03-23,2025,1,3,March,D006,C019,V033,R03,P008,Vehicle Expenses expense - Operations,Invoice,Posted,298.75,29.88,328.63,PO-28363,INV-272745,AUD,1.0
TX003150,2024-11-07,2024,4,11,November,D006,C006,V007,R03,P008,Travel expense - Operations,Invoice,Posted,647.33,64.73,712.06,PO-48900,INV-774048,AUD,1.0
TX003151,2025-11-14,2025,4,11,November,D003,C006,V027,R01,P008,Travel expense - Human Resources,Corporate Card,Posted,570.22,57.02,627.24,,,AUD,1.0
TX003152,2024-09-23,2024,3,9,September,D006,C004,V002,R02,P008,Contractors expense - Operations,Direct Debit,Posted,5265.35,526.54,5791.89,,INV-762664,AUD,1.0
TX003153,2024-06-18,2024,2,6,June,D006,C003,V025,R01,P008,Hardware expense - Operations,Invoice,Posted,600.32,60.03,660.35,PO-19635,INV-621998,AUD,1.0
TX003154,2026-04-24,2026,2,4,April,D001,C005,V026,R02,P002,Consulting expense - Information Technology,Corporate Card,Posted,2357.83,235.78,2593.61,,,AUD,1.0
TX003155,2025-11-26,2025,4,11,November,D003,C008,V025,R01,P001,Recruitment expense - Human Resources,Invoice,Posted,252.68,25.27,277.95,PO-30288,INV-466142,USD,1.5055
TX003156,2024-08-12,2024,3,8,August,D007,C001,V033,R01,P006,Software & SaaS expense - Customer Service,Direct Debit,Accrued,928.73,92.87,1021.6,,INV-712371,AUD,1.0
TX003157,2024-12-29,2024,4,12,December,D008,C016,V020,R03,P008,Insurance expense - Facilities,Invoice,Posted,434.04,43.4,477.44,PO-90857,INV-921710,AUD,1.0
TX003158,2025-04-07,2025,2,4,April,D002,C006,V006,R04,P008,Travel expense - Finance,Invoice,Accrued,2177.66,217.77,2395.43,PO-32608,INV-501242,AUD,1.0
TX003159,2026-04-26,2026,2,4,April,D002,C005,V029,R04,P008,Consulting expense - Finance,Invoice,Posted,491.56,49.16,540.72,PO-58493,INV-294358,AUD,1.0
TX003160,2025-03-16,2025,1,3,March,D005,C009,V033,R05,P008,Advertising expense - Sales,Direct Debit,Posted,3209.99,321.0,3530.99,,INV-863783,AUD,1.0
TX003161,2025-01-12,2025,1,1,January,D005,C001,V008,R03,P008,Software & SaaS expense - Sales,Invoice,Posted,2520.58,252.06,2772.64,PO-27699,INV-121934,AUD,1.0
TX003162,2025-09-09,2025,3,9,September,D004,C010,V026,R04,P007,Events expense - Marketing,Invoice,Posted,900.27,90.03,990.3,PO-73680,INV-394983,AUD,1.0
TX003163,2025-11-06,2025,4,11,November,D002,C005,V018,R02,P008,Consulting expense - Finance,Invoice,Posted,1663.0,166.3,1829.3,PO-60513,INV-190506,AUD,1.0
TX003164,2025-07-24,2025,3,7,July,D004,C004,V010,R04,P007,Contractors expense - Marketing,Invoice,Posted,2853.74,285.37,3139.11,PO-55177,INV-175910,AUD,1.0
TX003165,2026-05-12,2026,2,5,May,D001,C005,V009,R03,P004,Consulting expense - Information Technology,Direct Debit,Posted,4412.39,441.24,4853.63,,INV-485656,AUD,1.0
TX003166,2025-02-15,2025,1,2,February,D001,C005,V034,R04,P008,Consulting expense - Information Technology,Invoice,Posted,1052.73,105.27,1158.0,PO-97026,INV-293284,AUD,1.0
TX003167,2025-11-03,2025,4,11,November,D004,C009,V016,R02,P002,Advertising expense - Marketing,Invoice,Posted,960.83,96.08,1056.91,PO-26433,INV-570627,AUD,1.0
TX003168,2025-04-02,2025,2,4,April,D007,C012,V022,R01,P008,Telecommunications expense - Customer Service,Direct Debit,Posted,1173.27,117.33,1290.6,,INV-568030,AUD,1.0
TX003169,2025-10-17,2025,4,10,October,D008,C016,V019,R01,P008,Insurance expense - Facilities,Direct Debit,Posted,206.83,20.68,227.51,,INV-768159,AUD,1.0
TX003170,2026-06-25,2026,2,6,June,D008,C004,V026,R05,P008,Contractors expense - Facilities,Direct Debit,Posted,1422.25,142.22,1564.47,,INV-341077,USD,1.4507
TX003171,2025-02-18,2025,1,2,February,D007,C012,V012,R03,P003,Telecommunications expense - Customer Service,Invoice,Accrued,369.13,36.91,406.04,PO-82689,INV-813648,AUD,1.0
TX003172,2025-06-30,2025,2,6,June,D004,C004,V007,R01,P008,Contractors expense - Marketing,Invoice,Posted,1695.9,169.59,1865.49,PO-42706,INV-543940,AUD,1.0
TX003173,2024-05-18,2024,2,5,May,D001,C020,V033,R01,P008,Customer Support Tools expense - Information Technology,Direct Debit,Posted,813.91,81.39,895.3,,INV-303368,AUD,1.0
TX003174,2024-03-14,2024,1,3,March,D002,C005,V016,R01,P008,Consulting expense - Finance,Invoice,Posted,1461.61,146.16,1607.77,PO-21349,INV-432944,AUD,1.0
TX003175,2025-08-16,2025,3,8,August,D002,C001,V001,R03,P008,Software & SaaS expense - Finance,Invoice,Posted,1000.9,100.09,1100.99,PO-62058,INV-139713,AUD,1.0
TX003176,2024-05-24,2024,2,5,May,D007,C004,V032,R04,P005,Contractors expense - Customer Service,Invoice,Posted,1975.64,197.56,2173.2,PO-93666,INV-919798,AUD,1.0
TX003177,2025-07-17,2025,3,7,July,D003,C007,V016,R05,P002,Training expense - Human Resources,Direct Debit,Accrued,206.99,20.7,227.69,,INV-620533,AUD,1.0
TX003178,2025-10-29,2025,4,10,October,D001,C004,V034,R01,P008,Contractors expense - Information Technology,Corporate Card,Posted,460.28,46.03,506.31,,,AUD,1.0
TX003179,2025-03-08,2025,1,3,March,D007,C012,V035,R05,P001,Telecommunications expense - Customer Service,Direct Debit,Posted,171.14,17.11,188.25,,INV-271923,AUD,1.0
TX003180,2024-04-26,2024,2,4,April,D005,C001,V013,R02,P004,Software & SaaS expense - Sales,Corporate Card,Posted,456.37,45.64,502.01,,,AUD,1.0
TX003181,2024-01-11,2024,1,1,January,D003,C001,V026,R04,P005,Software & SaaS expense - Human Resources,Expense Claim,Posted,940.16,94.02,1034.18,,,AUD,1.0
TX003182,2025-06-09,2025,2,6,June,D006,C019,V035,R02,P008,Vehicle Expenses expense - Operations,Invoice,Posted,2631.29,263.13,2894.42,PO-25362,INV-446213,AUD,1.0
TX003183,2024-06-27,2024,2,6,June,D003,C008,V009,R04,P003,Recruitment expense - Human Resources,Invoice,Posted,521.06,52.11,573.17,PO-24697,INV-411128,AUD,1.0
TX003184,2025-08-29,2025,3,8,August,D004,C010,V019,R03,P008,Events expense - Marketing,Invoice,Posted,691.23,69.12,760.35,PO-62667,INV-925660,AUD,1.0
TX003185,2024-11-14,2024,4,11,November,D006,C018,V004,R01,P008,Freight & Logistics expense - Operations,Direct Debit,Pending,1429.04,142.9,1571.94,,INV-890124,AUD,1.0
TX003186,2025-03-14,2025,1,3,March,D004,C009,V034,R02,P008,Advertising expense - Marketing,Invoice,Posted,1357.7,135.77,1493.47,PO-54064,INV-670587,AUD,1.0
TX003187,2024-09-06,2024,3,9,September,D008,C011,V032,R01,P008,Office Supplies expense - Facilities,Invoice,Posted,260.59,26.06,286.65,PO-92594,INV-181582,AUD,1.0
TX003188,2026-03-23,2026,1,3,March,D004,C006,V001,R05,P008,Travel expense - Marketing,Invoice,Posted,473.96,47.4,521.36,PO-86111,INV-540951,AUD,1.0
TX003189,2024-09-27,2024,3,9,September,D001,C001,V002,R01,P005,Software & SaaS expense - Information Technology,Invoice,Posted,251.8,25.18,276.98,PO-34325,INV-107481,AUD,1.0
TX003190,2026-05-19,2026,2,5,May,D007,C004,V025,R05,P008,Contractors expense - Customer Service,Invoice,Posted,443.56,44.36,487.92,PO-60636,INV-517970,AUD,1.0
TX003191,2026-05-07,2026,2,5,May,D004,C004,V004,R01,P002,Contractors expense - Marketing,Invoice,Posted,1504.09,150.41,1654.5,PO-70962,INV-874343,AUD,1.0
TX003192,2024-09-13,2024,3,9,September,D001,C003,V024,R03,P008,Hardware expense - Information Technology,Direct Debit,Posted,346.76,34.68,381.44,,INV-941554,AUD,1.0
TX003193,2025-03-03,2025,1,3,March,D004,C006,V028,R02,P002,Travel expense - Marketing,Invoice,Posted,447.44,44.74,492.18,PO-34342,INV-945452,AUD,1.0
TX003194,2025-06-23,2025,2,6,June,D007,C012,V027,R05,P001,Telecommunications expense - Customer Service,Invoice,Accrued,264.06,26.41,290.47,PO-58015,INV-567404,AUD,1.0
TX003195,2025-03-26,2025,1,3,March,D008,C011,V003,R01,P005,Office Supplies expense - Facilities,Invoice,Posted,184.35,18.43,202.78,PO-99426,INV-754358,AUD,1.0
TX003196,2025-09-24,2025,3,9,September,D008,C015,V011,R04,P008,Repairs & Maintenance expense - Facilities,Invoice,Posted,475.46,47.55,523.01,PO-78695,INV-723667,AUD,1.0
TX003197,2026-04-06,2026,2,4,April,D002,C006,V016,R04,P008,Travel expense - Finance,Corporate Card,Posted,247.12,24.71,271.83,,,AUD,1.0
TX003198,2026-04-05,2026,2,4,April,D005,C009,V029,R04,P008,Advertising expense - Sales,Direct Debit,Posted,3952.32,395.23,4347.55,,INV-848639,AUD,1.0
TX003199,2024-09-27,2024,3,9,September,D002,C007,V027,R04,P001,Training expense - Finance,Direct Debit,Posted,230.81,23.08,253.89,,INV-468976,AUD,1.0
TX003200,2025-05-02,2025,2,5,May,D001,C002,V006,R01,P008,Cloud Services expense - Information Technology,Direct Debit,Posted,3392.86,339.29,3732.15,,INV-316317,AUD,1.0
TX003201,2025-10-27,2025,4,10,October,D001,C001,V014,R01,P002,Software & SaaS expense - Information Technology,Corporate Card,Posted,1336.98,133.7,1470.68,,,AUD,1.0
TX003202,2024-03-30,2024,1,3,March,D008,C004,V021,R01,P004,Contractors expense - Facilities,Expense Claim,Posted,1566.38,156.64,1723.02,,,AUD,1.0
TX003203,2024-03-06,2024,1,3,March,D002,C016,V021,R03,P008,Insurance expense - Finance,Invoice,Accrued,326.18,32.62,358.8,PO-67368,INV-679815,AUD,1.0
TX003204,2026-04-19,2026,2,4,April,D003,C006,V018,R01,P007,Travel expense - Human Resources,Invoice,Posted,101.7,10.17,111.87,PO-26004,INV-365791,USD,1.5561
TX003205,2026-06-18,2026,2,6,June,D008,C011,V028,R04,P008,Office Supplies expense - Facilities,Expense Claim,Posted,231.64,23.16,254.8,,,AUD,1.0
TX003206,2026-06-22,2026,2,6,June,D005,C006,V028,R03,P008,Travel expense - Sales,Invoice,Accrued,1040.59,104.06,1144.65,PO-88328,INV-948244,AUD,1.0
TX003207,2024-12-22,2024,4,12,December,D002,C016,V016,R03,P008,Insurance expense - Finance,Invoice,Posted,177.96,17.8,195.76,PO-74912,INV-400547,AUD,1.0
TX003208,2025-03-10,2025,1,3,March,D005,C009,V007,R01,P008,Advertising expense - Sales,Invoice,Posted,538.93,53.89,592.82,PO-47747,INV-208422,AUD,1.0
TX003209,2024-04-08,2024,2,4,April,D004,C009,V007,R05,P008,Advertising expense - Marketing,Direct Debit,Posted,903.87,90.39,994.26,,INV-816802,AUD,1.0
TX003210,2024-01-13,2024,1,1,January,D008,C014,V031,R02,P008,Utilities expense - Facilities,Corporate Card,Posted,831.79,83.18,914.97,,,AUD,1.0
TX003211,2024-02-24,2024,1,2,February,D002,C007,V001,R04,P008,Training expense - Finance,Invoice,Posted,107.03,10.7,117.73,PO-47156,INV-612180,AUD,1.0
TX003212,2024-11-09,2024,4,11,November,D008,C004,V024,R01,P008,Contractors expense - Facilities,Invoice,Posted,3952.88,395.29,4348.17,PO-97143,INV-547292,AUD,1.0
TX003213,2025-05-29,2025,2,5,May,D006,C004,V016,R04,P005,Contractors expense - Operations,Invoice,Posted,6011.69,601.17,6612.86,PO-83860,INV-324674,AUD,1.0
TX003214,2025-04-30,2025,2,4,April,D001,C001,V021,R04,P002,Software & SaaS expense - Information Technology,Corporate Card,Posted,1422.67,142.27,1564.94,,,AUD,1.0
TX003215,2025-09-27,2025,3,9,September,D006,C004,V023,R02,P005,Contractors expense - Operations,Direct Debit,Posted,660.54,66.05,726.59,,INV-379866,AUD,1.0
TX003216,2025-04-02,2025,2,4,April,D003,C007,V014,R02,P001,Training expense - Human Resources,Corporate Card,Posted,610.67,61.07,671.74,,,AUD,1.0
TX003217,2025-10-12,2025,4,10,October,D002,C001,V003,R02,P008,Software & SaaS expense - Finance,Direct Debit,Accrued,4226.75,422.68,4649.43,,INV-499748,AUD,1.0
TX003218,2024-06-30,2024,2,6,June,D008,C014,V002,R03,P008,Utilities expense - Facilities,Corporate Card,Posted,686.27,68.63,754.9,,,AUD,1.0
TX003219,2026-03-29,2026,1,3,March,D004,C001,V008,R03,P003,Software & SaaS expense - Marketing,Corporate Card,Posted,884.96,88.5,973.46,,,AUD,1.0
TX003220,2026-04-25,2026,2,4,April,D003,C004,V022,R01,P002,Contractors expense - Human Resources,Invoice,Posted,1257.51,125.75,1383.26,PO-38074,INV-644319,AUD,1.0
TX003221,2026-05-21,2026,2,5,May,D006,C011,V030,R01,P003,Office Supplies expense - Operations,Direct Debit,Posted,152.11,15.21,167.32,,INV-297791,AUD,1.0
TX003222,2024-05-27,2024,2,5,May,D004,C006,V032,R03,P004,Travel expense - Marketing,Direct Debit,Posted,1192.84,119.28,1312.12,,INV-258399,AUD,1.0
TX003223,2024-01-13,2024,1,1,January,D005,C006,V031,R01,P008,Travel expense - Sales,Invoice,Posted,306.92,30.69,337.61,PO-47681,INV-250443,AUD,1.0
TX003224,2024-12-16,2024,4,12,December,D001,C020,V009,R03,P008,Customer Support Tools expense - Information Technology,Invoice,Posted,2844.26,284.43,3128.69,PO-10286,INV-903298,USD,1.5856
TX003225,2025-08-11,2025,3,8,August,D006,C006,V032,R03,P008,Travel expense - Operations,Corporate Card,Posted,650.9,65.09,715.99,,,AUD,1.0
TX003226,2026-03-13,2026,1,3,March,D003,C007,V030,R01,P008,Training expense - Human Resources,Corporate Card,Posted,77.96,7.8,85.76,,,AUD,1.0
TX003227,2024-03-14,2024,1,3,March,D003,C008,V007,R01,P004,Recruitment expense - Human Resources,Direct Debit,Posted,273.34,27.33,300.67,,INV-524679,AUD,1.0
TX003228,2025-08-13,2025,3,8,August,D005,C012,V007,R04,P008,Telecommunications expense - Sales,Corporate Card,Posted,237.63,23.76,261.39,,,AUD,1.0
TX003229,2024-02-04,2024,1,2,February,D008,C016,V031,R01,P008,Insurance expense - Facilities,Invoice,Posted,989.73,98.97,1088.7,PO-72919,INV-112517,AUD,1.0
TX003230,2025-06-23,2025,2,6,June,D006,C018,V014,R04,P008,Freight & Logistics expense - Operations,Invoice,Accrued,1507.46,150.75,1658.21,PO-82599,INV-294829,USD,1.5136
TX003231,2024-05-23,2024,2,5,May,D007,C001,V014,R02,P008,Software & SaaS expense - Customer Service,Corporate Card,Posted,895.89,89.59,985.48,,,AUD,1.0
TX003232,2025-07-10,2025,3,7,July,D005,C009,V016,R03,P008,Advertising expense - Sales,Corporate Card,Posted,1540.87,154.09,1694.96,,,USD,1.5157
TX003233,2024-08-24,2024,3,8,August,D002,C001,V004,R01,P003,Software & SaaS expense - Finance,Invoice,Posted,1678.59,167.86,1846.45,PO-50447,INV-132687,AUD,1.0
TX003234,2025-03-26,2025,1,3,March,D008,C003,V023,R01,P008,Hardware expense - Facilities,Direct Debit,Posted,1048.98,104.9,1153.88,,INV-230357,AUD,1.0
TX003235,2026-03-08,2026,1,3,March,D001,C012,V015,R02,P003,Telecommunications expense - Information Technology,Direct Debit,Accrued,402.0,40.2,442.2,,INV-393949,AUD,1.0
TX003236,2025-05-18,2025,2,5,May,D008,C014,V022,R05,P008,Utilities expense - Facilities,Invoice,Posted,718.85,71.89,790.74,PO-48638,INV-205187,AUD,1.0
TX003237,2024-11-24,2024,4,11,November,D004,C004,V002,R03,P007,Contractors expense - Marketing,Direct Debit,Accrued,1283.16,128.32,1411.48,,INV-832015,AUD,1.0
TX003238,2025-02-15,2025,1,2,February,D004,C004,V005,R01,P008,Contractors expense - Marketing,Expense Claim,Posted,4216.92,421.69,4638.61,,,USD,1.5385
TX003239,2024-08-13,2024,3,8,August,D001,C005,V008,R01,P003,Consulting expense - Information Technology,Invoice,Posted,2203.69,220.37,2424.06,PO-71146,INV-108830,AUD,1.0
TX003240,2026-03-03,2026,1,3,March,D004,C009,V002,R02,P008,Advertising expense - Marketing,Corporate Card,Accrued,1024.28,102.43,1126.71,,,AUD,1.0
TX003241,2024-10-20,2024,4,10,October,D006,C018,V007,R01,P008,Freight & Logistics expense - Operations,Invoice,Posted,688.68,68.87,757.55,PO-66570,INV-686028,AUD,1.0
TX003242,2024-10-03,2024,4,10,October,D008,C004,V021,R01,P008,Contractors expense - Facilities,Invoice,Posted,623.96,62.4,686.36,PO-13155,INV-451575,AUD,1.0
TX003243,2026-01-03,2026,1,1,January,D004,C009,V008,R04,P008,Advertising expense - Marketing,Corporate Card,Posted,762.62,76.26,838.88,,,AUD,1.0
TX003244,2024-11-17,2024,4,11,November,D006,C003,V027,R05,P008,Hardware expense - Operations,Direct Debit,Posted,1147.92,114.79,1262.71,,INV-442508,AUD,1.0
TX003245,2025-12-21,2025,4,12,December,D008,C015,V006,R03,P008,Repairs & Maintenance expense - Facilities,Invoice,Accrued,1182.08,118.21,1300.29,PO-44118,INV-158229,AUD,1.0
TX003246,2025-10-13,2025,4,10,October,D006,C003,V021,R05,P008,Hardware expense - Operations,Invoice,Posted,534.01,53.4,587.41,PO-25341,INV-864773,AUD,1.0
TX003247,2025-02-07,2025,1,2,February,D008,C016,V016,R01,P008,Insurance expense - Facilities,Corporate Card,Posted,929.28,92.93,1022.21,,,AUD,1.0
TX003248,2024-01-20,2024,1,1,January,D002,C017,V028,R01,P008,Legal & Compliance expense - Finance,Invoice,Posted,419.45,41.95,461.4,PO-48508,INV-139227,AUD,1.0
TX003249,2024-01-24,2024,1,1,January,D005,C019,V017,R02,P008,Vehicle Expenses expense - Sales,Direct Debit,Accrued,1078.52,107.85,1186.37,,INV-949062,AUD,1.0
TX003250,2025-03-27,2025,1,3,March,D006,C004,V010,R01,P001,Contractors expense - Operations,Invoice,Posted,3587.35,358.74,3946.09,PO-35220,INV-656106,AUD,1.0
TX003251,2024-02-10,2024,1,2,February,D008,C014,V033,R01,P001,Utilities expense - Facilities,Invoice,Posted,166.37,16.64,183.01,PO-99294,INV-789832,AUD,1.0
TX003252,2025-01-16,2025,1,1,January,D001,C005,V022,R03,P005,Consulting expense - Information Technology,Invoice,Posted,1476.64,147.66,1624.3,PO-19258,INV-913571,AUD,1.0
TX003253,2025-05-24,2025,2,5,May,D005,C001,V031,R03,P008,Software & SaaS expense - Sales,Direct Debit,Posted,3067.96,306.8,3374.76,,INV-297856,AUD,1.0
TX003254,2026-04-18,2026,2,4,April,D002,C016,V015,R01,P008,Insurance expense - Finance,Invoice,Posted,677.96,67.8,745.76,PO-17590,INV-270038,AUD,1.0
TX003255,2025-01-05,2025,1,1,January,D005,C010,V019,R01,P008,Events expense - Sales,Invoice,Posted,385.14,38.51,423.65,PO-89552,INV-895980,AUD,1.0
TX003256,2024-07-03,2024,3,7,July,D005,C019,V035,R01,P008,Vehicle Expenses expense - Sales,Direct Debit,Posted,408.8,40.88,449.68,,INV-933787,AUD,1.0
TX003257,2024-09-04,2024,3,9,September,D008,C015,V018,R01,P008,Repairs & Maintenance expense - Facilities,Direct Debit,Posted,849.71,84.97,934.68,,INV-702611,AUD,1.0
TX003258,2024-04-04,2024,2,4,April,D005,C009,V020,R05,P008,Advertising expense - Sales,Direct Debit,Posted,2020.48,202.05,2222.53,,INV-524859,AUD,1.0
TX003259,2024-08-28,2024,3,8,August,D003,C011,V033,R03,P008,Office Supplies expense - Human Resources,Expense Claim,Posted,220.58,22.06,242.64,,,AUD,1.0
TX003260,2025-11-13,2025,4,11,November,D008,C013,V031,R04,P008,Rent expense - Facilities,Invoice,Posted,6794.33,679.43,7473.76,PO-55955,INV-216931,AUD,1.0
TX003261,2025-07-30,2025,3,7,July,D002,C017,V009,R02,P002,Legal & Compliance expense - Finance,Invoice,Posted,1731.27,173.13,1904.4,PO-65719,INV-827921,AUD,1.0
TX003262,2025-02-13,2025,1,2,February,D001,C012,V013,R03,P008,Telecommunications expense - Information Technology,Direct Debit,Posted,713.12,71.31,784.43,,INV-780151,AUD,1.0
TX003263,2025-09-17,2025,3,9,September,D004,C001,V032,R02,P008,Software & SaaS expense - Marketing,Corporate Card,Posted,1063.68,106.37,1170.05,,,AUD,1.0
TX003264,2024-01-27,2024,1,1,January,D006,C019,V027,R02,P008,Vehicle Expenses expense - Operations,Direct Debit,Posted,786.95,78.7,865.65,,INV-604698,AUD,1.0
TX003265,2026-04-24,2026,2,4,April,D002,C005,V030,R01,P008,Consulting expense - Finance,Invoice,Posted,3534.04,353.4,3887.44,PO-93872,INV-971077,USD,1.4884
TX003266,2026-03-14,2026,1,3,March,D006,C011,V025,R04,P002,Office Supplies expense - Operations,Invoice,Posted,767.25,76.73,843.98,PO-95786,INV-596395,AUD,1.0
TX003267,2025-02-03,2025,1,2,February,D007,C004,V018,R01,P005,Contractors expense - Customer Service,Expense Claim,Accrued,3642.21,364.22,4006.43,,,AUD,1.0
TX003268,2026-03-10,2026,1,3,March,D001,C012,V031,R02,P008,Telecommunications expense - Information Technology,Corporate Card,Posted,109.54,10.95,120.49,,,AUD,1.0
TX003269,2024-11-30,2024,4,11,November,D008,C003,V018,R05,P008,Hardware expense - Facilities,Invoice,Posted,2086.72,208.67,2295.39,PO-65531,INV-950349,AUD,1.0
TX003270,2025-09-16,2025,3,9,September,D001,C020,V028,R03,P008,Customer Support Tools expense - Information Technology,Invoice,Posted,1010.95,101.1,1112.05,PO-47417,INV-306093,AUD,1.0
TX003271,2025-12-09,2025,4,12,December,D006,C003,V026,R01,P008,Hardware expense - Operations,Invoice,Posted,2907.93,290.79,3198.72,PO-99228,INV-651029,AUD,1.0
TX003272,2024-09-19,2024,3,9,September,D003,C006,V019,R02,P007,Travel expense - Human Resources,Invoice,Posted,546.2,54.62,600.82,PO-86276,INV-449881,AUD,1.0
TX003273,2024-01-23,2024,1,1,January,D008,C016,V023,R01,P008,Insurance expense - Facilities,Invoice,Posted,167.53,16.75,184.28,PO-18123,INV-603692,AUD,1.0
TX003274,2025-10-01,2025,4,10,October,D003,C004,V002,R01,P008,Contractors expense - Human Resources,Corporate Card,Posted,1731.66,173.17,1904.83,,,AUD,1.0
TX003275,2025-08-16,2025,3,8,August,D001,C002,V020,R01,P008,Cloud Services expense - Information Technology,Invoice,Posted,713.55,71.36,784.91,PO-22801,INV-679024,AUD,1.0
TX003276,2024-01-04,2024,1,1,January,D002,C016,V023,R01,P008,Insurance expense - Finance,Invoice,Posted,1724.43,172.44,1896.87,PO-49390,INV-540957,AUD,1.0
TX003277,2024-09-26,2024,3,9,September,D001,C002,V010,R01,P002,Cloud Services expense - Information Technology,Direct Debit,Posted,2707.63,270.76,2978.39,,INV-186097,AUD,1.0
TX003278,2025-10-31,2025,4,10,October,D003,C001,V004,R04,P008,Software & SaaS expense - Human Resources,Invoice,Posted,770.19,77.02,847.21,PO-85229,INV-404172,AUD,1.0
TX003279,2026-04-26,2026,2,4,April,D004,C010,V023,R03,P008,Events expense - Marketing,Direct Debit,Posted,3523.79,352.38,3876.17,,INV-625241,AUD,1.0
TX003280,2024-11-03,2024,4,11,November,D007,C004,V020,R02,P008,Contractors expense - Customer Service,Invoice,Posted,2599.11,259.91,2859.02,PO-33502,INV-570341,AUD,1.0
TX003281,2025-05-01,2025,2,5,May,D003,C011,V014,R04,P008,Office Supplies expense - Human Resources,Invoice,Posted,436.26,43.63,479.89,PO-35934,INV-265612,AUD,1.0
TX003282,2025-03-10,2025,1,3,March,D008,C014,V020,R03,P004,Utilities expense - Facilities,Invoice,Posted,1426.22,142.62,1568.84,PO-83184,INV-853607,AUD,1.0
TX003283,2025-04-17,2025,2,4,April,D008,C014,V034,R04,P008,Utilities expense - Facilities,Corporate Card,Posted,753.2,75.32,828.52,,,AUD,1.0
TX003284,2025-03-22,2025,1,3,March,D008,C004,V032,R02,P008,Contractors expense - Facilities,Corporate Card,Posted,3043.11,304.31,3347.42,,,AUD,1.0
TX003285,2025-01-23,2025,1,1,January,D003,C008,V025,R01,P008,Recruitment expense - Human Resources,Invoice,Posted,90.95,9.1,100.05,PO-19739,INV-798058,AUD,1.0
TX003286,2025-06-10,2025,2,6,June,D001,C002,V005,R01,P001,Cloud Services expense - Information Technology,Invoice,Posted,3305.27,330.53,3635.8,PO-42570,INV-578560,AUD,1.0
TX003287,2024-02-27,2024,1,2,February,D003,C007,V007,R01,P008,Training expense - Human Resources,Direct Debit,Posted,178.05,17.81,195.86,,INV-319690,AUD,1.0
TX003288,2025-01-13,2025,1,1,January,D004,C001,V008,R03,P001,Software & SaaS expense - Marketing,Invoice,Posted,1780.94,178.09,1959.03,PO-22009,INV-952085,AUD,1.0
TX003289,2024-08-12,2024,3,8,August,D008,C003,V005,R03,P008,Hardware expense - Facilities,Direct Debit,Posted,621.85,62.19,684.04,,INV-129117,AUD,1.0
TX003290,2026-04-01,2026,2,4,April,D008,C004,V029,R01,P008,Contractors expense - Facilities,Direct Debit,Posted,1042.64,104.26,1146.9,,INV-146440,AUD,1.0
TX003291,2024-03-26,2024,1,3,March,D001,C001,V011,R03,P008,Software & SaaS expense - Information Technology,Direct Debit,Posted,886.72,88.67,975.39,,INV-267029,AUD,1.0
TX003292,2026-01-13,2026,1,1,January,D005,C001,V014,R05,P007,Software & SaaS expense - Sales,Direct Debit,Accrued,1047.95,104.8,1152.75,,INV-155577,AUD,1.0
TX003293,2024-06-24,2024,2,6,June,D006,C003,V022,R05,P004,Hardware expense - Operations,Invoice,Posted,1552.74,155.27,1708.01,PO-83021,INV-845768,AUD,1.0
TX003294,2026-05-23,2026,2,5,May,D001,C020,V004,R01,P005,Customer Support Tools expense - Information Technology,Invoice,Posted,329.62,32.96,362.58,PO-52988,INV-740939,AUD,1.0
TX003295,2026-04-12,2026,2,4,April,D007,C001,V026,R04,P003,Software & SaaS expense - Customer Service,Direct Debit,Posted,1173.07,117.31,1290.38,,INV-893346,AUD,1.0
TX003296,2025-05-21,2025,2,5,May,D008,C014,V021,R02,P001,Utilities expense - Facilities,Direct Debit,Posted,355.34,35.53,390.87,,INV-466936,AUD,1.0
TX003297,2024-01-09,2024,1,1,January,D005,C006,V017,R01,P006,Travel expense - Sales,Direct Debit,Posted,857.57,85.76,943.33,,INV-535191,AUD,1.0
TX003298,2026-02-14,2026,1,2,February,D002,C017,V017,R03,P008,Legal & Compliance expense - Finance,Invoice,Accrued,968.24,96.82,1065.06,PO-12760,INV-179312,AUD,1.0
TX003299,2025-08-04,2025,3,8,August,D008,C015,V032,R04,P005,Repairs & Maintenance expense - Facilities,Direct Debit,Posted,542.89,54.29,597.18,,INV-383987,AUD,1.0
TX003300,2026-01-21,2026,1,1,January,D005,C001,V018,R04,P008,Software & SaaS expense - Sales,Direct Debit,Posted,2325.98,232.6,2558.58,,INV-617666,AUD,1.0
TX003301,2026-03-20,2026,1,3,March,D001,C005,V003,R02,P008,Consulting expense - Information Technology,Corporate Card,Posted,423.38,42.34,465.72,,,USD,1.5823
TX003302,2024-09-15,2024,3,9,September,D008,C003,V027,R01,P004,Hardware expense - Facilities,Invoice,Accrued,2115.93,211.59,2327.52,PO-10731,INV-566915,AUD,1.0
TX003303,2025-01-26,2025,1,1,January,D002,C006,V035,R03,P001,Travel expense - Finance,Invoice,Posted,238.86,23.89,262.75,PO-39573,INV-724918,AUD,1.0
TX003304,2026-02-05,2026,1,2,February,D008,C013,V004,R02,P002,Rent expense - Facilities,Invoice,Posted,2128.84,212.88,2341.72,PO-74790,INV-553424,AUD,1.0
TX003305,2024-01-15,2024,1,1,January,D002,C016,V008,R04,P008,Insurance expense - Finance,Invoice,Accrued,797.32,79.73,877.05,PO-82561,INV-362585,AUD,1.0
TX003306,2024-07-02,2024,3,7,July,D005,C009,V034,R01,P007,Advertising expense - Sales,Invoice,Posted,11079.72,1107.97,12187.69,PO-27200,INV-821482,AUD,1.0
TX003307,2024-04-04,2024,2,4,April,D003,C004,V008,R02,P004,Contractors expense - Human Resources,Invoice,Accrued,3900.02,390.0,4290.02,PO-57650,INV-752381,AUD,1.0
TX003308,2025-05-11,2025,2,5,May,D004,C004,V018,R02,P008,Contractors expense - Marketing,Invoice,Posted,1791.98,179.2,1971.18,PO-86545,INV-947677,AUD,1.0
TX003309,2024-10-01,2024,4,10,October,D005,C019,V026,R02,P008,Vehicle Expenses expense - Sales,Expense Claim,Posted,1793.04,179.3,1972.34,,,AUD,1.0
TX003310,2025-11-18,2025,4,11,November,D003,C006,V004,R03,P008,Travel expense - Human Resources,Corporate Card,Posted,724.4,72.44,796.84,,,AUD,1.0
TX003311,2024-06-01,2024,2,6,June,D006,C011,V005,R04,P001,Office Supplies expense - Operations,Invoice,Posted,448.51,44.85,493.36,PO-54177,INV-749126,AUD,1.0
TX003312,2024-12-26,2024,4,12,December,D002,C005,V025,R01,P007,Consulting expense - Finance,Invoice,Posted,2177.23,217.72,2394.95,PO-55510,INV-668000,USD,1.5109
TX003313,2026-05-30,2026,2,5,May,D007,C004,V009,R02,P008,Contractors expense - Customer Service,Direct Debit,Posted,2685.75,268.57,2954.32,,INV-251302,AUD,1.0
TX003314,2026-04-08,2026,2,4,April,D001,C005,V018,R01,P005,Consulting expense - Information Technology,Expense Claim,Posted,483.77,48.38,532.15,,,AUD,1.0
TX003315,2024-10-01,2024,4,10,October,D001,C005,V030,R02,P008,Consulting expense - Information Technology,Direct Debit,Posted,1218.78,121.88,1340.66,,INV-401473,AUD,1.0
TX003316,2024-04-30,2024,2,4,April,D001,C001,V021,R03,P007,Software & SaaS expense - Information Technology,Expense Claim,Posted,1111.76,111.18,1222.94,,,USD,1.4861
TX003317,2026-04-08,2026,2,4,April,D004,C001,V004,R03,P004,Software & SaaS expense - Marketing,Direct Debit,Posted,152.54,15.25,167.79,,INV-659606,AUD,1.0
TX003318,2025-09-15,2025,3,9,September,D008,C003,V016,R02,P008,Hardware expense - Facilities,Invoice,Posted,803.06,80.31,883.37,PO-16676,INV-766320,AUD,1.0
TX003319,2026-04-30,2026,2,4,April,D006,C019,V017,R02,P004,Vehicle Expenses expense - Operations,Corporate Card,Posted,797.18,79.72,876.9,,,AUD,1.0
TX003320,2025-04-11,2025,2,4,April,D007,C007,V001,R01,P008,Training expense - Customer Service,Invoice,Posted,777.47,77.75,855.22,PO-25501,INV-753455,AUD,1.0
TX003321,2025-07-12,2025,3,7,July,D006,C011,V035,R01,P008,Office Supplies expense - Operations,Invoice,Posted,224.51,22.45,246.96,PO-30960,INV-635320,AUD,1.0
TX003322,2024-06-17,2024,2,6,June,D006,C003,V015,R02,P005,Hardware expense - Operations,Invoice,Posted,768.53,76.85,845.38,PO-58469,INV-158810,AUD,1.0
TX003323,2024-04-29,2024,2,4,April,D004,C006,V006,R01,P008,Travel expense - Marketing,Invoice,Posted,1188.75,118.88,1307.63,PO-11764,INV-854506,AUD,1.0
TX003324,2025-01-05,2025,1,1,January,D002,C004,V008,R05,P008,Contractors expense - Finance,Invoice,Posted,6302.81,630.28,6933.09,PO-47944,INV-206774,AUD,1.0
TX003325,2024-05-10,2024,2,5,May,D001,C012,V017,R05,P001,Telecommunications expense - Information Technology,Invoice,Posted,464.27,46.43,510.7,PO-89129,INV-978558,USD,1.4602
TX003326,2024-08-05,2024,3,8,August,D004,C004,V010,R02,P008,Contractors expense - Marketing,Invoice,Posted,3016.16,301.62,3317.78,PO-39638,INV-635747,AUD,1.0
TX003327,2025-04-21,2025,2,4,April,D004,C001,V024,R02,P003,Software & SaaS expense - Marketing,Invoice,Posted,594.53,59.45,653.98,PO-15946,INV-560259,USD,1.505
TX003328,2024-03-23,2024,1,3,March,D003,C006,V014,R04,P008,Travel expense - Human Resources,Invoice,Posted,626.08,62.61,688.69,PO-80150,INV-953647,AUD,1.0
TX003329,2024-03-12,2024,1,3,March,D004,C009,V013,R02,P004,Advertising expense - Marketing,Invoice,Posted,2000.56,200.06,2200.62,PO-96217,INV-421109,AUD,1.0
TX003330,2026-01-26,2026,1,1,January,D006,C019,V018,R05,P008,Vehicle Expenses expense - Operations,Direct Debit,Posted,628.28,62.83,691.11,,INV-712011,AUD,1.0
TX003331,2024-11-23,2024,4,11,November,D002,C005,V007,R02,P004,Consulting expense - Finance,Invoice,Posted,1370.77,137.08,1507.85,PO-41438,INV-806518,AUD,1.0
TX003332,2026-02-16,2026,1,2,February,D001,C002,V014,R01,P004,Cloud Services expense - Information Technology,Invoice,Posted,1198.28,119.83,1318.11,PO-96692,INV-697685,AUD,1.0
TX003333,2025-01-30,2025,1,1,January,D001,C020,V010,R01,P001,Customer Support Tools expense - Information Technology,Invoice,Posted,716.8,71.68,788.48,PO-81600,INV-556672,AUD,1.0
TX003334,2025-01-23,2025,1,1,January,D007,C020,V032,R01,P001,Customer Support Tools expense - Customer Service,Corporate Card,Posted,995.18,99.52,1094.7,,,AUD,1.0
TX003335,2025-06-02,2025,2,6,June,D007,C012,V023,R01,P008,Telecommunications expense - Customer Service,Expense Claim,Posted,451.18,45.12,496.3,,,AUD,1.0
TX003336,2024-02-14,2024,1,2,February,D008,C003,V035,R01,P008,Hardware expense - Facilities,Invoice,Posted,402.2,40.22,442.42,PO-78634,INV-826030,AUD,1.0
TX003337,2025-02-09,2025,1,2,February,D003,C001,V027,R01,P008,Software & SaaS expense - Human Resources,Invoice,Posted,2080.51,208.05,2288.56,PO-18915,INV-544195,USD,1.4761
TX003338,2025-07-11,2025,3,7,July,D007,C001,V026,R01,P008,Software & SaaS expense - Customer Service,Direct Debit,Accrued,2502.81,250.28,2753.09,,INV-609968,AUD,1.0
TX003339,2025-08-25,2025,3,8,August,D001,C003,V011,R03,P003,Hardware expense - Information Technology,Invoice,Posted,960.69,96.07,1056.76,PO-19840,INV-810531,AUD,1.0
TX003340,2025-04-05,2025,2,4,April,D003,C004,V030,R03,P002,Contractors expense - Human Resources,Invoice,Posted,5208.5,520.85,5729.35,PO-37804,INV-377247,AUD,1.0
TX003341,2025-07-26,2025,3,7,July,D001,C005,V017,R02,P008,Consulting expense - Information Technology,Invoice,Accrued,628.5,62.85,691.35,PO-45615,INV-659922,AUD,1.0
TX003342,2024-09-09,2024,3,9,September,D004,C006,V035,R02,P008,Travel expense - Marketing,Direct Debit,Posted,299.26,29.93,329.19,,INV-291677,AUD,1.0
TX003343,2024-04-12,2024,2,4,April,D004,C001,V002,R03,P008,Software & SaaS expense - Marketing,Corporate Card,Posted,841.15,84.12,925.27,,,AUD,1.0
TX003344,2025-10-17,2025,4,10,October,D008,C015,V002,R03,P004,Repairs & Maintenance expense - Facilities,Invoice,Posted,642.82,64.28,707.1,PO-32672,INV-773621,AUD,1.0
TX003345,2026-03-05,2026,1,3,March,D006,C019,V007,R05,P004,Vehicle Expenses expense - Operations,Invoice,Posted,2310.47,231.05,2541.52,PO-51947,INV-610248,USD,1.462
TX003346,2025-07-07,2025,3,7,July,D002,C004,V005,R03,P007,Contractors expense - Finance,Expense Claim,Posted,1193.28,119.33,1312.61,,,AUD,1.0
TX003347,2025-02-01,2025,1,2,February,D003,C006,V017,R02,P008,Travel expense - Human Resources,Invoice,Posted,93.24,9.32,102.56,PO-15114,INV-468948,AUD,1.0
TX003348,2025-10-26,2025,4,10,October,D008,C013,V020,R02,P001,Rent expense - Facilities,Direct Debit,Posted,2249.85,224.99,2474.84,,INV-220512,AUD,1.0
TX003349,2024-12-06,2024,4,12,December,D008,C013,V009,R01,P008,Rent expense - Facilities,Invoice,Posted,696.01,69.6,765.61,PO-54950,INV-761784,AUD,1.0
TX003350,2024-05-08,2024,2,5,May,D006,C006,V017,R03,P005,Travel expense - Operations,Invoice,Posted,246.33,24.63,270.96,PO-89574,INV-157495,AUD,1.0
TX003351,2025-04-19,2025,2,4,April,D003,C004,V018,R05,P007,Contractors expense - Human Resources,Invoice,Accrued,1117.0,111.7,1228.7,PO-83019,INV-526932,AUD,1.0
TX003352,2025-11-18,2025,4,11,November,D004,C004,V035,R03,P008,Contractors expense - Marketing,Invoice,Posted,2869.12,286.91,3156.03,PO-43146,INV-543763,AUD,1.0
TX003353,2025-10-26,2025,4,10,October,D007,C004,V006,R02,P008,Contractors expense - Customer Service,Invoice,Posted,688.32,68.83,757.15,PO-83342,INV-427319,AUD,1.0
TX003354,2024-07-24,2024,3,7,July,D008,C015,V011,R05,P008,Repairs & Maintenance expense - Facilities,Corporate Card,Posted,444.91,44.49,489.4,,,AUD,1.0
TX003355,2024-02-23,2024,1,2,February,D002,C004,V019,R04,P007,Contractors expense - Finance,Invoice,Posted,5866.82,586.68,6453.5,PO-89281,INV-921232,AUD,1.0
TX003356,2024-02-07,2024,1,2,February,D002,C001,V026,R01,P002,Software & SaaS expense - Finance,Direct Debit,Accrued,573.38,57.34,630.72,,INV-855246,AUD,1.0
TX003357,2024-09-11,2024,3,9,September,D001,C001,V018,R01,P008,Software & SaaS expense - Information Technology,Corporate Card,Posted,1688.8,168.88,1857.68,,,AUD,1.0
TX003358,2026-02-16,2026,1,2,February,D003,C001,V009,R04,P005,Software & SaaS expense - Human Resources,Invoice,Posted,530.73,53.07,583.8,PO-35887,INV-159243,AUD,1.0
TX003359,2025-05-26,2025,2,5,May,D004,C004,V024,R01,P008,Contractors expense - Marketing,Corporate Card,Posted,1842.13,184.21,2026.34,,,AUD,1.0
TX003360,2025-11-14,2025,4,11,November,D007,C001,V006,R04,P008,Software & SaaS expense - Customer Service,Invoice,Posted,706.37,70.64,777.01,PO-42138,INV-425175,AUD,1.0
TX003361,2026-05-02,2026,2,5,May,D005,C019,V028,R02,P002,Vehicle Expenses expense - Sales,Invoice,Posted,363.11,36.31,399.42,PO-44522,INV-183395,AUD,1.0
TX003362,2024-03-24,2024,1,3,March,D007,C001,V023,R01,P006,Software & SaaS expense - Customer Service,Corporate Card,Posted,3162.75,316.28,3479.03,,,AUD,1.0
TX003363,2025-07-28,2025,3,7,July,D008,C011,V004,R02,P008,Office Supplies expense - Facilities,Invoice,Accrued,159.52,15.95,175.47,PO-79391,INV-873592,AUD,1.0
TX003364,2026-03-14,2026,1,3,March,D003,C004,V026,R01,P008,Contractors expense - Human Resources,Invoice,Posted,3530.27,353.03,3883.3,PO-27550,INV-732391,AUD,1.0
TX003365,2025-05-21,2025,2,5,May,D008,C015,V019,R01,P008,Repairs & Maintenance expense - Facilities,Expense Claim,Posted,116.21,11.62,127.83,,,AUD,1.0
TX003366,2025-11-26,2025,4,11,November,D008,C014,V032,R02,P008,Utilities expense - Facilities,Direct Debit,Pending,1682.61,168.26,1850.87,,INV-595397,AUD,1.0
TX003367,2025-04-10,2025,2,4,April,D003,C006,V018,R03,P008,Travel expense - Human Resources,Direct Debit,Posted,1393.25,139.33,1532.58,,INV-321343,AUD,1.0
TX003368,2025-11-08,2025,4,11,November,D005,C001,V029,R02,P001,Software & SaaS expense - Sales,Direct Debit,Posted,2206.85,220.69,2427.54,,INV-563777,AUD,1.0
TX003369,2025-07-26,2025,3,7,July,D005,C009,V011,R05,P008,Advertising expense - Sales,Invoice,Posted,1653.22,165.32,1818.54,PO-75898,INV-232799,AUD,1.0
TX003370,2025-03-09,2025,1,3,March,D006,C018,V004,R01,P008,Freight & Logistics expense - Operations,Invoice,Posted,664.63,66.46,731.09,PO-83892,INV-700809,AUD,1.0
TX003371,2025-08-04,2025,3,8,August,D002,C005,V017,R03,P008,Consulting expense - Finance,Invoice,Accrued,412.44,41.24,453.68,PO-95282,INV-254546,AUD,1.0
TX003372,2026-02-28,2026,1,2,February,D004,C006,V004,R01,P004,Travel expense - Marketing,Invoice,Posted,1139.41,113.94,1253.35,PO-95499,INV-326969,AUD,1.0
TX003373,2024-03-13,2024,1,3,March,D004,C010,V016,R01,P008,Events expense - Marketing,Corporate Card,Posted,796.34,79.63,875.97,,,AUD,1.0
TX003374,2024-11-29,2024,4,11,November,D001,C012,V008,R02,P008,Telecommunications expense - Information Technology,Corporate Card,Posted,229.12,22.91,252.03,,,AUD,1.0
TX003375,2024-11-11,2024,4,11,November,D003,C001,V021,R05,P008,Software & SaaS expense - Human Resources,Expense Claim,Posted,258.2,25.82,284.02,,,AUD,1.0
TX003376,2025-04-20,2025,2,4,April,D008,C003,V002,R02,P005,Hardware expense - Facilities,Expense Claim,Posted,734.6,73.46,808.06,,,AUD,1.0
TX003377,2024-05-13,2024,2,5,May,D007,C004,V017,R01,P006,Contractors expense - Customer Service,Invoice,Posted,3063.19,306.32,3369.51,PO-75015,INV-735823,AUD,1.0
TX003378,2025-06-21,2025,2,6,June,D001,C003,V033,R03,P001,Hardware expense - Information Technology,Direct Debit,Posted,3100.5,310.05,3410.55,,INV-642232,AUD,1.0
TX003379,2025-05-25,2025,2,5,May,D008,C015,V013,R01,P008,Repairs & Maintenance expense - Facilities,Direct Debit,Posted,836.48,83.65,920.13,,INV-214123,AUD,1.0
TX003380,2026-04-10,2026,2,4,April,D005,C009,V035,R01,P002,Advertising expense - Sales,Corporate Card,Posted,3824.95,382.5,4207.45,,,AUD,1.0
TX003381,2025-02-13,2025,1,2,February,D003,C011,V023,R03,P002,Office Supplies expense - Human Resources,Invoice,Accrued,61.65,6.17,67.82,PO-68501,INV-993662,AUD,1.0
TX003382,2026-03-31,2026,1,3,March,D008,C003,V015,R01,P005,Hardware expense - Facilities,Expense Claim,Accrued,540.97,54.1,595.07,,,AUD,1.0
TX003383,2024-08-21,2024,3,8,August,D002,C017,V032,R03,P008,Legal & Compliance expense - Finance,Invoice,Posted,428.25,42.83,471.08,PO-70921,INV-497892,AUD,1.0
TX003384,2025-01-04,2025,1,1,January,D001,C002,V002,R01,P001,Cloud Services expense - Information Technology,Invoice,Posted,2078.59,207.86,2286.45,PO-83800,INV-474106,AUD,1.0
TX003385,2026-06-28,2026,2,6,June,D008,C003,V009,R03,P005,Hardware expense - Facilities,Direct Debit,Posted,3063.26,306.33,3369.59,,INV-542291,AUD,1.0
TX003386,2024-07-16,2024,3,7,July,D002,C007,V014,R03,P005,Training expense - Finance,Invoice,Posted,191.05,19.11,210.16,PO-99609,INV-275914,AUD,1.0
TX003387,2025-12-26,2025,4,12,December,D008,C011,V012,R03,P008,Office Supplies expense - Facilities,Invoice,Posted,342.55,34.26,376.81,PO-31432,INV-800798,AUD,1.0
TX003388,2024-09-23,2024,3,9,September,D004,C010,V002,R02,P008,Events expense - Marketing,Invoice,Posted,1059.68,105.97,1165.65,PO-49293,INV-363293,AUD,1.0
TX003389,2025-10-31,2025,4,10,October,D005,C001,V018,R02,P008,Software & SaaS expense - Sales,Expense Claim,Posted,478.0,47.8,525.8,,,AUD,1.0
TX003390,2024-06-29,2024,2,6,June,D005,C019,V010,R01,P004,Vehicle Expenses expense - Sales,Corporate Card,Posted,1550.27,155.03,1705.3,,,AUD,1.0
TX003391,2024-08-22,2024,3,8,August,D007,C020,V004,R01,P008,Customer Support Tools expense - Customer Service,Invoice,Posted,557.18,55.72,612.9,PO-25543,INV-928697,AUD,1.0
TX003392,2024-02-01,2024,1,2,February,D004,C001,V009,R03,P007,Software & SaaS expense - Marketing,Direct Debit,Posted,1150.36,115.04,1265.4,,INV-180920,AUD,1.0
TX003393,2025-09-26,2025,3,9,September,D007,C012,V001,R03,P008,Telecommunications expense - Customer Service,Invoice,Posted,177.31,17.73,195.04,PO-34296,INV-511263,AUD,1.0
TX003394,2025-10-31,2025,4,10,October,D006,C006,V030,R02,P008,Travel expense - Operations,Direct Debit,Posted,231.04,23.1,254.14,,INV-882289,AUD,1.0
TX003395,2025-04-13,2025,2,4,April,D004,C011,V031,R01,P008,Office Supplies expense - Marketing,Direct Debit,Posted,237.28,23.73,261.01,,INV-355498,AUD,1.0
TX003396,2024-02-25,2024,1,2,February,D005,C010,V020,R03,P003,Events expense - Sales,Direct Debit,Posted,1595.31,159.53,1754.84,,INV-973562,AUD,1.0
TX003397,2024-12-08,2024,4,12,December,D004,C009,V001,R01,P008,Advertising expense - Marketing,Direct Debit,Posted,519.46,51.95,571.41,,INV-614579,AUD,1.0
TX003398,2025-12-27,2025,4,12,December,D002,C016,V013,R04,P007,Insurance expense - Finance,Corporate Card,Posted,117.98,11.8,129.78,,,AUD,1.0
TX003399,2025-05-05,2025,2,5,May,D002,C017,V008,R04,P007,Legal & Compliance expense - Finance,Invoice,Posted,531.4,53.14,584.54,PO-85521,INV-161450,AUD,1.0
TX003400,2024-10-02,2024,4,10,October,D002,C001,V031,R02,P008,Software & SaaS expense - Finance,Invoice,Pending,879.25,87.93,967.18,PO-64055,INV-564691,AUD,1.0
TX003401,2024-02-03,2024,1,2,February,D007,C001,V027,R02,P004,Software & SaaS expense - Customer Service,Corporate Card,Posted,1014.88,101.49,1116.37,,,AUD,1.0
TX003402,2025-12-30,2025,4,12,December,D008,C013,V033,R04,P008,Rent expense - Facilities,Expense Claim,Posted,2147.16,214.72,2361.88,,,AUD,1.0
TX003403,2025-03-17,2025,1,3,March,D003,C007,V012,R05,P008,Training expense - Human Resources,Direct Debit,Posted,580.69,58.07,638.76,,INV-561661,AUD,1.0
TX003404,2024-03-07,2024,1,3,March,D006,C006,V023,R02,P005,Travel expense - Operations,Expense Claim,Posted,130.17,13.02,143.19,,,AUD,1.0
TX003405,2026-01-14,2026,1,1,January,D002,C001,V034,R04,P006,Software & SaaS expense - Finance,Invoice,Posted,2296.09,229.61,2525.7,PO-48505,INV-888884,AUD,1.0
TX003406,2026-05-02,2026,2,5,May,D007,C007,V008,R05,P008,Training expense - Customer Service,Invoice,Posted,385.92,38.59,424.51,PO-97832,INV-770957,AUD,1.0
TX003407,2024-06-20,2024,2,6,June,D004,C011,V027,R01,P008,Office Supplies expense - Marketing,Invoice,Posted,311.01,31.1,342.11,PO-95676,INV-969980,AUD,1.0
TX003408,2025-09-17,2025,3,9,September,D002,C005,V016,R01,P008,Consulting expense - Finance,Invoice,Posted,849.23,84.92,934.15,PO-16312,INV-418624,AUD,1.0
TX003409,2025-03-18,2025,1,3,March,D005,C009,V023,R02,P001,Advertising expense - Sales,Invoice,Posted,3755.24,375.52,4130.76,PO-43418,INV-263277,AUD,1.0
TX003410,2025-05-21,2025,2,5,May,D002,C017,V011,R03,P008,Legal & Compliance expense - Finance,Corporate Card,Posted,357.26,35.73,392.99,,,AUD,1.0
TX003411,2025-03-12,2025,1,3,March,D001,C012,V005,R02,P008,Telecommunications expense - Information Technology,Direct Debit,Posted,297.37,29.74,327.11,,INV-200681,AUD,1.0
TX003412,2024-04-15,2024,2,4,April,D008,C016,V018,R02,P003,Insurance expense - Facilities,Invoice,Posted,1139.1,113.91,1253.01,PO-55172,INV-681300,AUD,1.0
TX003413,2024-06-06,2024,2,6,June,D005,C019,V031,R01,P008,Vehicle Expenses expense - Sales,Expense Claim,Posted,782.43,78.24,860.67,,,AUD,1.0
TX003414,2024-10-18,2024,4,10,October,D001,C001,V024,R01,P003,Software & SaaS expense - Information Technology,Invoice,Posted,641.36,64.14,705.5,PO-90055,INV-418504,AUD,1.0
TX003415,2025-10-10,2025,4,10,October,D008,C013,V018,R01,P008,Rent expense - Facilities,Direct Debit,Posted,5213.69,521.37,5735.06,,INV-480524,AUD,1.0
TX003416,2024-03-18,2024,1,3,March,D001,C001,V026,R01,P008,Software & SaaS expense - Information Technology,Corporate Card,Posted,627.03,62.7,689.73,,,AUD,1.0
TX003417,2026-02-08,2026,1,2,February,D008,C015,V021,R03,P001,Repairs & Maintenance expense - Facilities,Invoice,Posted,1079.35,107.94,1187.29,PO-96339,INV-879655,AUD,1.0
TX003418,2025-01-04,2025,1,1,January,D006,C006,V035,R01,P004,Travel expense - Operations,Invoice,Posted,751.61,75.16,826.77,PO-94928,INV-999357,AUD,1.0
TX003419,2024-12-13,2024,4,12,December,D008,C013,V024,R03,P008,Rent expense - Facilities,Invoice,Pending,4860.51,486.05,5346.56,PO-30590,INV-314729,AUD,1.0
TX003420,2025-04-26,2025,2,4,April,D006,C003,V032,R02,P003,Hardware expense - Operations,Direct Debit,Posted,479.38,47.94,527.32,,INV-852215,AUD,1.0
TX003421,2024-08-13,2024,3,8,August,D003,C006,V007,R01,P008,Travel expense - Human Resources,Direct Debit,Posted,1376.61,137.66,1514.27,,INV-553457,AUD,1.0
TX003422,2024-11-29,2024,4,11,November,D007,C004,V015,R02,P008,Contractors expense - Customer Service,Corporate Card,Posted,1413.98,141.4,1555.38,,,AUD,1.0
TX003423,2024-11-29,2024,4,11,November,D001,C003,V019,R04,P003,Hardware expense - Information Technology,Invoice,Posted,992.15,99.22,1091.37,PO-33553,INV-704546,AUD,1.0
TX003424,2024-07-12,2024,3,7,July,D008,C003,V011,R03,P008,Hardware expense - Facilities,Invoice,Posted,1155.04,115.5,1270.54,PO-12551,INV-649009,AUD,1.0
TX003425,2024-03-02,2024,1,3,March,D006,C006,V009,R02,P008,Travel expense - Operations,Direct Debit,Pending,438.4,43.84,482.24,,INV-582539,AUD,1.0
TX003426,2025-01-17,2025,1,1,January,D001,C001,V009,R01,P003,Software & SaaS expense - Information Technology,Invoice,Posted,1373.69,137.37,1511.06,PO-22511,INV-969721,AUD,1.0
TX003427,2026-06-14,2026,2,6,June,D005,C010,V025,R02,P005,Events expense - Sales,Corporate Card,Posted,3253.15,325.32,3578.47,,,AUD,1.0
TX003428,2024-04-01,2024,2,4,April,D004,C009,V031,R05,P008,Advertising expense - Marketing,Invoice,Posted,934.52,93.45,1027.97,PO-19863,INV-936862,AUD,1.0
TX003429,2024-06-29,2024,2,6,June,D003,C011,V025,R04,P004,Office Supplies expense - Human Resources,Corporate Card,Posted,396.19,39.62,435.81,,,AUD,1.0
TX003430,2025-10-22,2025,4,10,October,D008,C016,V019,R03,P004,Insurance expense - Facilities,Invoice,Accrued,343.85,34.39,378.24,PO-30079,INV-112608,AUD,1.0
TX003431,2025-07-08,2025,3,7,July,D004,C006,V018,R03,P008,Travel expense - Marketing,Invoice,Posted,779.79,77.98,857.77,PO-77869,INV-159644,AUD,1.0
TX003432,2025-04-03,2025,2,4,April,D002,C007,V003,R03,P008,Training expense - Finance,Corporate Card,Posted,713.11,71.31,784.42,,,AUD,1.0
TX003433,2024-09-26,2024,3,9,September,D006,C003,V034,R01,P006,Hardware expense - Operations,Corporate Card,Posted,223.13,22.31,245.44,,,AUD,1.0
TX003434,2025-08-19,2025,3,8,August,D007,C001,V033,R01,P003,Software & SaaS expense - Customer Service,Direct Debit,Posted,723.86,72.39,796.25,,INV-782547,AUD,1.0
TX003435,2024-07-14,2024,3,7,July,D001,C003,V027,R01,P005,Hardware expense - Information Technology,Invoice,Posted,1932.69,193.27,2125.96,PO-19609,INV-246980,AUD,1.0
TX003436,2024-08-07,2024,3,8,August,D006,C004,V001,R02,P008,Contractors expense - Operations,Invoice,Posted,1734.06,173.41,1907.47,PO-10475,INV-582753,AUD,1.0
TX003437,2024-04-11,2024,2,4,April,D005,C012,V014,R03,P008,Telecommunications expense - Sales,Invoice,Pending,719.08,71.91,790.99,PO-96814,INV-630148,AUD,1.0
TX003438,2024-10-20,2024,4,10,October,D005,C009,V009,R01,P008,Advertising expense - Sales,Invoice,Posted,2489.66,248.97,2738.63,PO-39314,INV-913460,AUD,1.0
TX003439,2024-03-15,2024,1,3,March,D002,C016,V020,R05,P001,Insurance expense - Finance,Corporate Card,Accrued,580.93,58.09,639.02,,,AUD,1.0
TX003440,2024-12-03,2024,4,12,December,D007,C020,V008,R03,P004,Customer Support Tools expense - Customer Service,Expense Claim,Posted,847.85,84.79,932.64,,,AUD,1.0
TX003441,2026-02-03,2026,1,2,February,D008,C011,V015,R02,P008,Office Supplies expense - Facilities,Invoice,Posted,121.35,12.13,133.48,PO-60809,INV-107728,AUD,1.0
TX003442,2024-08-10,2024,3,8,August,D001,C002,V005,R03,P002,Cloud Services expense - Information Technology,Direct Debit,Posted,1312.83,131.28,1444.11,,INV-356374,AUD,1.0
TX003443,2026-06-08,2026,2,6,June,D003,C007,V006,R04,P008,Training expense - Human Resources,Corporate Card,Posted,558.81,55.88,614.69,,,AUD,1.0
TX003444,2024-01-25,2024,1,1,January,D005,C001,V030,R02,P002,Software & SaaS expense - Sales,Invoice,Posted,492.31,49.23,541.54,PO-55105,INV-336188,AUD,1.0
TX003445,2024-04-09,2024,2,4,April,D001,C001,V030,R05,P008,Software & SaaS expense - Information Technology,Corporate Card,Posted,2257.88,225.79,2483.67,,,AUD,1.0
TX003446,2025-10-14,2025,4,10,October,D003,C004,V005,R01,P008,Contractors expense - Human Resources,Invoice,Posted,857.57,85.76,943.33,PO-83403,INV-988410,AUD,1.0
TX003447,2024-04-03,2024,2,4,April,D005,C001,V018,R01,P008,Software & SaaS expense - Sales,Direct Debit,Posted,790.63,79.06,869.69,,INV-588032,AUD,1.0
TX003448,2025-05-22,2025,2,5,May,D003,C007,V019,R01,P008,Training expense - Human Resources,Invoice,Posted,156.49,15.65,172.14,PO-36830,INV-823406,AUD,1.0
TX003449,2025-12-02,2025,4,12,December,D006,C004,V002,R01,P003,Contractors expense - Operations,Invoice,Pending,723.06,72.31,795.37,PO-14674,INV-427479,AUD,1.0
TX003450,2026-05-13,2026,2,5,May,D005,C010,V003,R05,P008,Events expense - Sales,Invoice,Posted,1670.95,167.1,1838.05,PO-37124,INV-332090,AUD,1.0
TX003451,2025-11-04,2025,4,11,November,D003,C001,V004,R02,P007,Software & SaaS expense - Human Resources,Direct Debit,Posted,968.93,96.89,1065.82,,INV-539990,AUD,1.0
TX003452,2025-02-28,2025,1,2,February,D006,C004,V025,R01,P001,Contractors expense - Operations,Invoice,Posted,4179.41,417.94,4597.35,PO-51954,INV-628870,AUD,1.0
TX003453,2024-01-20,2024,1,1,January,D001,C001,V026,R04,P004,Software & SaaS expense - Information Technology,Invoice,Posted,476.93,47.69,524.62,PO-78093,INV-352883,AUD,1.0
TX003454,2025-10-25,2025,4,10,October,D002,C005,V002,R02,P001,Consulting expense - Finance,Corporate Card,Posted,760.0,76.0,836.0,,,USD,1.5801
TX003455,2026-01-03,2026,1,1,January,D005,C010,V011,R04,P004,Events expense - Sales,Direct Debit,Posted,248.68,24.87,273.55,,INV-323985,AUD,1.0
TX003456,2024-06-22,2024,2,6,June,D001,C001,V034,R01,P005,Software & SaaS expense - Information Technology,Invoice,Posted,1167.06,116.71,1283.77,PO-73780,INV-902828,AUD,1.0
TX003457,2024-12-23,2024,4,12,December,D001,C004,V011,R05,P002,Contractors expense - Information Technology,Invoice,Posted,383.28,38.33,421.61,PO-62591,INV-198716,AUD,1.0
TX003458,2026-06-25,2026,2,6,June,D007,C004,V033,R03,P008,Contractors expense - Customer Service,Invoice,Posted,2094.89,209.49,2304.38,PO-65702,INV-664061,AUD,1.0
TX003459,2026-06-19,2026,2,6,June,D008,C016,V001,R05,P001,Insurance expense - Facilities,Direct Debit,Posted,510.98,51.1,562.08,,INV-806348,AUD,1.0
TX003460,2024-12-13,2024,4,12,December,D004,C006,V006,R02,P008,Travel expense - Marketing,Corporate Card,Posted,113.55,11.36,124.91,,,AUD,1.0
TX003461,2024-04-27,2024,2,4,April,D008,C011,V019,R01,P001,Office Supplies expense - Facilities,Invoice,Posted,168.23,16.82,185.05,PO-29024,INV-758641,AUD,1.0
TX003462,2025-09-24,2025,3,9,September,D001,C004,V031,R03,P005,Contractors expense - Information Technology,Direct Debit,Posted,941.13,94.11,1035.24,,INV-821344,AUD,1.0
TX003463,2024-05-22,2024,2,5,May,D005,C006,V002,R02,P002,Travel expense - Sales,Invoice,Posted,2776.24,277.62,3053.86,PO-44618,INV-844243,AUD,1.0
TX003464,2025-03-16,2025,1,3,March,D005,C010,V027,R01,P008,Events expense - Sales,Invoice,Posted,1149.26,114.93,1264.19,PO-52336,INV-311973,AUD,1.0
TX003465,2025-11-07,2025,4,11,November,D002,C004,V027,R01,P002,Contractors expense - Finance,Invoice,Posted,1014.93,101.49,1116.42,PO-19078,INV-615675,AUD,1.0
TX003466,2025-01-13,2025,1,1,January,D005,C019,V029,R01,P006,Vehicle Expenses expense - Sales,Invoice,Posted,1044.77,104.48,1149.25,PO-68407,INV-297057,AUD,1.0
TX003467,2025-09-20,2025,3,9,September,D004,C004,V026,R03,P008,Contractors expense - Marketing,Invoice,Posted,8125.21,812.52,8937.73,PO-81195,INV-271583,AUD,1.0
TX003468,2026-03-31,2026,1,3,March,D007,C007,V004,R02,P002,Training expense - Customer Service,Invoice,Posted,189.35,18.93,208.28,PO-44041,INV-586053,AUD,1.0
TX003469,2025-07-22,2025,3,7,July,D006,C011,V017,R01,P008,Office Supplies expense - Operations,Expense Claim,Posted,430.48,43.05,473.53,,,AUD,1.0
TX003470,2026-04-28,2026,2,4,April,D003,C006,V011,R02,P001,Travel expense - Human Resources,Invoice,Posted,510.82,51.08,561.9,PO-24033,INV-363071,AUD,1.0
TX003471,2024-09-01,2024,3,9,September,D003,C006,V016,R03,P002,Travel expense - Human Resources,Invoice,Posted,1408.35,140.84,1549.19,PO-26015,INV-979979,AUD,1.0
TX003472,2025-07-30,2025,3,7,July,D001,C020,V014,R01,P008,Customer Support Tools expense - Information Technology,Direct Debit,Posted,4117.84,411.78,4529.62,,INV-115847,AUD,1.0
TX003473,2025-03-19,2025,1,3,March,D008,C004,V035,R04,P008,Contractors expense - Facilities,Invoice,Posted,1973.12,197.31,2170.43,PO-70806,INV-930207,AUD,1.0
TX003474,2025-02-15,2025,1,2,February,D003,C011,V008,R03,P001,Office Supplies expense - Human Resources,Direct Debit,Posted,348.22,34.82,383.04,,INV-136704,AUD,1.0
TX003475,2025-09-08,2025,3,9,September,D006,C011,V020,R01,P008,Office Supplies expense - Operations,Invoice,Accrued,114.26,11.43,125.69,PO-25251,INV-424435,AUD,1.0
TX003476,2024-09-10,2024,3,9,September,D008,C016,V020,R02,P003,Insurance expense - Facilities,Direct Debit,Posted,106.01,10.6,116.61,,INV-533220,AUD,1.0
TX003477,2025-05-22,2025,2,5,May,D007,C020,V011,R01,P008,Customer Support Tools expense - Customer Service,Invoice,Posted,797.51,79.75,877.26,PO-31941,INV-377318,AUD,1.0
TX003478,2024-08-21,2024,3,8,August,D008,C016,V006,R01,P008,Insurance expense - Facilities,Invoice,Posted,305.29,30.53,335.82,PO-44807,INV-165946,AUD,1.0
TX003479,2025-12-02,2025,4,12,December,D004,C006,V026,R01,P008,Travel expense - Marketing,Invoice,Posted,589.1,58.91,648.01,PO-60416,INV-950038,AUD,1.0
TX003480,2025-12-12,2025,4,12,December,D002,C016,V023,R03,P007,Insurance expense - Finance,Corporate Card,Posted,1297.42,129.74,1427.16,,,AUD,1.0
TX003481,2025-11-28,2025,4,11,November,D005,C006,V016,R04,P007,Travel expense - Sales,Invoice,Posted,511.21,51.12,562.33,PO-38554,INV-178900,AUD,1.0
TX003482,2025-06-22,2025,2,6,June,D005,C006,V031,R01,P003,Travel expense - Sales,Corporate Card,Posted,2072.76,207.28,2280.04,,,AUD,1.0
TX003483,2024-04-21,2024,2,4,April,D005,C010,V002,R02,P008,Events expense - Sales,Invoice,Posted,707.55,70.75,778.3,PO-55063,INV-427193,AUD,1.0
TX003484,2024-05-03,2024,2,5,May,D005,C009,V027,R05,P008,Advertising expense - Sales,Direct Debit,Posted,3450.35,345.04,3795.39,,INV-916253,AUD,1.0
TX003485,2025-02-09,2025,1,2,February,D006,C018,V031,R01,P006,Freight & Logistics expense - Operations,Invoice,Posted,1861.91,186.19,2048.1,PO-45197,INV-334454,AUD,1.0
TX003486,2025-07-15,2025,3,7,July,D004,C001,V024,R01,P008,Software & SaaS expense - Marketing,Direct Debit,Accrued,880.74,88.07,968.81,,INV-110248,AUD,1.0
TX003487,2025-06-15,2025,2,6,June,D001,C012,V005,R04,P004,Telecommunications expense - Information Technology,Corporate Card,Posted,399.94,39.99,439.93,,,AUD,1.0
TX003488,2025-02-15,2025,1,2,February,D003,C008,V005,R02,P003,Recruitment expense - Human Resources,Invoice,Posted,367.32,36.73,404.05,PO-69966,INV-328096,AUD,1.0
TX003489,2026-02-21,2026,1,2,February,D007,C004,V006,R01,P008,Contractors expense - Customer Service,Direct Debit,Posted,1710.33,171.03,1881.36,,INV-311206,AUD,1.0
TX003490,2025-06-16,2025,2,6,June,D001,C003,V001,R01,P008,Hardware expense - Information Technology,Direct Debit,Posted,3960.16,396.02,4356.18,,INV-786326,AUD,1.0
TX003491,2024-03-23,2024,1,3,March,D007,C007,V012,R02,P004,Training expense - Customer Service,Corporate Card,Posted,398.69,39.87,438.56,,,AUD,1.0
TX003492,2024-07-27,2024,3,7,July,D004,C011,V011,R02,P002,Office Supplies expense - Marketing,Direct Debit,Posted,556.38,55.64,612.02,,INV-462131,AUD,1.0
TX003493,2024-07-31,2024,3,7,July,D003,C006,V003,R03,P008,Travel expense - Human Resources,Invoice,Posted,434.34,43.43,477.77,PO-19525,INV-861237,AUD,1.0
TX003494,2025-04-29,2025,2,4,April,D008,C013,V020,R01,P008,Rent expense - Facilities,Invoice,Posted,2840.62,284.06,3124.68,PO-79566,INV-633528,AUD,1.0
TX003495,2024-03-13,2024,1,3,March,D001,C003,V006,R03,P004,Hardware expense - Information Technology,Invoice,Posted,706.66,70.67,777.33,PO-89899,INV-764486,AUD,1.0
TX003496,2024-08-14,2024,3,8,August,D006,C019,V004,R02,P008,Vehicle Expenses expense - Operations,Invoice,Posted,2368.07,236.81,2604.88,PO-42758,INV-722398,AUD,1.0
TX003497,2024-11-20,2024,4,11,November,D004,C009,V016,R02,P008,Advertising expense - Marketing,Invoice,Posted,1323.61,132.36,1455.97,PO-98084,INV-971843,AUD,1.0
TX003498,2026-03-18,2026,1,3,March,D003,C004,V025,R05,P008,Contractors expense - Human Resources,Corporate Card,Posted,1662.91,166.29,1829.2,,,AUD,1.0
TX003499,2024-03-27,2024,1,3,March,D005,C019,V001,R05,P008,Vehicle Expenses expense - Sales,Expense Claim,Posted,476.16,47.62,523.78,,,AUD,1.0
TX003500,2025-07-29,2025,3,7,July,D004,C009,V020,R01,P008,Advertising expense - Marketing,Invoice,Posted,1456.29,145.63,1601.92,PO-82896,INV-546408,AUD,1.0
TX003501,2025-12-20,2025,4,12,December,D002,C006,V009,R05,P008,Travel expense - Finance,Invoice,Pending,1015.38,101.54,1116.92,PO-34672,INV-740911,AUD,1.0
TX003502,2026-06-16,2026,2,6,June,D006,C019,V004,R01,P004,Vehicle Expenses expense - Operations,Invoice,Posted,550.25,55.03,605.28,PO-42900,INV-775719,AUD,1.0
TX003503,2024-08-12,2024,3,8,August,D007,C012,V016,R05,P004,Telecommunications expense - Customer Service,Invoice,Accrued,321.84,32.18,354.02,PO-76479,INV-385588,AUD,1.0
TX003504,2024-12-28,2024,4,12,December,D004,C006,V032,R02,P008,Travel expense - Marketing,Invoice,Accrued,1096.34,109.63,1205.97,PO-76204,INV-345066,AUD,1.0
TX003505,2025-02-27,2025,1,2,February,D002,C007,V033,R05,P008,Training expense - Finance,Invoice,Posted,535.26,53.53,588.79,PO-31783,INV-299343,AUD,1.0
TX003506,2026-02-15,2026,1,2,February,D007,C001,V021,R01,P004,Software & SaaS expense - Customer Service,Direct Debit,Posted,374.09,37.41,411.5,,INV-226397,AUD,1.0
TX003507,2025-05-05,2025,2,5,May,D003,C008,V035,R01,P008,Recruitment expense - Human Resources,Expense Claim,Posted,1296.83,129.68,1426.51,,,AUD,1.0
TX003508,2026-02-21,2026,1,2,February,D003,C008,V033,R01,P004,Recruitment expense - Human Resources,Invoice,Posted,168.0,16.8,184.8,PO-11259,INV-637403,AUD,1.0
TX003509,2026-01-18,2026,1,1,January,D007,C007,V034,R01,P002,Training expense - Customer Service,Corporate Card,Accrued,129.8,12.98,142.78,,,AUD,1.0
TX003510,2024-01-04,2024,1,1,January,D008,C016,V014,R03,P008,Insurance expense - Facilities,Corporate Card,Posted,599.96,60.0,659.96,,,AUD,1.0
TX003511,2026-03-24,2026,1,3,March,D006,C018,V003,R01,P005,Freight & Logistics expense - Operations,Invoice,Posted,1204.06,120.41,1324.47,PO-93178,INV-255673,AUD,1.0
TX003512,2025-07-22,2025,3,7,July,D002,C001,V001,R03,P008,Software & SaaS expense - Finance,Direct Debit,Posted,1828.94,182.89,2011.83,,INV-320390,AUD,1.0
TX003513,2025-06-19,2025,2,6,June,D005,C001,V002,R01,P006,Software & SaaS expense - Sales,Expense Claim,Posted,2040.1,204.01,2244.11,,,AUD,1.0
TX003514,2024-12-17,2024,4,12,December,D004,C001,V011,R02,P006,Software & SaaS expense - Marketing,Invoice,Posted,419.74,41.97,461.71,PO-76881,INV-188732,AUD,1.0
TX003515,2024-10-27,2024,4,10,October,D004,C004,V025,R03,P008,Contractors expense - Marketing,Direct Debit,Posted,1196.75,119.68,1316.43,,INV-503183,AUD,1.0
TX003516,2025-07-23,2025,3,7,July,D004,C006,V002,R03,P003,Travel expense - Marketing,Invoice,Posted,403.59,40.36,443.95,PO-89691,INV-838648,AUD,1.0
TX003517,2025-08-25,2025,3,8,August,D007,C020,V035,R02,P008,Customer Support Tools expense - Customer Service,Corporate Card,Posted,4418.77,441.88,4860.65,,,AUD,1.0
TX003518,2026-02-14,2026,1,2,February,D006,C018,V019,R02,P004,Freight & Logistics expense - Operations,Expense Claim,Posted,1942.77,194.28,2137.05,,,AUD,1.0
TX003519,2024-09-23,2024,3,9,September,D006,C003,V008,R01,P008,Hardware expense - Operations,Direct Debit,Posted,3002.03,300.2,3302.23,,INV-736829,AUD,1.0
TX003520,2024-08-01,2024,3,8,August,D001,C005,V014,R03,P004,Consulting expense - Information Technology,Invoice,Posted,177.23,17.72,194.95,PO-88193,INV-132039,AUD,1.0
TX003521,2024-02-11,2024,1,2,February,D008,C004,V032,R01,P006,Contractors expense - Facilities,Invoice,Posted,885.49,88.55,974.04,PO-68555,INV-652474,AUD,1.0
TX003522,2024-07-21,2024,3,7,July,D008,C015,V007,R01,P008,Repairs & Maintenance expense - Facilities,Invoice,Posted,235.49,23.55,259.04,PO-86023,INV-788314,USD,1.5995
TX003523,2025-12-10,2025,4,12,December,D004,C011,V018,R01,P008,Office Supplies expense - Marketing,Invoice,Posted,481.0,48.1,529.1,PO-51105,INV-444389,AUD,1.0
TX003524,2026-03-09,2026,1,3,March,D008,C014,V002,R05,P008,Utilities expense - Facilities,Invoice,Posted,1246.06,124.61,1370.67,PO-91864,INV-821157,AUD,1.0
TX003525,2024-10-11,2024,4,10,October,D005,C006,V009,R02,P008,Travel expense - Sales,Invoice,Posted,459.8,45.98,505.78,PO-98485,INV-507532,AUD,1.0
TX003526,2025-01-31,2025,1,1,January,D008,C011,V033,R03,P008,Office Supplies expense - Facilities,Corporate Card,Posted,306.65,30.66,337.31,,,AUD,1.0
TX003527,2025-06-14,2025,2,6,June,D007,C004,V020,R02,P001,Contractors expense - Customer Service,Invoice,Posted,342.67,34.27,376.94,PO-91687,INV-399161,AUD,1.0
TX003528,2025-09-16,2025,3,9,September,D001,C012,V030,R01,P004,Telecommunications expense - Information Technology,Invoice,Posted,230.04,23.0,253.04,PO-29734,INV-603759,AUD,1.0
TX003529,2025-07-28,2025,3,7,July,D007,C001,V030,R01,P005,Software & SaaS expense - Customer Service,Invoice,Posted,1653.78,165.38,1819.16,PO-21844,INV-743451,AUD,1.0
TX003530,2024-09-08,2024,3,9,September,D002,C005,V029,R02,P001,Consulting expense - Finance,Corporate Card,Posted,740.19,74.02,814.21,,,AUD,1.0
TX003531,2024-01-20,2024,1,1,January,D006,C018,V031,R02,P008,Freight & Logistics expense - Operations,Invoice,Posted,1268.36,126.84,1395.2,PO-88725,INV-758424,AUD,1.0
TX003532,2024-06-26,2024,2,6,June,D006,C011,V031,R05,P008,Office Supplies expense - Operations,Corporate Card,Posted,316.76,31.68,348.44,,,AUD,1.0
TX003533,2026-02-20,2026,1,2,February,D008,C016,V012,R02,P008,Insurance expense - Facilities,Corporate Card,Posted,283.9,28.39,312.29,,,AUD,1.0
TX003534,2025-02-17,2025,1,2,February,D004,C004,V035,R03,P006,Contractors expense - Marketing,Invoice,Posted,364.61,36.46,401.07,PO-77595,INV-541847,AUD,1.0
TX003535,2024-11-06,2024,4,11,November,D001,C005,V018,R01,P006,Consulting expense - Information Technology,Direct Debit,Posted,1430.72,143.07,1573.79,,INV-941860,AUD,1.0
TX003536,2024-09-11,2024,3,9,September,D005,C012,V009,R03,P004,Telecommunications expense - Sales,Invoice,Posted,151.82,15.18,167.0,PO-19995,INV-834664,AUD,1.0
TX003537,2024-06-29,2024,2,6,June,D004,C006,V001,R04,P003,Travel expense - Marketing,Invoice,Posted,955.76,95.58,1051.34,PO-47858,INV-763732,AUD,1.0
TX003538,2024-12-29,2024,4,12,December,D007,C020,V003,R02,P007,Customer Support Tools expense - Customer Service,Invoice,Posted,419.08,41.91,460.99,PO-49382,INV-115289,AUD,1.0
TX003539,2024-10-05,2024,4,10,October,D002,C005,V018,R03,P005,Consulting expense - Finance,Invoice,Posted,1639.74,163.97,1803.71,PO-95413,INV-950178,AUD,1.0
TX003540,2024-06-27,2024,2,6,June,D008,C013,V013,R04,P008,Rent expense - Facilities,Direct Debit,Posted,4146.71,414.67,4561.38,,INV-425806,AUD,1.0
TX003541,2024-06-07,2024,2,6,June,D001,C001,V021,R02,P004,Software & SaaS expense - Information Technology,Invoice,Posted,161.26,16.13,177.39,PO-32970,INV-703226,AUD,1.0
TX003542,2026-05-11,2026,2,5,May,D006,C003,V001,R03,P004,Hardware expense - Operations,Invoice,Posted,402.9,40.29,443.19,PO-73810,INV-357660,AUD,1.0
TX003543,2025-11-15,2025,4,11,November,D003,C011,V014,R02,P008,Office Supplies expense - Human Resources,Invoice,Posted,46.1,4.61,50.71,PO-96388,INV-939079,AUD,1.0
TX003544,2024-03-04,2024,1,3,March,D004,C010,V030,R01,P008,Events expense - Marketing,Invoice,Posted,1798.28,179.83,1978.11,PO-77241,INV-747655,AUD,1.0
TX003545,2024-06-26,2024,2,6,June,D002,C005,V014,R03,P008,Consulting expense - Finance,Invoice,Posted,399.97,40.0,439.97,PO-66331,INV-231461,AUD,1.0
TX003546,2026-04-29,2026,2,4,April,D007,C001,V006,R02,P008,Software & SaaS expense - Customer Service,Expense Claim,Accrued,1776.06,177.61,1953.67,,,AUD,1.0
TX003547,2025-04-10,2025,2,4,April,D006,C003,V003,R01,P008,Hardware expense - Operations,Invoice,Posted,832.82,83.28,916.1,PO-59060,INV-832747,AUD,1.0
TX003548,2026-06-16,2026,2,6,June,D003,C011,V021,R01,P008,Office Supplies expense - Human Resources,Invoice,Posted,402.49,40.25,442.74,PO-13025,INV-794023,AUD,1.0
TX003549,2025-10-04,2025,4,10,October,D007,C001,V023,R01,P008,Software & SaaS expense - Customer Service,Corporate Card,Posted,1895.93,189.59,2085.52,,,AUD,1.0
TX003550,2024-01-02,2024,1,1,January,D004,C001,V020,R01,P004,Software & SaaS expense - Marketing,Direct Debit,Posted,227.11,22.71,249.82,,INV-233916,AUD,1.0
TX003551,2025-07-14,2025,3,7,July,D001,C012,V004,R01,P008,Telecommunications expense - Information Technology,Direct Debit,Posted,442.93,44.29,487.22,,INV-472161,AUD,1.0
TX003552,2024-02-18,2024,1,2,February,D008,C014,V022,R02,P001,Utilities expense - Facilities,Direct Debit,Posted,1317.41,131.74,1449.15,,INV-866651,AUD,1.0
TX003553,2026-02-20,2026,1,2,February,D004,C004,V025,R03,P003,Contractors expense - Marketing,Invoice,Accrued,4576.08,457.61,5033.69,PO-60144,INV-958738,AUD,1.0
TX003554,2024-05-31,2024,2,5,May,D005,C012,V023,R02,P006,Telecommunications expense - Sales,Corporate Card,Posted,666.24,66.62,732.86,,,AUD,1.0
TX003555,2025-08-31,2025,3,8,August,D004,C010,V005,R02,P004,Events expense - Marketing,Invoice,Posted,240.19,24.02,264.21,PO-79567,INV-295881,AUD,1.0
TX003556,2026-03-15,2026,1,3,March,D001,C012,V012,R04,P005,Telecommunications expense - Information Technology,Invoice,Posted,2159.84,215.98,2375.82,PO-99406,INV-995420,AUD,1.0
TX003557,2024-03-13,2024,1,3,March,D007,C007,V034,R03,P008,Training expense - Customer Service,Corporate Card,Posted,93.01,9.3,102.31,,,AUD,1.0
TX003558,2026-02-10,2026,1,2,February,D005,C009,V021,R04,P003,Advertising expense - Sales,Invoice,Accrued,2090.37,209.04,2299.41,PO-68655,INV-204234,AUD,1.0
TX003559,2025-07-01,2025,3,7,July,D008,C011,V004,R02,P008,Office Supplies expense - Facilities,Invoice,Posted,518.16,51.82,569.98,PO-96902,INV-233036,AUD,1.0
TX003560,2024-02-16,2024,1,2,February,D005,C010,V004,R04,P008,Events expense - Sales,Invoice,Posted,652.45,65.25,717.7,PO-90462,INV-275895,AUD,1.0
TX003561,2024-02-12,2024,1,2,February,D003,C006,V018,R03,P004,Travel expense - Human Resources,Corporate Card,Posted,203.4,20.34,223.74,,,AUD,1.0
TX003562,2025-07-08,2025,3,7,July,D001,C001,V013,R01,P001,Software & SaaS expense - Information Technology,Invoice,Posted,1909.81,190.98,2100.79,PO-61745,INV-748423,AUD,1.0
TX003563,2026-04-04,2026,2,4,April,D005,C006,V026,R04,P002,Travel expense - Sales,Invoice,Posted,414.14,41.41,455.55,PO-55425,INV-291837,USD,1.5233
TX003564,2025-03-29,2025,1,3,March,D006,C011,V002,R01,P008,Office Supplies expense - Operations,Corporate Card,Posted,236.66,23.67,260.33,,,AUD,1.0
TX003565,2024-01-12,2024,1,1,January,D001,C001,V034,R03,P002,Software & SaaS expense - Information Technology,Invoice,Posted,674.06,67.41,741.47,PO-74525,INV-409546,AUD,1.0
TX003566,2024-03-12,2024,1,3,March,D007,C012,V003,R03,P004,Telecommunications expense - Customer Service,Invoice,Posted,415.3,41.53,456.83,PO-22638,INV-517146,AUD,1.0
TX003567,2025-05-17,2025,2,5,May,D003,C004,V025,R01,P008,Contractors expense - Human Resources,Invoice,Posted,2974.94,297.49,3272.43,PO-61570,INV-164284,AUD,1.0
TX003568,2025-03-16,2025,1,3,March,D008,C015,V034,R01,P008,Repairs & Maintenance expense - Facilities,Invoice,Posted,618.11,61.81,679.92,PO-17859,INV-581434,AUD,1.0
TX003569,2024-06-13,2024,2,6,June,D001,C005,V035,R03,P008,Consulting expense - Information Technology,Corporate Card,Posted,3439.35,343.94,3783.29,,,AUD,1.0
TX003570,2026-02-24,2026,1,2,February,D007,C007,V028,R02,P008,Training expense - Customer Service,Invoice,Posted,543.34,54.33,597.67,PO-12790,INV-336216,AUD,1.0
TX003571,2026-04-04,2026,2,4,April,D004,C009,V021,R03,P008,Advertising expense - Marketing,Direct Debit,Accrued,2353.58,235.36,2588.94,,INV-187154,AUD,1.0
TX003572,2026-05-03,2026,2,5,May,D001,C020,V014,R02,P008,Customer Support Tools expense - Information Technology,Direct Debit,Posted,783.79,78.38,862.17,,INV-145071,AUD,1.0
TX003573,2025-07-04,2025,3,7,July,D001,C003,V017,R01,P003,Hardware expense - Information Technology,Invoice,Posted,1219.28,121.93,1341.21,PO-13074,INV-261391,AUD,1.0
TX003574,2025-02-06,2025,1,2,February,D008,C011,V013,R01,P007,Office Supplies expense - Facilities,Invoice,Posted,1335.23,133.52,1468.75,PO-65625,INV-321059,AUD,1.0
TX003575,2025-06-25,2025,2,6,June,D003,C006,V010,R01,P008,Travel expense - Human Resources,Invoice,Posted,1544.18,154.42,1698.6,PO-31476,INV-194090,AUD,1.0
TX003576,2025-05-01,2025,2,5,May,D003,C007,V002,R05,P008,Training expense - Human Resources,Direct Debit,Posted,510.78,51.08,561.86,,INV-983856,AUD,1.0
TX003577,2026-04-13,2026,2,4,April,D001,C005,V028,R04,P008,Consulting expense - Information Technology,Invoice,Posted,620.0,62.0,682.0,PO-17874,INV-517131,AUD,1.0
TX003578,2024-11-22,2024,4,11,November,D008,C013,V029,R01,P002,Rent expense - Facilities,Invoice,Accrued,1069.26,106.93,1176.19,PO-96442,INV-575923,AUD,1.0
TX003579,2025-03-01,2025,1,3,March,D007,C004,V022,R04,P002,Contractors expense - Customer Service,Invoice,Posted,772.39,77.24,849.63,PO-11637,INV-573956,AUD,1.0
TX003580,2026-02-22,2026,1,2,February,D001,C004,V028,R02,P008,Contractors expense - Information Technology,Invoice,Posted,2678.19,267.82,2946.01,PO-50745,INV-548508,AUD,1.0
TX003581,2025-07-16,2025,3,7,July,D006,C004,V012,R03,P004,Contractors expense - Operations,Invoice,Posted,1239.19,123.92,1363.11,PO-84664,INV-771171,AUD,1.0
TX003582,2025-12-12,2025,4,12,December,D008,C015,V024,R02,P008,Repairs & Maintenance expense - Facilities,Invoice,Posted,134.59,13.46,148.05,PO-97565,INV-782427,AUD,1.0
TX003583,2024-09-12,2024,3,9,September,D008,C015,V002,R04,P002,Repairs & Maintenance expense - Facilities,Corporate Card,Posted,1187.07,118.71,1305.78,,,AUD,1.0
TX003584,2025-10-23,2025,4,10,October,D002,C005,V025,R03,P008,Consulting expense - Finance,Invoice,Posted,2711.27,271.13,2982.4,PO-73919,INV-615174,AUD,1.0
TX003585,2024-06-03,2024,2,6,June,D006,C019,V006,R02,P001,Vehicle Expenses expense - Operations,Corporate Card,Posted,1338.78,133.88,1472.66,,,AUD,1.0
TX003586,2026-04-03,2026,2,4,April,D005,C001,V002,R02,P008,Software & SaaS expense - Sales,Direct Debit,Posted,829.84,82.98,912.82,,INV-864606,AUD,1.0
TX003587,2025-02-22,2025,1,2,February,D007,C001,V013,R03,P008,Software & SaaS expense - Customer Service,Invoice,Posted,1072.2,107.22,1179.42,PO-36218,INV-387426,AUD,1.0
TX003588,2026-04-15,2026,2,4,April,D004,C009,V004,R01,P007,Advertising expense - Marketing,Direct Debit,Posted,1179.6,117.96,1297.56,,INV-409113,USD,1.4873
TX003589,2025-12-19,2025,4,12,December,D005,C001,V010,R03,P008,Software & SaaS expense - Sales,Corporate Card,Posted,324.08,32.41,356.49,,,AUD,1.0
TX003590,2024-10-19,2024,4,10,October,D008,C011,V009,R01,P008,Office Supplies expense - Facilities,Invoice,Posted,184.89,18.49,203.38,PO-93675,INV-280615,AUD,1.0
TX003591,2025-08-20,2025,3,8,August,D006,C003,V003,R02,P003,Hardware expense - Operations,Invoice,Posted,993.79,99.38,1093.17,PO-72492,INV-315726,AUD,1.0
TX003592,2024-08-16,2024,3,8,August,D002,C017,V007,R05,P005,Legal & Compliance expense - Finance,Invoice,Posted,485.73,48.57,534.3,PO-67976,INV-878342,AUD,1.0
TX003593,2024-09-15,2024,3,9,September,D005,C010,V009,R02,P008,Events expense - Sales,Invoice,Accrued,236.13,23.61,259.74,PO-25050,INV-532247,AUD,1.0
TX003594,2025-08-29,2025,3,8,August,D003,C001,V007,R02,P001,Software & SaaS expense - Human Resources,Invoice,Posted,353.44,35.34,388.78,PO-94200,INV-576345,AUD,1.0
TX003595,2024-01-30,2024,1,1,January,D006,C003,V029,R03,P005,Hardware expense - Operations,Invoice,Posted,559.47,55.95,615.42,PO-50947,INV-660654,AUD,1.0
TX003596,2025-04-15,2025,2,4,April,D005,C001,V008,R01,P008,Software & SaaS expense - Sales,Invoice,Posted,480.77,48.08,528.85,PO-89514,INV-400050,AUD,1.0
TX003597,2025-07-07,2025,3,7,July,D003,C011,V017,R04,P008,Office Supplies expense - Human Resources,Expense Claim,Posted,173.34,17.33,190.67,,,AUD,1.0
TX003598,2025-01-31,2025,1,1,January,D001,C012,V016,R01,P005,Telecommunications expense - Information Technology,Corporate Card,Posted,240.95,24.09,265.04,,,AUD,1.0
TX003599,2026-04-06,2026,2,4,April,D005,C001,V007,R01,P008,Software & SaaS expense - Sales,Invoice,Posted,1515.12,151.51,1666.63,PO-20420,INV-759927,AUD,1.0
TX003600,2024-06-22,2024,2,6,June,D004,C006,V001,R02,P004,Travel expense - Marketing,Invoice,Posted,647.83,64.78,712.61,PO-74204,INV-831179,AUD,1.0
TX003601,2024-04-17,2024,2,4,April,D006,C011,V013,R03,P008,Office Supplies expense - Operations,Direct Debit,Posted,640.05,64.0,704.05,,INV-384595,AUD,1.0
TX003602,2025-05-14,2025,2,5,May,D005,C001,V013,R04,P001,Software & SaaS expense - Sales,Corporate Card,Posted,2864.1,286.41,3150.51,,,AUD,1.0
TX003603,2026-06-01,2026,2,6,June,D007,C007,V025,R04,P008,Training expense - Customer Service,Invoice,Posted,113.79,11.38,125.17,PO-65152,INV-364063,AUD,1.0
TX003604,2024-11-25,2024,4,11,November,D003,C007,V009,R03,P008,Training expense - Human Resources,Invoice,Posted,433.89,43.39,477.28,PO-33385,INV-534167,AUD,1.0
TX003605,2024-02-14,2024,1,2,February,D001,C005,V002,R01,P008,Consulting expense - Information Technology,Invoice,Posted,1565.16,156.52,1721.68,PO-42431,INV-100053,AUD,1.0
TX003606,2024-01-01,2024,1,1,January,D006,C004,V026,R02,P003,Contractors expense - Operations,Corporate Card,Posted,3633.21,363.32,3996.53,,,AUD,1.0
TX003607,2026-02-12,2026,1,2,February,D004,C001,V035,R02,P001,Software & SaaS expense - Marketing,Invoice,Posted,1116.53,111.65,1228.18,PO-59605,INV-778992,AUD,1.0
TX003608,2025-02-04,2025,1,2,February,D003,C001,V005,R01,P001,Software & SaaS expense - Human Resources,Corporate Card,Posted,934.41,93.44,1027.85,,,AUD,1.0
TX003609,2024-11-11,2024,4,11,November,D003,C011,V035,R02,P003,Office Supplies expense - Human Resources,Corporate Card,Posted,349.87,34.99,384.86,,,AUD,1.0
TX003610,2025-07-26,2025,3,7,July,D008,C015,V023,R03,P008,Repairs & Maintenance expense - Facilities,Invoice,Posted,644.24,64.42,708.66,PO-41425,INV-476917,AUD,1.0
TX003611,2025-01-06,2025,1,1,January,D006,C011,V033,R04,P002,Office Supplies expense - Operations,Corporate Card,Posted,288.43,28.84,317.27,,,AUD,1.0
TX003612,2024-04-09,2024,2,4,April,D007,C001,V021,R03,P001,Software & SaaS expense - Customer Service,Invoice,Posted,3782.37,378.24,4160.61,PO-86941,INV-529267,AUD,1.0
TX003613,2024-03-29,2024,1,3,March,D005,C019,V004,R02,P008,Vehicle Expenses expense - Sales,Invoice,Posted,528.38,52.84,581.22,PO-15524,INV-296190,AUD,1.0
TX003614,2025-04-20,2025,2,4,April,D002,C005,V035,R01,P004,Consulting expense - Finance,Invoice,Posted,1172.98,117.3,1290.28,PO-73392,INV-383587,AUD,1.0
TX003615,2025-08-23,2025,3,8,August,D005,C001,V012,R04,P008,Software & SaaS expense - Sales,Direct Debit,Posted,796.5,79.65,876.15,,INV-123193,USD,1.502
TX003616,2026-06-25,2026,2,6,June,D008,C015,V004,R01,P001,Repairs & Maintenance expense - Facilities,Invoice,Posted,691.35,69.14,760.49,PO-75239,INV-399079,AUD,1.0
TX003617,2026-06-03,2026,2,6,June,D004,C011,V021,R03,P005,Office Supplies expense - Marketing,Corporate Card,Pending,446.37,44.64,491.01,,,AUD,1.0
TX003618,2025-12-15,2025,4,12,December,D006,C019,V018,R02,P001,Vehicle Expenses expense - Operations,Invoice,Posted,653.42,65.34,718.76,PO-83678,INV-216622,AUD,1.0
TX003619,2024-05-10,2024,2,5,May,D004,C009,V012,R04,P004,Advertising expense - Marketing,Corporate Card,Posted,682.37,68.24,750.61,,,AUD,1.0
TX003620,2024-01-05,2024,1,1,January,D003,C006,V026,R01,P008,Travel expense - Human Resources,Invoice,Posted,1260.25,126.03,1386.28,PO-16634,INV-751683,AUD,1.0
TX003621,2025-01-03,2025,1,1,January,D008,C015,V019,R02,P003,Repairs & Maintenance expense - Facilities,Invoice,Accrued,602.73,60.27,663.0,PO-17125,INV-819529,AUD,1.0
TX003622,2025-06-28,2025,2,6,June,D004,C006,V002,R02,P008,Travel expense - Marketing,Invoice,Posted,2554.76,255.48,2810.24,PO-98453,INV-184412,AUD,1.0
TX003623,2025-06-01,2025,2,6,June,D001,C020,V003,R01,P008,Customer Support Tools expense - Information Technology,Invoice,Posted,947.58,94.76,1042.34,PO-55120,INV-578871,AUD,1.0
TX003624,2024-09-12,2024,3,9,September,D004,C009,V012,R05,P008,Advertising expense - Marketing,Invoice,Posted,1691.44,169.14,1860.58,PO-60354,INV-666866,AUD,1.0
TX003625,2025-01-03,2025,1,1,January,D001,C012,V018,R05,P008,Telecommunications expense - Information Technology,Invoice,Posted,427.45,42.75,470.2,PO-16720,INV-156361,USD,1.5209
TX003626,2024-06-28,2024,2,6,June,D006,C006,V022,R01,P008,Travel expense - Operations,Invoice,Posted,901.07,90.11,991.18,PO-44800,INV-766301,AUD,1.0
TX003627,2025-10-03,2025,4,10,October,D005,C009,V008,R02,P004,Advertising expense - Sales,Invoice,Posted,2057.86,205.79,2263.65,PO-35667,INV-605814,AUD,1.0
TX003628,2024-02-11,2024,1,2,February,D007,C020,V005,R04,P008,Customer Support Tools expense - Customer Service,Corporate Card,Posted,775.32,77.53,852.85,,,AUD,1.0
TX003629,2026-05-26,2026,2,5,May,D006,C019,V018,R03,P005,Vehicle Expenses expense - Operations,Direct Debit,Posted,301.01,30.1,331.11,,INV-779148,AUD,1.0
TX003630,2024-06-04,2024,2,6,June,D005,C001,V030,R03,P008,Software & SaaS expense - Sales,Invoice,Posted,1358.42,135.84,1494.26,PO-67866,INV-831000,AUD,1.0
TX003631,2026-03-13,2026,1,3,March,D008,C011,V004,R05,P003,Office Supplies expense - Facilities,Expense Claim,Posted,565.31,56.53,621.84,,,AUD,1.0
TX003632,2025-09-10,2025,3,9,September,D003,C007,V027,R01,P004,Training expense - Human Resources,Invoice,Accrued,316.24,31.62,347.86,PO-50077,INV-913222,AUD,1.0
TX003633,2025-05-06,2025,2,5,May,D007,C020,V033,R02,P003,Customer Support Tools expense - Customer Service,Corporate Card,Posted,607.23,60.72,667.95,,,AUD,1.0
TX003634,2025-05-07,2025,2,5,May,D008,C013,V034,R01,P008,Rent expense - Facilities,Invoice,Posted,4064.66,406.47,4471.13,PO-51689,INV-270460,AUD,1.0
TX003635,2026-01-13,2026,1,1,January,D002,C016,V003,R02,P008,Insurance expense - Finance,Invoice,Posted,535.04,53.5,588.54,PO-65039,INV-120801,AUD,1.0
TX003636,2025-01-14,2025,1,1,January,D006,C019,V009,R04,P004,Vehicle Expenses expense - Operations,Direct Debit,Posted,1481.49,148.15,1629.64,,INV-563287,AUD,1.0
TX003637,2025-03-09,2025,1,3,March,D006,C006,V011,R02,P008,Travel expense - Operations,Invoice,Posted,599.17,59.92,659.09,PO-37486,INV-214499,AUD,1.0
TX003638,2026-03-11,2026,1,3,March,D004,C006,V011,R02,P005,Travel expense - Marketing,Expense Claim,Posted,2464.07,246.41,2710.48,,,AUD,1.0
TX003639,2024-07-25,2024,3,7,July,D003,C006,V012,R03,P001,Travel expense - Human Resources,Invoice,Posted,335.55,33.55,369.1,PO-33480,INV-950353,AUD,1.0
TX003640,2025-12-17,2025,4,12,December,D008,C011,V019,R03,P005,Office Supplies expense - Facilities,Invoice,Posted,287.28,28.73,316.01,PO-30166,INV-315518,AUD,1.0
TX003641,2024-04-12,2024,2,4,April,D008,C011,V009,R03,P008,Office Supplies expense - Facilities,Expense Claim,Posted,229.97,23.0,252.97,,,AUD,1.0
TX003642,2025-05-11,2025,2,5,May,D007,C004,V014,R04,P004,Contractors expense - Customer Service,Invoice,Posted,1026.85,102.69,1129.54,PO-37270,INV-357570,USD,1.583
TX003643,2026-01-11,2026,1,1,January,D006,C011,V012,R01,P008,Office Supplies expense - Operations,Expense Claim,Posted,288.97,28.9,317.87,,,AUD,1.0
TX003644,2024-06-03,2024,2,6,June,D002,C005,V018,R03,P008,Consulting expense - Finance,Direct Debit,Posted,712.45,71.25,783.7,,INV-801025,AUD,1.0
TX003645,2025-01-25,2025,1,1,January,D006,C003,V020,R01,P008,Hardware expense - Operations,Invoice,Posted,939.85,93.99,1033.84,PO-42219,INV-450016,AUD,1.0
TX003646,2024-10-21,2024,4,10,October,D008,C004,V021,R04,P004,Contractors expense - Facilities,Invoice,Posted,623.07,62.31,685.38,PO-12228,INV-104475,AUD,1.0
TX003647,2024-09-29,2024,3,9,September,D006,C019,V031,R02,P008,Vehicle Expenses expense - Operations,Invoice,Posted,515.88,51.59,567.47,PO-59027,INV-539175,AUD,1.0
TX003648,2025-07-29,2025,3,7,July,D004,C004,V026,R01,P008,Contractors expense - Marketing,Invoice,Posted,979.23,97.92,1077.15,PO-44161,INV-320091,AUD,1.0
TX003649,2025-09-19,2025,3,9,September,D008,C011,V003,R02,P006,Office Supplies expense - Facilities,Invoice,Posted,90.67,9.07,99.74,PO-36534,INV-650109,AUD,1.0
TX003650,2024-01-04,2024,1,1,January,D008,C014,V026,R05,P008,Utilities expense - Facilities,Direct Debit,Posted,619.94,61.99,681.93,,INV-979518,AUD,1.0
TX003651,2025-02-05,2025,1,2,February,D006,C006,V003,R02,P008,Travel expense - Operations,Direct Debit,Posted,890.08,89.01,979.09,,INV-927456,AUD,1.0
TX003652,2026-02-05,2026,1,2,February,D003,C004,V003,R01,P004,Contractors expense - Human Resources,Invoice,Posted,1097.01,109.7,1206.71,PO-83885,INV-592130,AUD,1.0
TX003653,2026-05-08,2026,2,5,May,D002,C016,V016,R04,P006,Insurance expense - Finance,Corporate Card,Posted,355.4,35.54,390.94,,,AUD,1.0
TX003654,2026-01-05,2026,1,1,January,D003,C001,V026,R05,P003,Software & SaaS expense - Human Resources,Corporate Card,Posted,441.3,44.13,485.43,,,AUD,1.0
TX003655,2024-10-03,2024,4,10,October,D001,C012,V022,R03,P008,Telecommunications expense - Information Technology,Corporate Card,Posted,286.86,28.69,315.55,,,AUD,1.0
TX003656,2024-01-23,2024,1,1,January,D003,C004,V004,R03,P008,Contractors expense - Human Resources,Corporate Card,Posted,608.95,60.9,669.85,,,AUD,1.0
TX003657,2024-09-28,2024,3,9,September,D004,C006,V032,R01,P008,Travel expense - Marketing,Invoice,Posted,676.52,67.65,744.17,PO-52298,INV-499122,AUD,1.0
TX003658,2024-04-29,2024,2,4,April,D008,C013,V034,R01,P004,Rent expense - Facilities,Direct Debit,Accrued,836.79,83.68,920.47,,INV-663458,AUD,1.0
TX003659,2026-02-10,2026,1,2,February,D008,C013,V025,R02,P005,Rent expense - Facilities,Invoice,Posted,1303.25,130.33,1433.58,PO-88304,INV-156364,AUD,1.0
TX003660,2025-02-05,2025,1,2,February,D004,C004,V013,R01,P002,Contractors expense - Marketing,Corporate Card,Posted,1114.94,111.49,1226.43,,,AUD,1.0
TX003661,2026-03-10,2026,1,3,March,D004,C009,V021,R01,P002,Advertising expense - Marketing,Invoice,Posted,6154.47,615.45,6769.92,PO-35622,INV-670311,AUD,1.0
TX003662,2026-01-13,2026,1,1,January,D003,C011,V010,R01,P008,Office Supplies expense - Human Resources,Corporate Card,Pending,82.75,8.28,91.03,,,AUD,1.0
TX003663,2025-06-26,2025,2,6,June,D004,C004,V013,R02,P008,Contractors expense - Marketing,Invoice,Posted,1669.72,166.97,1836.69,PO-13663,INV-503473,AUD,1.0
TX003664,2024-05-28,2024,2,5,May,D008,C015,V019,R01,P008,Repairs & Maintenance expense - Facilities,Invoice,Accrued,270.41,27.04,297.45,PO-34317,INV-718935,AUD,1.0
TX003665,2024-06-07,2024,2,6,June,D005,C009,V034,R02,P008,Advertising expense - Sales,Invoice,Accrued,4076.66,407.67,4484.33,PO-94425,INV-465379,AUD,1.0
TX003666,2024-02-05,2024,1,2,February,D005,C010,V013,R04,P008,Events expense - Sales,Invoice,Posted,500.71,50.07,550.78,PO-40708,INV-317288,AUD,1.0
TX003667,2026-01-02,2026,1,1,January,D008,C014,V006,R03,P008,Utilities expense - Facilities,Corporate Card,Posted,3480.98,348.1,3829.08,,,AUD,1.0
TX003668,2025-08-16,2025,3,8,August,D005,C009,V023,R02,P005,Advertising expense - Sales,Corporate Card,Posted,1390.33,139.03,1529.36,,,AUD,1.0
TX003669,2025-05-08,2025,2,5,May,D001,C005,V028,R02,P008,Consulting expense - Information Technology,Direct Debit,Posted,1478.39,147.84,1626.23,,INV-589033,AUD,1.0
TX003670,2026-01-06,2026,1,1,January,D006,C004,V016,R03,P002,Contractors expense - Operations,Invoice,Posted,1676.9,167.69,1844.59,PO-97106,INV-979105,AUD,1.0
TX003671,2024-05-22,2024,2,5,May,D008,C016,V001,R05,P008,Insurance expense - Facilities,Invoice,Posted,714.7,71.47,786.17,PO-93249,INV-800439,AUD,1.0
TX003672,2025-12-24,2025,4,12,December,D005,C019,V004,R01,P002,Vehicle Expenses expense - Sales,Corporate Card,Posted,607.38,60.74,668.12,,,USD,1.4714
TX003673,2025-04-01,2025,2,4,April,D007,C020,V017,R01,P008,Customer Support Tools expense - Customer Service,Invoice,Posted,819.34,81.93,901.27,PO-32351,INV-982237,AUD,1.0
TX003674,2024-10-22,2024,4,10,October,D006,C004,V028,R05,P003,Contractors expense - Operations,Corporate Card,Posted,355.13,35.51,390.64,,,AUD,1.0
TX003675,2024-03-09,2024,1,3,March,D005,C006,V014,R01,P001,Travel expense - Sales,Direct Debit,Posted,647.02,64.7,711.72,,INV-225580,AUD,1.0
TX003676,2024-02-14,2024,1,2,February,D002,C005,V035,R03,P008,Consulting expense - Finance,Invoice,Accrued,5135.49,513.55,5649.04,PO-34423,INV-271476,AUD,1.0
TX003677,2025-01-07,2025,1,1,January,D003,C011,V029,R04,P006,Office Supplies expense - Human Resources,Invoice,Posted,119.22,11.92,131.14,PO-59982,INV-404581,AUD,1.0
TX003678,2024-10-15,2024,4,10,October,D003,C008,V015,R02,P008,Recruitment expense - Human Resources,Invoice,Posted,684.25,68.42,752.67,PO-14805,INV-214437,AUD,1.0
TX003679,2024-05-18,2024,2,5,May,D005,C009,V026,R02,P001,Advertising expense - Sales,Invoice,Posted,1753.86,175.39,1929.25,PO-50290,INV-851260,AUD,1.0
TX003680,2025-08-23,2025,3,8,August,D001,C001,V004,R01,P008,Software & SaaS expense - Information Technology,Invoice,Posted,2510.25,251.03,2761.28,PO-19356,INV-867521,AUD,1.0
TX003681,2026-05-10,2026,2,5,May,D005,C012,V014,R01,P001,Telecommunications expense - Sales,Invoice,Posted,330.49,33.05,363.54,PO-58558,INV-924019,USD,1.4613
TX003682,2024-01-10,2024,1,1,January,D004,C001,V030,R01,P008,Software & SaaS expense - Marketing,Invoice,Posted,1068.7,106.87,1175.57,PO-56887,INV-778934,AUD,1.0
TX003683,2024-04-28,2024,2,4,April,D005,C001,V005,R01,P004,Software & SaaS expense - Sales,Invoice,Posted,770.43,77.04,847.47,PO-30457,INV-168199,AUD,1.0
TX003684,2024-12-16,2024,4,12,December,D004,C010,V022,R02,P002,Events expense - Marketing,Corporate Card,Posted,1077.73,107.77,1185.5,,,AUD,1.0
TX003685,2026-02-08,2026,1,2,February,D006,C018,V026,R01,P002,Freight & Logistics expense - Operations,Invoice,Posted,548.08,54.81,602.89,PO-25923,INV-990616,AUD,1.0
TX003686,2025-12-16,2025,4,12,December,D001,C004,V012,R01,P008,Contractors expense - Information Technology,Invoice,Posted,739.7,73.97,813.67,PO-50131,INV-436467,AUD,1.0
TX003687,2026-04-13,2026,2,4,April,D003,C006,V028,R05,P008,Travel expense - Human Resources,Invoice,Posted,771.2,77.12,848.32,PO-40774,INV-527304,AUD,1.0
TX003688,2024-02-09,2024,1,2,February,D002,C016,V016,R01,P008,Insurance expense - Finance,Direct Debit,Posted,505.92,50.59,556.51,,INV-126990,AUD,1.0
TX003689,2026-04-10,2026,2,4,April,D002,C004,V029,R04,P008,Contractors expense - Finance,Corporate Card,Posted,2571.61,257.16,2828.77,,,AUD,1.0
TX003690,2025-06-17,2025,2,6,June,D008,C016,V022,R04,P008,Insurance expense - Facilities,Invoice,Posted,3219.49,321.95,3541.44,PO-93351,INV-301031,AUD,1.0
TX003691,2024-11-01,2024,4,11,November,D006,C003,V012,R01,P007,Hardware expense - Operations,Corporate Card,Posted,839.44,83.94,923.38,,,AUD,1.0
TX003692,2026-05-10,2026,2,5,May,D007,C007,V003,R02,P008,Training expense - Customer Service,Invoice,Posted,85.58,8.56,94.14,PO-45532,INV-298207,AUD,1.0
TX003693,2024-01-20,2024,1,1,January,D007,C012,V015,R02,P008,Telecommunications expense - Customer Service,Invoice,Posted,571.92,57.19,629.11,PO-27662,INV-363658,AUD,1.0
TX003694,2024-02-25,2024,1,2,February,D004,C011,V015,R01,P008,Office Supplies expense - Marketing,Expense Claim,Posted,45,4.5,49.5,,,AUD,1.0
TX003695,2025-07-29,2025,3,7,July,D003,C011,V006,R01,P007,Office Supplies expense - Human Resources,Invoice,Posted,443.13,44.31,487.44,PO-29795,INV-718272,AUD,1.0
TX003696,2026-04-11,2026,2,4,April,D006,C019,V026,R01,P002,Vehicle Expenses expense - Operations,Corporate Card,Pending,2093.0,209.3,2302.3,,,AUD,1.0
TX003697,2026-05-21,2026,2,5,May,D001,C005,V002,R01,P008,Consulting expense - Information Technology,Corporate Card,Posted,1787.97,178.8,1966.77,,,AUD,1.0
TX003698,2025-05-10,2025,2,5,May,D004,C009,V015,R01,P008,Advertising expense - Marketing,Direct Debit,Pending,2710.31,271.03,2981.34,,INV-146183,AUD,1.0
TX003699,2025-02-04,2025,1,2,February,D007,C012,V001,R03,P008,Telecommunications expense - Customer Service,Invoice,Posted,687.42,68.74,756.16,PO-54532,INV-971868,AUD,1.0
TX003700,2024-02-19,2024,1,2,February,D001,C005,V012,R01,P007,Consulting expense - Information Technology,Corporate Card,Posted,683.24,68.32,751.56,,,AUD,1.0
TX003701,2025-01-14,2025,1,1,January,D007,C007,V019,R01,P001,Training expense - Customer Service,Invoice,Posted,163.89,16.39,180.28,PO-88148,INV-766573,AUD,1.0
TX003702,2026-02-08,2026,1,2,February,D001,C004,V033,R02,P008,Contractors expense - Information Technology,Invoice,Posted,228.23,22.82,251.05,PO-11880,INV-348523,AUD,1.0
TX003703,2024-05-17,2024,2,5,May,D002,C006,V006,R02,P008,Travel expense - Finance,Invoice,Posted,595.99,59.6,655.59,PO-15327,INV-392633,AUD,1.0
TX003704,2024-07-11,2024,3,7,July,D008,C011,V007,R03,P003,Office Supplies expense - Facilities,Corporate Card,Posted,150.6,15.06,165.66,,,AUD,1.0
TX003705,2024-06-30,2024,2,6,June,D006,C003,V026,R03,P004,Hardware expense - Operations,Invoice,Posted,1680.44,168.04,1848.48,PO-57194,INV-514853,AUD,1.0
TX003706,2025-04-28,2025,2,4,April,D006,C004,V005,R03,P005,Contractors expense - Operations,Corporate Card,Posted,3241.42,324.14,3565.56,,,USD,1.5241
TX003707,2024-05-19,2024,2,5,May,D008,C003,V030,R02,P003,Hardware expense - Facilities,Corporate Card,Posted,1138.6,113.86,1252.46,,,AUD,1.0
TX003708,2026-05-26,2026,2,5,May,D001,C001,V001,R01,P008,Software & SaaS expense - Information Technology,Invoice,Posted,1412.64,141.26,1553.9,PO-11262,INV-726292,AUD,1.0
TX003709,2025-12-02,2025,4,12,December,D001,C005,V034,R02,P008,Consulting expense - Information Technology,Invoice,Posted,1523.26,152.33,1675.59,PO-12421,INV-622906,AUD,1.0
TX003710,2026-06-20,2026,2,6,June,D007,C007,V004,R01,P008,Training expense - Customer Service,Invoice,Accrued,75.19,7.52,82.71,PO-62255,INV-852376,AUD,1.0
TX003711,2024-03-17,2024,1,3,March,D007,C004,V030,R01,P003,Contractors expense - Customer Service,Invoice,Posted,13100.14,1310.01,14410.15,PO-94958,INV-930062,AUD,1.0
TX003712,2026-05-27,2026,2,5,May,D001,C002,V012,R03,P001,Cloud Services expense - Information Technology,Direct Debit,Posted,1920.51,192.05,2112.56,,INV-249018,AUD,1.0
TX003713,2024-04-03,2024,2,4,April,D006,C011,V017,R02,P008,Office Supplies expense - Operations,Direct Debit,Posted,799.92,79.99,879.91,,INV-571637,AUD,1.0
TX003714,2024-10-08,2024,4,10,October,D006,C004,V035,R04,P008,Contractors expense - Operations,Invoice,Posted,773.63,77.36,850.99,PO-93754,INV-418482,AUD,1.0
TX003715,2024-11-06,2024,4,11,November,D005,C006,V029,R03,P008,Travel expense - Sales,Corporate Card,Accrued,1556.29,155.63,1711.92,,,AUD,1.0
TX003716,2024-03-04,2024,1,3,March,D006,C011,V030,R01,P008,Office Supplies expense - Operations,Corporate Card,Posted,281.79,28.18,309.97,,,AUD,1.0
TX003717,2025-10-31,2025,4,10,October,D005,C006,V011,R03,P001,Travel expense - Sales,Corporate Card,Posted,342.26,34.23,376.49,,,AUD,1.0
TX003718,2024-06-09,2024,2,6,June,D004,C006,V006,R02,P008,Travel expense - Marketing,Direct Debit,Posted,163.73,16.37,180.1,,INV-547216,AUD,1.0
TX003719,2025-05-18,2025,2,5,May,D007,C001,V027,R04,P008,Software & SaaS expense - Customer Service,Invoice,Posted,2719.73,271.97,2991.7,PO-98824,INV-267840,AUD,1.0
TX003720,2025-12-23,2025,4,12,December,D005,C006,V024,R03,P008,Travel expense - Sales,Invoice,Posted,658.6,65.86,724.46,PO-93704,INV-143521,AUD,1.0
TX003721,2025-10-05,2025,4,10,October,D005,C019,V015,R01,P005,Vehicle Expenses expense - Sales,Invoice,Posted,2482.12,248.21,2730.33,PO-43260,INV-495324,AUD,1.0
TX003722,2025-02-03,2025,1,2,February,D001,C005,V034,R01,P004,Consulting expense - Information Technology,Corporate Card,Posted,1055.96,105.6,1161.56,,,AUD,1.0
TX003723,2024-08-18,2024,3,8,August,D003,C011,V005,R02,P008,Office Supplies expense - Human Resources,Invoice,Posted,126.05,12.61,138.66,PO-57043,INV-165132,AUD,1.0
TX003724,2025-06-11,2025,2,6,June,D004,C004,V021,R05,P004,Contractors expense - Marketing,Invoice,Posted,409.6,40.96,450.56,PO-21398,INV-632626,USD,1.5616
TX003725,2024-08-01,2024,3,8,August,D004,C009,V032,R02,P002,Advertising expense - Marketing,Invoice,Posted,4407.56,440.76,4848.32,PO-50437,INV-333175,AUD,1.0
TX003726,2025-06-22,2025,2,6,June,D003,C001,V004,R04,P008,Software & SaaS expense - Human Resources,Invoice,Posted,2663.74,266.37,2930.11,PO-53639,INV-450275,AUD,1.0
TX003727,2024-01-01,2024,1,1,January,D001,C020,V021,R01,P008,Customer Support Tools expense - Information Technology,Corporate Card,Posted,579.01,57.9,636.91,,,AUD,1.0
TX003728,2024-03-02,2024,1,3,March,D004,C009,V025,R04,P003,Advertising expense - Marketing,Expense Claim,Posted,1439.7,143.97,1583.67,,,AUD,1.0
TX003729,2025-03-20,2025,1,3,March,D004,C004,V005,R03,P007,Contractors expense - Marketing,Direct Debit,Posted,2412.06,241.21,2653.27,,INV-833428,AUD,1.0
TX003730,2024-09-27,2024,3,9,September,D004,C009,V029,R01,P005,Advertising expense - Marketing,Corporate Card,Posted,2514.6,251.46,2766.06,,,AUD,1.0
TX003731,2024-03-02,2024,1,3,March,D007,C001,V002,R01,P008,Software & SaaS expense - Customer Service,Invoice,Posted,2329.56,232.96,2562.52,PO-87092,INV-262617,AUD,1.0
TX003732,2024-12-01,2024,4,12,December,D007,C020,V022,R04,P008,Customer Support Tools expense - Customer Service,Invoice,Accrued,648.24,64.82,713.06,PO-72110,INV-600777,AUD,1.0
TX003733,2025-05-05,2025,2,5,May,D007,C007,V020,R01,P002,Training expense - Customer Service,Invoice,Posted,807.97,80.8,888.77,PO-69205,INV-385785,AUD,1.0
TX003734,2025-11-05,2025,4,11,November,D001,C020,V011,R01,P008,Customer Support Tools expense - Information Technology,Direct Debit,Accrued,613.26,61.33,674.59,,INV-289623,AUD,1.0
TX003735,2025-08-06,2025,3,8,August,D004,C011,V012,R01,P005,Office Supplies expense - Marketing,Invoice,Posted,173.62,17.36,190.98,PO-49970,INV-712521,AUD,1.0
TX003736,2025-10-11,2025,4,10,October,D004,C010,V022,R02,P008,Events expense - Marketing,Corporate Card,Posted,290.1,29.01,319.11,,,AUD,1.0
TX003737,2026-05-26,2026,2,5,May,D005,C010,V017,R01,P004,Events expense - Sales,Invoice,Posted,769.31,76.93,846.24,PO-96713,INV-904453,AUD,1.0
TX003738,2025-12-25,2025,4,12,December,D001,C001,V030,R05,P008,Software & SaaS expense - Information Technology,Corporate Card,Posted,619.5,61.95,681.45,,,AUD,1.0
TX003739,2026-05-28,2026,2,5,May,D004,C010,V010,R02,P008,Events expense - Marketing,Invoice,Posted,2073.14,207.31,2280.45,PO-77856,INV-344678,AUD,1.0
TX003740,2024-10-04,2024,4,10,October,D005,C006,V030,R01,P008,Travel expense - Sales,Invoice,Posted,1325.52,132.55,1458.07,PO-46739,INV-163635,AUD,1.0
TX003741,2024-06-08,2024,2,6,June,D005,C012,V028,R03,P005,Telecommunications expense - Sales,Corporate Card,Posted,401.76,40.18,441.94,,,AUD,1.0
TX003742,2025-07-25,2025,3,7,July,D001,C005,V017,R03,P006,Consulting expense - Information Technology,Invoice,Posted,567.43,56.74,624.17,PO-69782,INV-302929,AUD,1.0
TX003743,2025-05-06,2025,2,5,May,D002,C005,V026,R04,P002,Consulting expense - Finance,Invoice,Posted,222.9,22.29,245.19,PO-40742,INV-878098,AUD,1.0
TX003744,2025-06-24,2025,2,6,June,D008,C004,V014,R01,P001,Contractors expense - Facilities,Direct Debit,Posted,5599.74,559.97,6159.71,,INV-912415,AUD,1.0
TX003745,2026-01-05,2026,1,1,January,D002,C006,V026,R01,P008,Travel expense - Finance,Corporate Card,Posted,697.0,69.7,766.7,,,AUD,1.0
TX003746,2026-06-20,2026,2,6,June,D007,C004,V009,R05,P001,Contractors expense - Customer Service,Expense Claim,Posted,772.92,77.29,850.21,,,AUD,1.0
TX003747,2025-05-20,2025,2,5,May,D007,C020,V030,R02,P001,Customer Support Tools expense - Customer Service,Corporate Card,Posted,352.66,35.27,387.93,,,AUD,1.0
TX003748,2024-12-07,2024,4,12,December,D008,C014,V021,R01,P003,Utilities expense - Facilities,Corporate Card,Posted,1048.1,104.81,1152.91,,,AUD,1.0
TX003749,2024-09-14,2024,3,9,September,D006,C006,V007,R01,P004,Travel expense - Operations,Invoice,Accrued,1245.64,124.56,1370.2,PO-83055,INV-218776,USD,1.5786
TX003750,2026-04-26,2026,2,4,April,D006,C003,V001,R02,P008,Hardware expense - Operations,Invoice,Pending,833.12,83.31,916.43,PO-89393,INV-307008,AUD,1.0
TX003751,2026-04-26,2026,2,4,April,D002,C004,V020,R01,P008,Contractors expense - Finance,Invoice,Posted,971.51,97.15,1068.66,PO-52256,INV-108511,AUD,1.0
TX003752,2026-05-25,2026,2,5,May,D004,C006,V012,R01,P008,Travel expense - Marketing,Invoice,Posted,1053.5,105.35,1158.85,PO-62887,INV-573068,AUD,1.0
TX003753,2024-12-01,2024,4,12,December,D002,C005,V023,R02,P008,Consulting expense - Finance,Invoice,Posted,2281.85,228.19,2510.04,PO-57235,INV-549414,AUD,1.0
TX003754,2025-06-29,2025,2,6,June,D003,C006,V005,R02,P003,Travel expense - Human Resources,Invoice,Posted,295.41,29.54,324.95,PO-61911,INV-593699,AUD,1.0
TX003755,2025-09-22,2025,3,9,September,D004,C009,V020,R02,P004,Advertising expense - Marketing,Invoice,Posted,5523.79,552.38,6076.17,PO-13979,INV-793839,AUD,1.0
TX003756,2025-02-17,2025,1,2,February,D004,C004,V013,R04,P008,Contractors expense - Marketing,Invoice,Posted,2090.81,209.08,2299.89,PO-28429,INV-708765,AUD,1.0
TX003757,2024-10-28,2024,4,10,October,D003,C008,V005,R03,P002,Recruitment expense - Human Resources,Invoice,Posted,258.68,25.87,284.55,PO-16571,INV-551796,AUD,1.0
TX003758,2025-09-08,2025,3,9,September,D008,C014,V014,R04,P001,Utilities expense - Facilities,Invoice,Posted,669.29,66.93,736.22,PO-77056,INV-258360,AUD,1.0
TX003759,2026-01-10,2026,1,1,January,D004,C010,V003,R03,P008,Events expense - Marketing,Invoice,Pending,1116.19,111.62,1227.81,PO-20305,INV-555686,AUD,1.0
TX003760,2025-07-26,2025,3,7,July,D001,C012,V003,R03,P006,Telecommunications expense - Information Technology,Invoice,Posted,2921.98,292.2,3214.18,PO-65054,INV-646109,USD,1.5523
TX003761,2024-01-18,2024,1,1,January,D002,C017,V018,R03,P003,Legal & Compliance expense - Finance,Invoice,Posted,374.74,37.47,412.21,PO-34348,INV-207328,AUD,1.0
TX003762,2026-01-23,2026,1,1,January,D002,C001,V022,R04,P005,Software & SaaS expense - Finance,Corporate Card,Posted,1802.49,180.25,1982.74,,,AUD,1.0
TX003763,2025-11-30,2025,4,11,November,D008,C014,V025,R03,P002,Utilities expense - Facilities,Corporate Card,Posted,1053.13,105.31,1158.44,,,AUD,1.0
TX003764,2024-03-08,2024,1,3,March,D008,C015,V009,R02,P008,Repairs & Maintenance expense - Facilities,Invoice,Posted,373.61,37.36,410.97,PO-84713,INV-128621,AUD,1.0
TX003765,2026-06-30,2026,2,6,June,D002,C006,V006,R04,P001,Travel expense - Finance,Invoice,Posted,375.52,37.55,413.07,PO-35639,INV-787050,AUD,1.0
TX003766,2024-09-30,2024,3,9,September,D008,C004,V027,R01,P001,Contractors expense - Facilities,Corporate Card,Posted,1021.96,102.2,1124.16,,,USD,1.4543
TX003767,2026-03-24,2026,1,3,March,D006,C011,V035,R03,P008,Office Supplies expense - Operations,Expense Claim,Posted,452.25,45.23,497.48,,,AUD,1.0
TX003768,2026-06-03,2026,2,6,June,D005,C012,V018,R02,P004,Telecommunications expense - Sales,Invoice,Posted,485.09,48.51,533.6,PO-37566,INV-270900,USD,1.4646
TX003769,2026-01-04,2026,1,1,January,D005,C001,V029,R04,P008,Software & SaaS expense - Sales,Direct Debit,Accrued,2739.29,273.93,3013.22,,INV-693227,AUD,1.0
TX003770,2024-07-28,2024,3,7,July,D006,C004,V016,R02,P008,Contractors expense - Operations,Invoice,Posted,1796.91,179.69,1976.6,PO-75223,INV-562011,AUD,1.0
TX003771,2025-12-04,2025,4,12,December,D001,C005,V010,R04,P008,Consulting expense - Information Technology,Direct Debit,Posted,400.18,40.02,440.2,,INV-497128,AUD,1.0
TX003772,2025-06-27,2025,2,6,June,D001,C003,V017,R03,P003,Hardware expense - Information Technology,Invoice,Posted,2416.69,241.67,2658.36,PO-93155,INV-440218,AUD,1.0
TX003773,2025-05-10,2025,2,5,May,D004,C010,V003,R03,P008,Events expense - Marketing,Invoice,Accrued,719.79,71.98,791.77,PO-82740,INV-529406,AUD,1.0
TX003774,2025-08-03,2025,3,8,August,D005,C012,V030,R01,P008,Telecommunications expense - Sales,Invoice,Posted,215.67,21.57,237.24,PO-12938,INV-857917,AUD,1.0
TX003775,2025-08-29,2025,3,8,August,D006,C019,V001,R03,P008,Vehicle Expenses expense - Operations,Invoice,Posted,336.7,33.67,370.37,PO-60631,INV-178606,AUD,1.0
TX003776,2025-05-21,2025,2,5,May,D001,C001,V023,R01,P004,Software & SaaS expense - Information Technology,Corporate Card,Posted,479.98,48.0,527.98,,,AUD,1.0
TX003777,2025-11-29,2025,4,11,November,D004,C011,V001,R01,P008,Office Supplies expense - Marketing,Corporate Card,Posted,705.45,70.55,776.0,,,AUD,1.0
TX003778,2024-09-11,2024,3,9,September,D007,C004,V006,R01,P005,Contractors expense - Customer Service,Invoice,Posted,1201.83,120.18,1322.01,PO-83922,INV-668403,USD,1.5645
TX003779,2025-04-01,2025,2,4,April,D001,C001,V013,R04,P001,Software & SaaS expense - Information Technology,Invoice,Posted,1266.43,126.64,1393.07,PO-66533,INV-214913,AUD,1.0
TX003780,2024-04-23,2024,2,4,April,D002,C017,V011,R01,P008,Legal & Compliance expense - Finance,Corporate Card,Accrued,207.04,20.7,227.74,,,AUD,1.0
TX003781,2024-05-18,2024,2,5,May,D007,C001,V027,R01,P006,Software & SaaS expense - Customer Service,Direct Debit,Posted,1286.25,128.62,1414.87,,INV-272697,AUD,1.0
TX003782,2025-12-27,2025,4,12,December,D004,C004,V027,R05,P001,Contractors expense - Marketing,Invoice,Pending,1193.7,119.37,1313.07,PO-95267,INV-587274,AUD,1.0
TX003783,2024-09-08,2024,3,9,September,D003,C004,V013,R02,P008,Contractors expense - Human Resources,Invoice,Posted,1354.16,135.42,1489.58,PO-32264,INV-283727,AUD,1.0
TX003784,2026-04-01,2026,2,4,April,D001,C012,V004,R02,P008,Telecommunications expense - Information Technology,Corporate Card,Posted,288.27,28.83,317.1,,,AUD,1.0
TX003785,2025-10-18,2025,4,10,October,D001,C003,V018,R03,P005,Hardware expense - Information Technology,Invoice,Posted,264.45,26.45,290.9,PO-68407,INV-615727,AUD,1.0
TX003786,2024-07-02,2024,3,7,July,D002,C001,V030,R03,P008,Software & SaaS expense - Finance,Expense Claim,Posted,836.96,83.7,920.66,,,AUD,1.0
TX003787,2026-06-09,2026,2,6,June,D002,C005,V020,R01,P002,Consulting expense - Finance,Direct Debit,Posted,1868.36,186.84,2055.2,,INV-358807,AUD,1.0
TX003788,2025-10-03,2025,4,10,October,D006,C004,V009,R01,P008,Contractors expense - Operations,Direct Debit,Posted,1800.92,180.09,1981.01,,INV-279904,AUD,1.0
TX003789,2025-08-03,2025,3,8,August,D001,C012,V005,R01,P008,Telecommunications expense - Information Technology,Invoice,Posted,547.12,54.71,601.83,PO-94916,INV-355822,AUD,1.0
TX003790,2026-01-06,2026,1,1,January,D005,C006,V032,R01,P008,Travel expense - Sales,Expense Claim,Posted,511.49,51.15,562.64,,,AUD,1.0
TX003791,2026-02-19,2026,1,2,February,D007,C004,V014,R03,P004,Contractors expense - Customer Service,Invoice,Posted,2967.27,296.73,3264.0,PO-65612,INV-417055,AUD,1.0
TX003792,2026-05-02,2026,2,5,May,D005,C006,V031,R01,P004,Travel expense - Sales,Invoice,Posted,690.26,69.03,759.29,PO-90893,INV-244801,AUD,1.0
TX003793,2026-01-26,2026,1,1,January,D003,C007,V009,R05,P001,Training expense - Human Resources,Invoice,Accrued,139.56,13.96,153.52,PO-72001,INV-742331,AUD,1.0
TX003794,2025-08-20,2025,3,8,August,D008,C015,V028,R01,P006,Repairs & Maintenance expense - Facilities,Invoice,Posted,730.83,73.08,803.91,PO-66945,INV-924454,AUD,1.0
TX003795,2024-10-23,2024,4,10,October,D007,C012,V026,R01,P007,Telecommunications expense - Customer Service,Invoice,Posted,155.54,15.55,171.09,PO-23888,INV-745876,AUD,1.0
TX003796,2026-06-03,2026,2,6,June,D005,C010,V023,R01,P008,Events expense - Sales,Invoice,Posted,1471.32,147.13,1618.45,PO-73384,INV-954127,AUD,1.0
TX003797,2026-04-10,2026,2,4,April,D001,C012,V024,R01,P002,Telecommunications expense - Information Technology,Invoice,Posted,116.45,11.65,128.1,PO-49916,INV-343583,AUD,1.0
TX003798,2024-08-05,2024,3,8,August,D002,C006,V028,R04,P008,Travel expense - Finance,Invoice,Posted,1075.4,107.54,1182.94,PO-86312,INV-610198,AUD,1.0
TX003799,2024-02-10,2024,1,2,February,D008,C003,V022,R01,P008,Hardware expense - Facilities,Direct Debit,Posted,336.2,33.62,369.82,,INV-306835,AUD,1.0
TX003800,2025-05-21,2025,2,5,May,D002,C005,V034,R03,P008,Consulting expense - Finance,Invoice,Posted,1045.45,104.55,1150.0,PO-49627,INV-455381,AUD,1.0
TX003801,2026-03-27,2026,1,3,March,D005,C019,V014,R01,P008,Vehicle Expenses expense - Sales,Invoice,Posted,575.28,57.53,632.81,PO-13382,INV-644378,AUD,1.0
TX003802,2025-11-17,2025,4,11,November,D001,C003,V005,R03,P008,Hardware expense - Information Technology,Corporate Card,Posted,2279.43,227.94,2507.37,,,AUD,1.0
TX003803,2026-01-20,2026,1,1,January,D008,C016,V017,R01,P008,Insurance expense - Facilities,Invoice,Posted,240.87,24.09,264.96,PO-61082,INV-548544,AUD,1.0
TX003804,2024-02-23,2024,1,2,February,D005,C009,V030,R02,P006,Advertising expense - Sales,Invoice,Posted,496.1,49.61,545.71,PO-74196,INV-851669,AUD,1.0
TX003805,2025-03-27,2025,1,3,March,D004,C006,V027,R04,P008,Travel expense - Marketing,Invoice,Posted,572.3,57.23,629.53,PO-40809,INV-825208,AUD,1.0
TX003806,2024-09-05,2024,3,9,September,D002,C016,V034,R02,P008,Insurance expense - Finance,Invoice,Posted,186.14,18.61,204.75,PO-53925,INV-390755,AUD,1.0
TX003807,2025-10-04,2025,4,10,October,D006,C006,V002,R03,P008,Travel expense - Operations,Corporate Card,Posted,1389.76,138.98,1528.74,,,AUD,1.0
TX003808,2024-02-26,2024,1,2,February,D005,C019,V014,R03,P005,Vehicle Expenses expense - Sales,Direct Debit,Posted,815.5,81.55,897.05,,INV-468513,AUD,1.0
TX003809,2025-08-24,2025,3,8,August,D003,C001,V023,R03,P008,Software & SaaS expense - Human Resources,Invoice,Posted,611.88,61.19,673.07,PO-94637,INV-756910,AUD,1.0
TX003810,2024-06-15,2024,2,6,June,D006,C003,V035,R02,P004,Hardware expense - Operations,Direct Debit,Accrued,1114.89,111.49,1226.38,,INV-896183,AUD,1.0
TX003811,2026-06-19,2026,2,6,June,D005,C006,V009,R02,P003,Travel expense - Sales,Invoice,Posted,257.96,25.8,283.76,PO-15500,INV-579838,AUD,1.0
TX003812,2024-06-14,2024,2,6,June,D007,C007,V007,R01,P001,Training expense - Customer Service,Invoice,Posted,502.59,50.26,552.85,PO-40392,INV-560451,AUD,1.0
TX003813,2024-06-23,2024,2,6,June,D006,C003,V011,R01,P004,Hardware expense - Operations,Expense Claim,Posted,709.91,70.99,780.9,,,AUD,1.0
TX003814,2025-01-18,2025,1,1,January,D001,C004,V025,R03,P001,Contractors expense - Information Technology,Invoice,Posted,5071.27,507.13,5578.4,PO-42773,INV-708565,AUD,1.0
TX003815,2024-09-27,2024,3,9,September,D002,C001,V003,R04,P001,Software & SaaS expense - Finance,Invoice,Posted,3240.24,324.02,3564.26,PO-14468,INV-411926,AUD,1.0
TX003816,2024-02-29,2024,1,2,February,D007,C004,V024,R01,P003,Contractors expense - Customer Service,Invoice,Posted,1586.0,158.6,1744.6,PO-85573,INV-527550,AUD,1.0
TX003817,2024-01-29,2024,1,1,January,D006,C018,V018,R02,P004,Freight & Logistics expense - Operations,Direct Debit,Posted,2082.59,208.26,2290.85,,INV-148943,AUD,1.0
TX003818,2024-10-20,2024,4,10,October,D004,C001,V030,R04,P001,Software & SaaS expense - Marketing,Invoice,Accrued,936.41,93.64,1030.05,PO-88309,INV-448624,AUD,1.0
TX003819,2025-06-02,2025,2,6,June,D004,C011,V011,R02,P008,Office Supplies expense - Marketing,Invoice,Pending,242.42,24.24,266.66,PO-94036,INV-594058,AUD,1.0
TX003820,2025-11-14,2025,4,11,November,D008,C004,V034,R04,P008,Contractors expense - Facilities,Corporate Card,Posted,899.82,89.98,989.8,,,AUD,1.0
TX003821,2025-01-07,2025,1,1,January,D003,C004,V003,R01,P008,Contractors expense - Human Resources,Direct Debit,Posted,391.06,39.11,430.17,,INV-296204,AUD,1.0
TX003822,2024-09-27,2024,3,9,September,D005,C012,V017,R03,P006,Telecommunications expense - Sales,Invoice,Posted,331.07,33.11,364.18,PO-23740,INV-515253,AUD,1.0
TX003823,2026-01-11,2026,1,1,January,D006,C006,V016,R03,P002,Travel expense - Operations,Invoice,Posted,193.74,19.37,213.11,PO-49037,INV-802900,AUD,1.0
TX003824,2025-01-25,2025,1,1,January,D002,C016,V003,R02,P008,Insurance expense - Finance,Invoice,Posted,213.72,21.37,235.09,PO-66002,INV-794153,AUD,1.0
TX003825,2026-02-15,2026,1,2,February,D006,C006,V003,R01,P008,Travel expense - Operations,Invoice,Posted,1059.69,105.97,1165.66,PO-96538,INV-534568,AUD,1.0
TX003826,2025-04-14,2025,2,4,April,D001,C003,V011,R01,P005,Hardware expense - Information Technology,Invoice,Posted,480.6,48.06,528.66,PO-45195,INV-909103,AUD,1.0
TX003827,2024-11-29,2024,4,11,November,D007,C001,V023,R01,P008,Software & SaaS expense - Customer Service,Invoice,Posted,3869.42,386.94,4256.36,PO-34397,INV-805993,AUD,1.0
TX003828,2025-02-17,2025,1,2,February,D008,C014,V032,R01,P002,Utilities expense - Facilities,Invoice,Posted,756.14,75.61,831.75,PO-33402,INV-935207,AUD,1.0
TX003829,2025-08-18,2025,3,8,August,D002,C006,V010,R02,P008,Travel expense - Finance,Invoice,Posted,333.0,33.3,366.3,PO-72705,INV-509219,AUD,1.0
TX003830,2024-03-29,2024,1,3,March,D008,C013,V011,R01,P008,Rent expense - Facilities,Direct Debit,Accrued,12302.91,1230.29,13533.2,,INV-645743,AUD,1.0
TX003831,2026-06-02,2026,2,6,June,D004,C009,V014,R02,P008,Advertising expense - Marketing,Invoice,Posted,667.45,66.75,734.2,PO-35494,INV-594827,AUD,1.0
TX003832,2025-06-07,2025,2,6,June,D004,C009,V012,R04,P002,Advertising expense - Marketing,Invoice,Posted,4852.43,485.24,5337.67,PO-12900,INV-604710,AUD,1.0
TX003833,2025-08-25,2025,3,8,August,D006,C011,V004,R01,P001,Office Supplies expense - Operations,Expense Claim,Posted,138.77,13.88,152.65,,,AUD,1.0
TX003834,2025-02-22,2025,1,2,February,D001,C003,V010,R02,P001,Hardware expense - Information Technology,Invoice,Posted,983.77,98.38,1082.15,PO-99419,INV-216875,AUD,1.0
TX003835,2024-08-09,2024,3,8,August,D008,C011,V015,R02,P003,Office Supplies expense - Facilities,Corporate Card,Posted,292.45,29.25,321.7,,,USD,1.5555
TX003836,2026-06-14,2026,2,6,June,D006,C006,V009,R01,P008,Travel expense - Operations,Direct Debit,Posted,845.79,84.58,930.37,,INV-635570,AUD,1.0
TX003837,2024-08-07,2024,3,8,August,D003,C006,V033,R01,P008,Travel expense - Human Resources,Invoice,Posted,2008.11,200.81,2208.92,PO-19870,INV-797086,AUD,1.0
TX003838,2025-05-28,2025,2,5,May,D001,C005,V002,R04,P008,Consulting expense - Information Technology,Invoice,Posted,1637.83,163.78,1801.61,PO-61647,INV-858305,AUD,1.0
TX003839,2024-06-30,2024,2,6,June,D008,C004,V022,R05,P008,Contractors expense - Facilities,Invoice,Posted,2803.17,280.32,3083.49,PO-40483,INV-935987,AUD,1.0
TX003840,2024-05-17,2024,2,5,May,D008,C004,V021,R01,P002,Contractors expense - Facilities,Invoice,Posted,589.84,58.98,648.82,PO-34366,INV-694226,AUD,1.0
TX003841,2025-03-29,2025,1,3,March,D005,C009,V026,R01,P008,Advertising expense - Sales,Direct Debit,Posted,1112.81,111.28,1224.09,,INV-518361,AUD,1.0
TX003842,2024-06-26,2024,2,6,June,D005,C012,V015,R04,P008,Telecommunications expense - Sales,Direct Debit,Posted,198.37,19.84,218.21,,INV-457591,AUD,1.0
TX003843,2026-04-27,2026,2,4,April,D008,C011,V026,R04,P008,Office Supplies expense - Facilities,Expense Claim,Posted,183.01,18.3,201.31,,,AUD,1.0
TX003844,2025-06-08,2025,2,6,June,D002,C004,V001,R04,P002,Contractors expense - Finance,Invoice,Posted,1547.47,154.75,1702.22,PO-44483,INV-519026,AUD,1.0
TX003845,2024-12-03,2024,4,12,December,D006,C003,V028,R03,P008,Hardware expense - Operations,Invoice,Accrued,1995.43,199.54,2194.97,PO-70047,INV-873235,USD,1.5682
TX003846,2026-06-09,2026,2,6,June,D007,C007,V005,R01,P008,Training expense - Customer Service,Expense Claim,Posted,1137.22,113.72,1250.94,,,AUD,1.0
TX003847,2024-03-03,2024,1,3,March,D003,C004,V020,R01,P004,Contractors expense - Human Resources,Direct Debit,Posted,2071.47,207.15,2278.62,,INV-345887,AUD,1.0
TX003848,2025-04-06,2025,2,4,April,D001,C012,V017,R01,P008,Telecommunications expense - Information Technology,Invoice,Posted,925.39,92.54,1017.93,PO-25681,INV-621615,AUD,1.0
TX003849,2025-04-24,2025,2,4,April,D008,C016,V010,R01,P008,Insurance expense - Facilities,Invoice,Accrued,281.9,28.19,310.09,PO-24118,INV-949434,AUD,1.0
TX003850,2026-01-03,2026,1,1,January,D008,C004,V002,R05,P002,Contractors expense - Facilities,Invoice,Posted,3431.13,343.11,3774.24,PO-96721,INV-285238,AUD,1.0
TX003851,2025-08-28,2025,3,8,August,D006,C018,V001,R01,P008,Freight & Logistics expense - Operations,Invoice,Posted,1571.05,157.11,1728.16,PO-37167,INV-871801,AUD,1.0
TX003852,2024-11-26,2024,4,11,November,D002,C004,V013,R01,P007,Contractors expense - Finance,Corporate Card,Posted,1531.74,153.17,1684.91,,,AUD,1.0
TX003853,2025-01-24,2025,1,1,January,D004,C004,V006,R03,P004,Contractors expense - Marketing,Direct Debit,Accrued,12568.87,1256.89,13825.76,,INV-764544,AUD,1.0
TX003854,2025-06-02,2025,2,6,June,D003,C006,V027,R01,P008,Travel expense - Human Resources,Corporate Card,Posted,2445.19,244.52,2689.71,,,AUD,1.0
TX003855,2025-07-06,2025,3,7,July,D003,C008,V017,R05,P008,Recruitment expense - Human Resources,Invoice,Accrued,246.56,24.66,271.22,PO-55425,INV-583248,AUD,1.0
TX003856,2024-05-01,2024,2,5,May,D007,C020,V033,R05,P008,Customer Support Tools expense - Customer Service,Invoice,Posted,2084.47,208.45,2292.92,PO-35621,INV-211965,AUD,1.0
TX003857,2024-11-05,2024,4,11,November,D006,C004,V013,R03,P005,Contractors expense - Operations,Invoice,Posted,783.84,78.38,862.22,PO-48114,INV-989929,AUD,1.0
TX003858,2025-01-30,2025,1,1,January,D002,C006,V021,R01,P008,Travel expense - Finance,Corporate Card,Posted,342.58,34.26,376.84,,,AUD,1.0
TX003859,2025-12-11,2025,4,12,December,D004,C009,V017,R02,P002,Advertising expense - Marketing,Corporate Card,Accrued,1393.92,139.39,1533.31,,,AUD,1.0
TX003860,2026-04-03,2026,2,4,April,D002,C004,V020,R01,P008,Contractors expense - Finance,Invoice,Posted,6496.13,649.61,7145.74,PO-87867,INV-546886,AUD,1.0
TX003861,2025-04-02,2025,2,4,April,D003,C001,V011,R01,P008,Software & SaaS expense - Human Resources,Corporate Card,Posted,1168.05,116.81,1284.86,,,AUD,1.0
TX003862,2025-03-30,2025,1,3,March,D008,C011,V025,R03,P008,Office Supplies expense - Facilities,Invoice,Posted,359.59,35.96,395.55,PO-89630,INV-960531,AUD,1.0
TX003863,2024-05-27,2024,2,5,May,D006,C006,V022,R01,P002,Travel expense - Operations,Invoice,Posted,577.4,57.74,635.14,PO-45632,INV-151236,AUD,1.0
TX003864,2024-08-20,2024,3,8,August,D008,C004,V019,R04,P008,Contractors expense - Facilities,Corporate Card,Posted,1184.83,118.48,1303.31,,,AUD,1.0
TX003865,2024-09-21,2024,3,9,September,D003,C006,V023,R05,P008,Travel expense - Human Resources,Corporate Card,Posted,395.56,39.56,435.12,,,AUD,1.0
TX003866,2024-11-25,2024,4,11,November,D003,C008,V008,R03,P003,Recruitment expense - Human Resources,Invoice,Posted,508.89,50.89,559.78,PO-36564,INV-476368,AUD,1.0
TX003867,2025-07-02,2025,3,7,July,D006,C018,V030,R02,P008,Freight & Logistics expense - Operations,Invoice,Accrued,3906.26,390.63,4296.89,PO-96182,INV-703535,AUD,1.0
TX003868,2024-05-31,2024,2,5,May,D003,C006,V018,R03,P008,Travel expense - Human Resources,Invoice,Posted,215.16,21.52,236.68,PO-22707,INV-180559,AUD,1.0
TX003869,2025-04-17,2025,2,4,April,D002,C017,V022,R02,P008,Legal & Compliance expense - Finance,Expense Claim,Accrued,736.78,73.68,810.46,,,AUD,1.0
TX003870,2026-04-06,2026,2,4,April,D001,C004,V022,R03,P008,Contractors expense - Information Technology,Corporate Card,Posted,1682.72,168.27,1850.99,,,AUD,1.0
TX003871,2026-04-01,2026,2,4,April,D001,C005,V010,R02,P008,Consulting expense - Information Technology,Corporate Card,Posted,1270.97,127.1,1398.07,,,AUD,1.0
TX003872,2025-12-18,2025,4,12,December,D005,C006,V008,R01,P008,Travel expense - Sales,Direct Debit,Posted,382.41,38.24,420.65,,INV-585083,AUD,1.0
TX003873,2026-05-12,2026,2,5,May,D007,C004,V024,R01,P002,Contractors expense - Customer Service,Invoice,Posted,1654.79,165.48,1820.27,PO-97783,INV-825378,AUD,1.0
TX003874,2025-05-11,2025,2,5,May,D008,C016,V030,R01,P005,Insurance expense - Facilities,Direct Debit,Accrued,115.98,11.6,127.58,,INV-927697,AUD,1.0
TX003875,2025-11-05,2025,4,11,November,D008,C014,V005,R04,P008,Utilities expense - Facilities,Direct Debit,Posted,238.24,23.82,262.06,,INV-611354,AUD,1.0
TX003876,2024-06-22,2024,2,6,June,D004,C006,V024,R05,P006,Travel expense - Marketing,Corporate Card,Posted,745.98,74.6,820.58,,,AUD,1.0
TX003877,2024-06-05,2024,2,6,June,D003,C004,V021,R01,P002,Contractors expense - Human Resources,Invoice,Posted,1975.66,197.57,2173.23,PO-43648,INV-807203,AUD,1.0
TX003878,2026-04-28,2026,2,4,April,D008,C004,V023,R03,P001,Contractors expense - Facilities,Corporate Card,Posted,850.44,85.04,935.48,,,AUD,1.0
TX003879,2025-05-21,2025,2,5,May,D006,C011,V025,R03,P004,Office Supplies expense - Operations,Invoice,Posted,479.34,47.93,527.27,PO-42195,INV-914576,AUD,1.0
TX003880,2026-05-21,2026,2,5,May,D005,C019,V003,R04,P005,Vehicle Expenses expense - Sales,Invoice,Posted,489.84,48.98,538.82,PO-21691,INV-318579,AUD,1.0
TX003881,2024-02-12,2024,1,2,February,D002,C006,V017,R04,P006,Travel expense - Finance,Direct Debit,Posted,1497.83,149.78,1647.61,,INV-880424,AUD,1.0
TX003882,2025-08-02,2025,3,8,August,D004,C006,V032,R05,P002,Travel expense - Marketing,Corporate Card,Posted,1664.2,166.42,1830.62,,,AUD,1.0
TX003883,2025-12-04,2025,4,12,December,D004,C011,V030,R03,P008,Office Supplies expense - Marketing,Invoice,Posted,313.67,31.37,345.04,PO-66863,INV-797461,AUD,1.0
TX003884,2024-07-11,2024,3,7,July,D003,C004,V030,R01,P008,Contractors expense - Human Resources,Direct Debit,Accrued,5620.02,562.0,6182.02,,INV-907775,USD,1.552
TX003885,2025-11-22,2025,4,11,November,D003,C011,V021,R04,P007,Office Supplies expense - Human Resources,Invoice,Accrued,131.94,13.19,145.13,PO-89393,INV-787325,AUD,1.0
TX003886,2025-11-28,2025,4,11,November,D004,C006,V012,R01,P008,Travel expense - Marketing,Expense Claim,Posted,702.58,70.26,772.84,,,AUD,1.0
TX003887,2026-04-06,2026,2,4,April,D001,C012,V017,R01,P008,Telecommunications expense - Information Technology,Invoice,Posted,198.47,19.85,218.32,PO-89587,INV-146548,AUD,1.0
TX003888,2025-09-07,2025,3,9,September,D001,C012,V031,R01,P008,Telecommunications expense - Information Technology,Invoice,Posted,572.42,57.24,629.66,PO-21748,INV-125751,USD,1.5673
TX003889,2025-01-27,2025,1,1,January,D008,C004,V012,R01,P008,Contractors expense - Facilities,Invoice,Posted,152.8,15.28,168.08,PO-80810,INV-802383,AUD,1.0
TX003890,2024-02-23,2024,1,2,February,D003,C011,V034,R01,P006,Office Supplies expense - Human Resources,Invoice,Posted,367.71,36.77,404.48,PO-53411,INV-874980,AUD,1.0
TX003891,2024-07-05,2024,3,7,July,D001,C001,V024,R01,P008,Software & SaaS expense - Information Technology,Invoice,Posted,1390.25,139.03,1529.28,PO-28507,INV-104103,AUD,1.0
TX003892,2025-04-02,2025,2,4,April,D005,C001,V030,R01,P008,Software & SaaS expense - Sales,Corporate Card,Posted,1431.92,143.19,1575.11,,,AUD,1.0
TX003893,2024-09-14,2024,3,9,September,D004,C010,V014,R01,P008,Events expense - Marketing,Invoice,Posted,312.55,31.26,343.81,PO-27201,INV-632885,AUD,1.0
TX003894,2026-02-19,2026,1,2,February,D002,C001,V030,R05,P008,Software & SaaS expense - Finance,Direct Debit,Posted,527.13,52.71,579.84,,INV-219981,AUD,1.0
TX003895,2024-06-08,2024,2,6,June,D007,C004,V032,R02,P008,Contractors expense - Customer Service,Direct Debit,Posted,3003.82,300.38,3304.2,,INV-836044,AUD,1.0
TX003896,2024-01-24,2024,1,1,January,D003,C004,V028,R01,P008,Contractors expense - Human Resources,Corporate Card,Posted,1400.97,140.1,1541.07,,,AUD,1.0
TX003897,2024-10-19,2024,4,10,October,D007,C004,V020,R01,P003,Contractors expense - Customer Service,Invoice,Posted,338.56,33.86,372.42,PO-58172,INV-517190,AUD,1.0
TX003898,2024-12-24,2024,4,12,December,D007,C004,V021,R01,P008,Contractors expense - Customer Service,Direct Debit,Posted,5406.34,540.63,5946.97,,INV-482184,AUD,1.0
TX003899,2024-08-01,2024,3,8,August,D008,C013,V012,R04,P008,Rent expense - Facilities,Invoice,Posted,2005.31,200.53,2205.84,PO-50859,INV-621886,AUD,1.0
TX003900,2025-03-23,2025,1,3,March,D007,C020,V032,R01,P008,Customer Support Tools expense - Customer Service,Invoice,Posted,709.36,70.94,780.3,PO-16849,INV-515563,AUD,1.0
TX003901,2025-04-20,2025,2,4,April,D007,C007,V024,R04,P001,Training expense - Customer Service,Direct Debit,Posted,906.16,90.62,996.78,,INV-425484,AUD,1.0
TX003902,2026-06-12,2026,2,6,June,D003,C007,V032,R01,P008,Training expense - Human Resources,Corporate Card,Posted,234.3,23.43,257.73,,,AUD,1.0
TX003903,2025-12-06,2025,4,12,December,D007,C012,V025,R04,P008,Telecommunications expense - Customer Service,Direct Debit,Posted,115.27,11.53,126.8,,INV-850807,AUD,1.0
TX003904,2024-10-29,2024,4,10,October,D002,C006,V001,R01,P008,Travel expense - Finance,Invoice,Posted,2348.76,234.88,2583.64,PO-53860,INV-283271,AUD,1.0
TX003905,2024-04-22,2024,2,4,April,D003,C004,V019,R02,P003,Contractors expense - Human Resources,Expense Claim,Posted,311.38,31.14,342.52,,,AUD,1.0
TX003906,2025-05-19,2025,2,5,May,D007,C004,V019,R01,P008,Contractors expense - Customer Service,Direct Debit,Posted,1700.48,170.05,1870.53,,INV-202283,AUD,1.0
TX003907,2024-05-14,2024,2,5,May,D006,C006,V016,R01,P008,Travel expense - Operations,Invoice,Posted,1296.17,129.62,1425.79,PO-53449,INV-624521,AUD,1.0
TX003908,2026-06-03,2026,2,6,June,D005,C012,V005,R03,P008,Telecommunications expense - Sales,Expense Claim,Posted,340.94,34.09,375.03,,,AUD,1.0
TX003909,2025-09-06,2025,3,9,September,D006,C004,V021,R01,P008,Contractors expense - Operations,Invoice,Posted,1834.66,183.47,2018.13,PO-85388,INV-579736,AUD,1.0
TX003910,2024-09-12,2024,3,9,September,D002,C001,V028,R01,P008,Software & SaaS expense - Finance,Invoice,Posted,558.19,55.82,614.01,PO-17051,INV-429786,AUD,1.0
TX003911,2025-11-16,2025,4,11,November,D001,C003,V025,R03,P008,Hardware expense - Information Technology,Corporate Card,Accrued,1078.75,107.88,1186.63,,,AUD,1.0
TX003912,2024-03-04,2024,1,3,March,D001,C020,V024,R03,P008,Customer Support Tools expense - Information Technology,Direct Debit,Posted,1131.79,113.18,1244.97,,INV-276192,USD,1.5036
TX003913,2024-04-01,2024,2,4,April,D001,C012,V033,R01,P001,Telecommunications expense - Information Technology,Corporate Card,Posted,705.55,70.55,776.1,,,AUD,1.0
TX003914,2025-08-06,2025,3,8,August,D001,C020,V021,R02,P007,Customer Support Tools expense - Information Technology,Invoice,Posted,341.56,34.16,375.72,PO-89458,INV-150495,AUD,1.0
TX003915,2025-08-10,2025,3,8,August,D004,C009,V030,R01,P007,Advertising expense - Marketing,Direct Debit,Posted,1702.27,170.23,1872.5,,INV-802988,USD,1.5523
TX003916,2025-03-09,2025,1,3,March,D005,C001,V007,R01,P005,Software & SaaS expense - Sales,Direct Debit,Posted,397.78,39.78,437.56,,INV-730138,AUD,1.0
TX003917,2024-11-16,2024,4,11,November,D006,C018,V011,R04,P008,Freight & Logistics expense - Operations,Corporate Card,Posted,1441.08,144.11,1585.19,,,AUD,1.0
TX003918,2026-06-26,2026,2,6,June,D003,C007,V024,R02,P008,Training expense - Human Resources,Direct Debit,Posted,129.09,12.91,142.0,,INV-121856,AUD,1.0
TX003919,2026-05-21,2026,2,5,May,D003,C007,V011,R02,P001,Training expense - Human Resources,Invoice,Accrued,304.88,30.49,335.37,PO-43924,INV-483191,AUD,1.0
TX003920,2025-08-23,2025,3,8,August,D007,C020,V031,R01,P008,Customer Support Tools expense - Customer Service,Invoice,Posted,432.52,43.25,475.77,PO-93200,INV-792528,AUD,1.0
TX003921,2025-03-09,2025,1,3,March,D004,C004,V033,R02,P008,Contractors expense - Marketing,Corporate Card,Posted,2348.63,234.86,2583.49,,,AUD,1.0
TX003922,2025-04-29,2025,2,4,April,D008,C016,V006,R01,P008,Insurance expense - Facilities,Direct Debit,Posted,729.02,72.9,801.92,,INV-341674,AUD,1.0
TX003923,2024-08-27,2024,3,8,August,D008,C014,V011,R01,P008,Utilities expense - Facilities,Invoice,Posted,493.59,49.36,542.95,PO-67956,INV-113056,AUD,1.0
TX003924,2025-11-16,2025,4,11,November,D008,C016,V033,R03,P002,Insurance expense - Facilities,Invoice,Posted,423.64,42.36,466.0,PO-90777,INV-777255,AUD,1.0
TX003925,2024-02-11,2024,1,2,February,D002,C004,V004,R03,P003,Contractors expense - Finance,Direct Debit,Posted,1120.24,112.02,1232.26,,INV-733050,AUD,1.0
TX003926,2025-05-17,2025,2,5,May,D002,C006,V031,R04,P008,Travel expense - Finance,Corporate Card,Posted,938.03,93.8,1031.83,,,AUD,1.0
TX003927,2026-06-05,2026,2,6,June,D003,C008,V007,R01,P002,Recruitment expense - Human Resources,Invoice,Posted,386.45,38.65,425.1,PO-39248,INV-993228,AUD,1.0
TX003928,2025-10-03,2025,4,10,October,D002,C004,V014,R02,P008,Contractors expense - Finance,Direct Debit,Posted,1114.68,111.47,1226.15,,INV-799997,AUD,1.0
TX003929,2025-04-29,2025,2,4,April,D003,C006,V032,R03,P008,Travel expense - Human Resources,Invoice,Posted,311.8,31.18,342.98,PO-31403,INV-896979,AUD,1.0
TX003930,2024-06-15,2024,2,6,June,D001,C001,V010,R03,P005,Software & SaaS expense - Information Technology,Invoice,Posted,7441.88,744.19,8186.07,PO-47716,INV-523671,AUD,1.0
TX003931,2024-06-28,2024,2,6,June,D002,C001,V004,R02,P008,Software & SaaS expense - Finance,Invoice,Posted,894.43,89.44,983.87,PO-11292,INV-579263,AUD,1.0
TX003932,2026-05-09,2026,2,5,May,D007,C012,V022,R01,P008,Telecommunications expense - Customer Service,Invoice,Posted,511.67,51.17,562.84,PO-42143,INV-858905,AUD,1.0
TX003933,2024-12-06,2024,4,12,December,D001,C012,V018,R04,P002,Telecommunications expense - Information Technology,Invoice,Pending,175.55,17.56,193.11,PO-86017,INV-442070,AUD,1.0
TX003934,2024-01-28,2024,1,1,January,D003,C008,V019,R01,P008,Recruitment expense - Human Resources,Corporate Card,Posted,399.58,39.96,439.54,,,AUD,1.0
TX003935,2026-01-08,2026,1,1,January,D005,C019,V019,R02,P002,Vehicle Expenses expense - Sales,Direct Debit,Posted,791.92,79.19,871.11,,INV-925107,AUD,1.0
TX003936,2026-05-04,2026,2,5,May,D005,C006,V024,R03,P007,Travel expense - Sales,Corporate Card,Posted,518.94,51.89,570.83,,,AUD,1.0
TX003937,2024-11-29,2024,4,11,November,D002,C017,V027,R01,P004,Legal & Compliance expense - Finance,Invoice,Posted,903.9,90.39,994.29,PO-51707,INV-267825,AUD,1.0
TX003938,2024-11-20,2024,4,11,November,D003,C011,V035,R04,P008,Office Supplies expense - Human Resources,Invoice,Posted,316.33,31.63,347.96,PO-90003,INV-340477,AUD,1.0
TX003939,2024-01-26,2024,1,1,January,D005,C006,V019,R05,P008,Travel expense - Sales,Corporate Card,Posted,279.45,27.95,307.4,,,AUD,1.0
TX003940,2025-09-15,2025,3,9,September,D008,C011,V014,R01,P003,Office Supplies expense - Facilities,Expense Claim,Pending,215.5,21.55,237.05,,,AUD,1.0
TX003941,2026-01-25,2026,1,1,January,D002,C005,V017,R01,P003,Consulting expense - Finance,Corporate Card,Posted,1277.32,127.73,1405.05,,,AUD,1.0
TX003942,2024-07-03,2024,3,7,July,D004,C009,V020,R04,P001,Advertising expense - Marketing,Invoice,Posted,5456.15,545.62,6001.77,PO-98446,INV-154481,AUD,1.0
TX003943,2026-05-26,2026,2,5,May,D007,C004,V032,R01,P008,Contractors expense - Customer Service,Expense Claim,Pending,3400.6,340.06,3740.66,,,AUD,1.0
TX003944,2025-06-27,2025,2,6,June,D006,C018,V024,R01,P008,Freight & Logistics expense - Operations,Direct Debit,Posted,3030.58,303.06,3333.64,,INV-163897,AUD,1.0
TX003945,2025-07-24,2025,3,7,July,D006,C018,V034,R02,P008,Freight & Logistics expense - Operations,Direct Debit,Posted,2333.81,233.38,2567.19,,INV-688630,AUD,1.0
TX003946,2024-05-02,2024,2,5,May,D008,C016,V019,R04,P008,Insurance expense - Facilities,Invoice,Posted,119.43,11.94,131.37,PO-87100,INV-881406,AUD,1.0
TX003947,2025-11-02,2025,4,11,November,D006,C006,V013,R01,P005,Travel expense - Operations,Corporate Card,Posted,285.13,28.51,313.64,,,AUD,1.0
TX003948,2025-10-02,2025,4,10,October,D001,C003,V014,R01,P008,Hardware expense - Information Technology,Direct Debit,Pending,552.51,55.25,607.76,,INV-976988,AUD,1.0
TX003949,2026-05-19,2026,2,5,May,D001,C020,V030,R01,P008,Customer Support Tools expense - Information Technology,Invoice,Posted,409.56,40.96,450.52,PO-96200,INV-640824,AUD,1.0
TX003950,2025-11-02,2025,4,11,November,D008,C016,V031,R05,P005,Insurance expense - Facilities,Corporate Card,Posted,454.24,45.42,499.66,,,AUD,1.0
TX003951,2024-05-18,2024,2,5,May,D002,C004,V035,R01,P008,Contractors expense - Finance,Corporate Card,Posted,4537.89,453.79,4991.68,,,AUD,1.0
TX003952,2026-05-21,2026,2,5,May,D002,C007,V012,R05,P008,Training expense - Finance,Invoice,Posted,265.57,26.56,292.13,PO-14891,INV-562058,AUD,1.0
TX003953,2025-01-28,2025,1,1,January,D002,C005,V014,R01,P008,Consulting expense - Finance,Invoice,Posted,1443.15,144.32,1587.47,PO-17385,INV-211760,AUD,1.0
TX003954,2026-06-19,2026,2,6,June,D001,C001,V002,R01,P004,Software & SaaS expense - Information Technology,Invoice,Posted,2531.37,253.14,2784.51,PO-39133,INV-202030,AUD,1.0
TX003955,2025-02-02,2025,1,2,February,D003,C006,V002,R04,P005,Travel expense - Human Resources,Invoice,Posted,526.13,52.61,578.74,PO-86753,INV-916555,AUD,1.0
TX003956,2025-05-01,2025,2,5,May,D004,C010,V006,R01,P008,Events expense - Marketing,Direct Debit,Posted,1559.66,155.97,1715.63,,INV-507273,AUD,1.0
TX003957,2024-08-20,2024,3,8,August,D001,C002,V005,R01,P008,Cloud Services expense - Information Technology,Invoice,Pending,1411.9,141.19,1553.09,PO-53280,INV-965471,AUD,1.0
TX003958,2024-04-25,2024,2,4,April,D002,C004,V003,R02,P008,Contractors expense - Finance,Corporate Card,Posted,2474.17,247.42,2721.59,,,AUD,1.0
TX003959,2024-06-05,2024,2,6,June,D004,C009,V030,R01,P001,Advertising expense - Marketing,Direct Debit,Posted,3704.64,370.46,4075.1,,INV-259809,AUD,1.0
TX003960,2025-08-12,2025,3,8,August,D003,C006,V026,R01,P008,Travel expense - Human Resources,Corporate Card,Posted,214.28,21.43,235.71,,,AUD,1.0
TX003961,2026-04-11,2026,2,4,April,D002,C006,V023,R03,P004,Travel expense - Finance,Invoice,Posted,196.52,19.65,216.17,PO-30782,INV-973474,USD,1.5888
TX003962,2024-07-27,2024,3,7,July,D008,C004,V028,R05,P004,Contractors expense - Facilities,Direct Debit,Accrued,1507.35,150.73,1658.08,,INV-605242,AUD,1.0
TX003963,2025-02-03,2025,1,2,February,D002,C006,V001,R01,P007,Travel expense - Finance,Corporate Card,Posted,432.86,43.29,476.15,,,AUD,1.0
TX003964,2024-10-28,2024,4,10,October,D003,C011,V028,R01,P008,Office Supplies expense - Human Resources,Invoice,Posted,143.84,14.38,158.22,PO-20892,INV-747375,AUD,1.0
TX003965,2026-05-12,2026,2,5,May,D007,C001,V033,R03,P003,Software & SaaS expense - Customer Service,Invoice,Posted,6049.6,604.96,6654.56,PO-55610,INV-498538,AUD,1.0
TX003966,2026-05-16,2026,2,5,May,D006,C004,V024,R04,P008,Contractors expense - Operations,Direct Debit,Accrued,1365.54,136.55,1502.09,,INV-433393,AUD,1.0
TX003967,2024-10-13,2024,4,10,October,D003,C006,V017,R01,P005,Travel expense - Human Resources,Corporate Card,Posted,243.06,24.31,267.37,,,AUD,1.0
TX003968,2025-03-01,2025,1,3,March,D001,C005,V034,R04,P004,Consulting expense - Information Technology,Invoice,Accrued,1907.71,190.77,2098.48,PO-39413,INV-547908,AUD,1.0
TX003969,2024-09-24,2024,3,9,September,D006,C006,V029,R03,P007,Travel expense - Operations,Corporate Card,Posted,761.05,76.11,837.16,,,AUD,1.0
TX003970,2024-10-26,2024,4,10,October,D003,C011,V020,R02,P008,Office Supplies expense - Human Resources,Direct Debit,Posted,101.26,10.13,111.39,,INV-713618,AUD,1.0
TX003971,2025-05-21,2025,2,5,May,D006,C003,V029,R04,P008,Hardware expense - Operations,Invoice,Accrued,963.5,96.35,1059.85,PO-51607,INV-343866,AUD,1.0
TX003972,2024-02-28,2024,1,2,February,D002,C005,V026,R02,P008,Consulting expense - Finance,Direct Debit,Posted,4259.72,425.97,4685.69,,INV-213568,AUD,1.0
TX003973,2024-04-20,2024,2,4,April,D004,C011,V019,R04,P003,Office Supplies expense - Marketing,Corporate Card,Posted,196.92,19.69,216.61,,,AUD,1.0
TX003974,2025-04-20,2025,2,4,April,D006,C004,V002,R01,P008,Contractors expense - Operations,Direct Debit,Posted,3628.99,362.9,3991.89,,INV-299788,AUD,1.0
TX003975,2024-11-21,2024,4,11,November,D002,C017,V023,R03,P008,Legal & Compliance expense - Finance,Direct Debit,Posted,554.82,55.48,610.3,,INV-494548,AUD,1.0
TX003976,2024-03-19,2024,1,3,March,D004,C011,V020,R03,P001,Office Supplies expense - Marketing,Expense Claim,Posted,382.78,38.28,421.06,,,AUD,1.0
TX003977,2025-12-28,2025,4,12,December,D005,C001,V032,R03,P003,Software & SaaS expense - Sales,Invoice,Posted,517.22,51.72,568.94,PO-78722,INV-720146,AUD,1.0
TX003978,2024-09-29,2024,3,9,September,D001,C001,V013,R05,P008,Software & SaaS expense - Information Technology,Corporate Card,Posted,3071.81,307.18,3378.99,,,AUD,1.0
TX003979,2026-05-03,2026,2,5,May,D008,C014,V015,R01,P008,Utilities expense - Facilities,Invoice,Posted,226.99,22.7,249.69,PO-28768,INV-569165,AUD,1.0
TX003980,2024-12-19,2024,4,12,December,D003,C007,V006,R01,P008,Training expense - Human Resources,Direct Debit,Posted,2071.74,207.17,2278.91,,INV-723277,AUD,1.0
TX003981,2025-12-06,2025,4,12,December,D008,C003,V024,R01,P003,Hardware expense - Facilities,Invoice,Posted,2508.7,250.87,2759.57,PO-11138,INV-496285,AUD,1.0
TX003982,2024-04-06,2024,2,4,April,D001,C005,V030,R04,P008,Consulting expense - Information Technology,Direct Debit,Accrued,375.48,37.55,413.03,,INV-886741,AUD,1.0
TX003983,2024-05-23,2024,2,5,May,D003,C011,V014,R01,P008,Office Supplies expense - Human Resources,Expense Claim,Accrued,318.29,31.83,350.12,,,AUD,1.0
TX003984,2025-07-13,2025,3,7,July,D002,C016,V018,R01,P003,Insurance expense - Finance,Direct Debit,Posted,616.87,61.69,678.56,,INV-643332,AUD,1.0
TX003985,2025-05-03,2025,2,5,May,D002,C001,V020,R04,P002,Software & SaaS expense - Finance,Invoice,Posted,654.19,65.42,719.61,PO-59956,INV-369789,AUD,1.0
TX003986,2026-03-02,2026,1,3,March,D003,C008,V025,R05,P008,Recruitment expense - Human Resources,Invoice,Posted,161.46,16.15,177.61,PO-30438,INV-952222,AUD,1.0
TX003987,2024-11-30,2024,4,11,November,D005,C009,V021,R04,P008,Advertising expense - Sales,Direct Debit,Posted,472.64,47.26,519.9,,INV-441415,AUD,1.0
TX003988,2026-05-03,2026,2,5,May,D005,C019,V030,R02,P005,Vehicle Expenses expense - Sales,Expense Claim,Posted,1666.7,166.67,1833.37,,,AUD,1.0
TX003989,2024-08-08,2024,3,8,August,D004,C006,V030,R01,P002,Travel expense - Marketing,Invoice,Posted,852.61,85.26,937.87,PO-35466,INV-261096,AUD,1.0
TX003990,2024-01-03,2024,1,1,January,D003,C001,V009,R02,P008,Software & SaaS expense - Human Resources,Direct Debit,Posted,1057.74,105.77,1163.51,,INV-422146,AUD,1.0
TX003991,2025-06-14,2025,2,6,June,D003,C004,V001,R02,P008,Contractors expense - Human Resources,Invoice,Accrued,1664.0,166.4,1830.4,PO-90234,INV-553402,AUD,1.0
TX003992,2024-08-23,2024,3,8,August,D001,C012,V026,R02,P006,Telecommunications expense - Information Technology,Invoice,Posted,322.4,32.24,354.64,PO-89781,INV-990239,AUD,1.0
TX003993,2025-03-20,2025,1,3,March,D005,C012,V003,R02,P008,Telecommunications expense - Sales,Invoice,Posted,129.96,13.0,142.96,PO-88034,INV-443561,AUD,1.0
TX003994,2026-06-04,2026,2,6,June,D005,C009,V020,R03,P008,Advertising expense - Sales,Invoice,Posted,4997.54,499.75,5497.29,PO-93005,INV-572072,AUD,1.0
TX003995,2024-04-23,2024,2,4,April,D006,C004,V014,R01,P008,Contractors expense - Operations,Direct Debit,Posted,2058.95,205.89,2264.84,,INV-921024,AUD,1.0
TX003996,2026-03-06,2026,1,3,March,D003,C007,V021,R03,P007,Training expense - Human Resources,Corporate Card,Posted,61.86,6.19,68.05,,,AUD,1.0
TX003997,2026-02-25,2026,1,2,February,D005,C010,V018,R03,P005,Events expense - Sales,Corporate Card,Posted,983.09,98.31,1081.4,,,AUD,1.0
TX003998,2024-04-12,2024,2,4,April,D005,C006,V019,R02,P005,Travel expense - Sales,Invoice,Pending,58.65,5.87,64.52,PO-38190,INV-243078,AUD,1.0
TX003999,2024-09-11,2024,3,9,September,D005,C009,V025,R03,P003,Advertising expense - Sales,Expense Claim,Posted,1281.81,128.18,1409.99,,,AUD,1.0
TX004000,2026-01-21,2026,1,1,January,D007,C007,V020,R03,P008,Training expense - Customer Service,Corporate Card,Posted,401.66,40.17,441.83,,,USD,1.5967
TX004001,2025-09-21,2025,3,9,September,D001,C001,V030,R01,P008,Software & SaaS expense - Information Technology,Corporate Card,Posted,1212.56,121.26,1333.82,,,AUD,1.0
TX004002,2025-05-08,2025,2,5,May,D001,C001,V008,R04,P008,Software & SaaS expense - Information Technology,Direct Debit,Posted,2339.66,233.97,2573.63,,INV-261232,AUD,1.0
TX004003,2024-08-04,2024,3,8,August,D002,C005,V005,R01,P004,Consulting expense - Finance,Direct Debit,Posted,408.97,40.9,449.87,,INV-704876,AUD,1.0
TX004004,2026-03-05,2026,1,3,March,D002,C006,V024,R01,P008,Travel expense - Finance,Direct Debit,Posted,1918.46,191.85,2110.31,,INV-488647,AUD,1.0
TX004005,2024-03-06,2024,1,3,March,D001,C012,V006,R05,P008,Telecommunications expense - Information Technology,Invoice,Posted,743.24,74.32,817.56,PO-28130,INV-886447,AUD,1.0
TX004006,2024-01-15,2024,1,1,January,D007,C007,V029,R02,P004,Training expense - Customer Service,Invoice,Posted,456.2,45.62,501.82,PO-60154,INV-307273,AUD,1.0
TX004007,2024-06-17,2024,2,6,June,D007,C012,V007,R02,P004,Telecommunications expense - Customer Service,Corporate Card,Posted,192.35,19.23,211.58,,,AUD,1.0
TX004008,2025-09-03,2025,3,9,September,D008,C003,V012,R01,P004,Hardware expense - Facilities,Invoice,Posted,385.22,38.52,423.74,PO-97852,INV-939700,AUD,1.0
TX004009,2024-09-20,2024,3,9,September,D007,C001,V013,R01,P003,Software & SaaS expense - Customer Service,Direct Debit,Posted,4843.11,484.31,5327.42,,INV-843102,AUD,1.0
TX004010,2026-01-11,2026,1,1,January,D003,C011,V021,R02,P008,Office Supplies expense - Human Resources,Invoice,Posted,171.46,17.15,188.61,PO-48380,INV-612302,AUD,1.0
TX004011,2026-06-17,2026,2,6,June,D006,C004,V031,R04,P008,Contractors expense - Operations,Invoice,Posted,3387.17,338.72,3725.89,PO-83914,INV-682853,AUD,1.0
TX004012,2025-08-26,2025,3,8,August,D003,C004,V023,R05,P004,Contractors expense - Human Resources,Invoice,Posted,2183.46,218.35,2401.81,PO-87535,INV-740771,AUD,1.0
TX004013,2025-02-13,2025,1,2,February,D002,C001,V029,R03,P008,Software & SaaS expense - Finance,Invoice,Posted,1187.97,118.8,1306.77,PO-14108,INV-856337,AUD,1.0
TX004014,2024-12-20,2024,4,12,December,D008,C015,V009,R03,P006,Repairs & Maintenance expense - Facilities,Invoice,Posted,1632.07,163.21,1795.28,PO-54355,INV-940125,AUD,1.0
TX004015,2024-09-04,2024,3,9,September,D001,C001,V009,R03,P008,Software & SaaS expense - Information Technology,Expense Claim,Posted,2135.47,213.55,2349.02,,,AUD,1.0
TX004016,2024-07-06,2024,3,7,July,D006,C011,V032,R03,P008,Office Supplies expense - Operations,Invoice,Posted,293.09,29.31,322.4,PO-79577,INV-854337,AUD,1.0
TX004017,2026-05-10,2026,2,5,May,D008,C016,V007,R01,P004,Insurance expense - Facilities,Invoice,Posted,628.76,62.88,691.64,PO-37032,INV-482561,AUD,1.0
TX004018,2025-07-24,2025,3,7,July,D004,C009,V012,R01,P004,Advertising expense - Marketing,Invoice,Posted,1264.95,126.5,1391.45,PO-19164,INV-579838,AUD,1.0
TX004019,2024-03-11,2024,1,3,March,D004,C006,V014,R05,P008,Travel expense - Marketing,Invoice,Accrued,355.32,35.53,390.85,PO-55850,INV-921516,AUD,1.0
TX004020,2026-04-20,2026,2,4,April,D005,C012,V012,R04,P008,Telecommunications expense - Sales,Direct Debit,Posted,300.19,30.02,330.21,,INV-394252,AUD,1.0
TX004021,2024-07-22,2024,3,7,July,D004,C001,V001,R02,P008,Software & SaaS expense - Marketing,Direct Debit,Posted,1621.53,162.15,1783.68,,INV-857436,AUD,1.0
TX004022,2025-12-21,2025,4,12,December,D008,C014,V031,R01,P008,Utilities expense - Facilities,Invoice,Posted,649.13,64.91,714.04,PO-16178,INV-826663,AUD,1.0
TX004023,2025-08-27,2025,3,8,August,D008,C016,V003,R05,P008,Insurance expense - Facilities,Corporate Card,Posted,871.58,87.16,958.74,,,AUD,1.0
TX004024,2026-01-20,2026,1,1,January,D006,C019,V018,R02,P005,Vehicle Expenses expense - Operations,Direct Debit,Posted,524.36,52.44,576.8,,INV-187865,AUD,1.0
TX004025,2024-03-30,2024,1,3,March,D006,C011,V021,R03,P008,Office Supplies expense - Operations,Invoice,Posted,173.28,17.33,190.61,PO-15411,INV-512279,AUD,1.0
TX004026,2026-01-03,2026,1,1,January,D001,C012,V016,R01,P008,Telecommunications expense - Information Technology,Corporate Card,Posted,101.05,10.11,111.16,,,AUD,1.0
TX004027,2024-05-28,2024,2,5,May,D002,C006,V013,R04,P006,Travel expense - Finance,Invoice,Posted,882.26,88.23,970.49,PO-77575,INV-559048,AUD,1.0
TX004028,2024-03-21,2024,1,3,March,D005,C012,V018,R01,P005,Telecommunications expense - Sales,Invoice,Posted,58.31,5.83,64.14,PO-54161,INV-954457,AUD,1.0
TX004029,2025-11-22,2025,4,11,November,D008,C015,V008,R02,P008,Repairs & Maintenance expense - Facilities,Invoice,Posted,727.75,72.78,800.53,PO-55394,INV-205148,AUD,1.0
TX004030,2025-05-28,2025,2,5,May,D004,C001,V012,R02,P003,Software & SaaS expense - Marketing,Direct Debit,Posted,1891.8,189.18,2080.98,,INV-306415,AUD,1.0
TX004031,2024-02-10,2024,1,2,February,D006,C011,V033,R03,P008,Office Supplies expense - Operations,Invoice,Accrued,437.29,43.73,481.02,PO-54113,INV-124356,USD,1.478
TX004032,2025-04-12,2025,2,4,April,D007,C012,V023,R02,P008,Telecommunications expense - Customer Service,Expense Claim,Posted,625.52,62.55,688.07,,,AUD,1.0
TX004033,2025-01-16,2025,1,1,January,D006,C019,V017,R01,P006,Vehicle Expenses expense - Operations,Corporate Card,Posted,805.5,80.55,886.05,,,AUD,1.0
TX004034,2024-10-05,2024,4,10,October,D001,C012,V028,R03,P004,Telecommunications expense - Information Technology,Invoice,Posted,410.49,41.05,451.54,PO-16564,INV-107469,AUD,1.0
TX004035,2024-01-06,2024,1,1,January,D002,C007,V033,R03,P003,Training expense - Finance,Invoice,Posted,271.02,27.1,298.12,PO-38249,INV-845458,AUD,1.0
TX004036,2025-11-24,2025,4,11,November,D003,C007,V015,R01,P002,Training expense - Human Resources,Expense Claim,Posted,470.73,47.07,517.8,,,AUD,1.0
TX004037,2024-05-11,2024,2,5,May,D002,C006,V034,R01,P002,Travel expense - Finance,Invoice,Posted,2018.13,201.81,2219.94,PO-77032,INV-133539,AUD,1.0
TX004038,2025-06-16,2025,2,6,June,D007,C012,V009,R03,P005,Telecommunications expense - Customer Service,Corporate Card,Posted,223.55,22.36,245.91,,,AUD,1.0
TX004039,2025-06-14,2025,2,6,June,D004,C004,V026,R02,P008,Contractors expense - Marketing,Corporate Card,Posted,3432.64,343.26,3775.9,,,AUD,1.0
TX004040,2024-03-20,2024,1,3,March,D004,C001,V030,R04,P008,Software & SaaS expense - Marketing,Invoice,Posted,3312.47,331.25,3643.72,PO-74082,INV-809222,AUD,1.0
TX004041,2025-03-12,2025,1,3,March,D003,C006,V032,R01,P004,Travel expense - Human Resources,Invoice,Posted,576.88,57.69,634.57,PO-67316,INV-890054,AUD,1.0
TX004042,2026-06-17,2026,2,6,June,D007,C007,V008,R01,P003,Training expense - Customer Service,Direct Debit,Posted,249.55,24.96,274.51,,INV-533489,AUD,1.0
TX004043,2024-06-25,2024,2,6,June,D002,C017,V019,R03,P008,Legal & Compliance expense - Finance,Invoice,Posted,393.91,39.39,433.3,PO-76192,INV-562399,AUD,1.0
TX004044,2024-11-29,2024,4,11,November,D008,C011,V021,R03,P004,Office Supplies expense - Facilities,Invoice,Posted,158.71,15.87,174.58,PO-74019,INV-328244,AUD,1.0
TX004045,2025-09-21,2025,3,9,September,D003,C001,V021,R03,P008,Software & SaaS expense - Human Resources,Expense Claim,Posted,1239.4,123.94,1363.34,,,AUD,1.0
TX004046,2026-03-08,2026,1,3,March,D006,C003,V005,R01,P001,Hardware expense - Operations,Invoice,Posted,180.73,18.07,198.8,PO-64498,INV-438917,AUD,1.0
TX004047,2025-12-10,2025,4,12,December,D007,C020,V015,R02,P007,Customer Support Tools expense - Customer Service,Invoice,Posted,953.49,95.35,1048.84,PO-50360,INV-190994,AUD,1.0
TX004048,2024-06-18,2024,2,6,June,D006,C019,V016,R01,P008,Vehicle Expenses expense - Operations,Invoice,Posted,137.47,13.75,151.22,PO-27739,INV-740551,AUD,1.0
TX004049,2026-01-17,2026,1,1,January,D008,C013,V011,R04,P005,Rent expense - Facilities,Direct Debit,Pending,10019.09,1001.91,11021.0,,INV-562002,AUD,1.0
TX004050,2026-05-25,2026,2,5,May,D008,C013,V003,R01,P008,Rent expense - Facilities,Corporate Card,Posted,3428.92,342.89,3771.81,,,AUD,1.0
TX004051,2026-02-19,2026,1,2,February,D002,C007,V001,R01,P008,Training expense - Finance,Invoice,Posted,129.24,12.92,142.16,PO-72567,INV-871758,AUD,1.0
TX004052,2025-12-01,2025,4,12,December,D002,C006,V009,R01,P008,Travel expense - Finance,Invoice,Accrued,165.26,16.53,181.79,PO-57138,INV-201128,AUD,1.0
TX004053,2026-05-12,2026,2,5,May,D005,C010,V030,R02,P008,Events expense - Sales,Invoice,Posted,832.86,83.29,916.15,PO-74435,INV-749297,AUD,1.0
TX004054,2026-01-20,2026,1,1,January,D006,C011,V007,R03,P008,Office Supplies expense - Operations,Invoice,Posted,114.15,11.42,125.57,PO-94843,INV-741870,USD,1.5764
TX004055,2024-02-25,2024,1,2,February,D007,C020,V015,R03,P008,Customer Support Tools expense - Customer Service,Invoice,Posted,1094.59,109.46,1204.05,PO-36767,INV-239352,AUD,1.0
TX004056,2026-02-19,2026,1,2,February,D008,C015,V034,R02,P006,Repairs & Maintenance expense - Facilities,Corporate Card,Posted,1513.03,151.3,1664.33,,,AUD,1.0
TX004057,2024-05-29,2024,2,5,May,D001,C001,V022,R01,P008,Software & SaaS expense - Information Technology,Invoice,Posted,480.55,48.06,528.61,PO-22292,INV-201334,AUD,1.0
TX004058,2024-10-06,2024,4,10,October,D003,C001,V024,R03,P008,Software & SaaS expense - Human Resources,Direct Debit,Posted,583.98,58.4,642.38,,INV-558482,AUD,1.0
TX004059,2024-02-24,2024,1,2,February,D004,C011,V027,R05,P008,Office Supplies expense - Marketing,Expense Claim,Posted,97.05,9.71,106.76,,,AUD,1.0
TX004060,2026-02-12,2026,1,2,February,D008,C003,V034,R01,P005,Hardware expense - Facilities,Invoice,Posted,3215.24,321.52,3536.76,PO-68804,INV-531149,AUD,1.0
TX004061,2025-05-17,2025,2,5,May,D007,C004,V013,R01,P008,Contractors expense - Customer Service,Invoice,Posted,938.39,93.84,1032.23,PO-39711,INV-992072,AUD,1.0
TX004062,2024-05-03,2024,2,5,May,D006,C019,V033,R01,P008,Vehicle Expenses expense - Operations,Invoice,Posted,1397.14,139.71,1536.85,PO-86814,INV-847868,AUD,1.0
TX004063,2026-06-05,2026,2,6,June,D006,C004,V004,R05,P001,Contractors expense - Operations,Invoice,Posted,2365.83,236.58,2602.41,PO-46656,INV-209053,AUD,1.0
TX004064,2025-11-24,2025,4,11,November,D008,C003,V012,R01,P008,Hardware expense - Facilities,Invoice,Posted,1282.39,128.24,1410.63,PO-18205,INV-406556,AUD,1.0
TX004065,2026-06-24,2026,2,6,June,D008,C003,V031,R04,P008,Hardware expense - Facilities,Direct Debit,Posted,3223.07,322.31,3545.38,,INV-591836,AUD,1.0
TX004066,2025-09-12,2025,3,9,September,D005,C019,V012,R01,P008,Vehicle Expenses expense - Sales,Invoice,Posted,822.79,82.28,905.07,PO-54650,INV-191115,AUD,1.0
TX004067,2025-05-06,2025,2,5,May,D006,C003,V027,R03,P008,Hardware expense - Operations,Invoice,Posted,573.43,57.34,630.77,PO-45971,INV-715285,AUD,1.0
TX004068,2025-02-02,2025,1,2,February,D002,C007,V021,R04,P008,Training expense - Finance,Invoice,Posted,116.43,11.64,128.07,PO-16752,INV-544714,AUD,1.0
TX004069,2024-11-20,2024,4,11,November,D007,C020,V014,R02,P008,Customer Support Tools expense - Customer Service,Corporate Card,Posted,640.91,64.09,705.0,,,AUD,1.0
TX004070,2025-04-19,2025,2,4,April,D002,C004,V013,R01,P008,Contractors expense - Finance,Corporate Card,Posted,6264.2,626.42,6890.62,,,AUD,1.0
TX004071,2026-01-30,2026,1,1,January,D008,C003,V032,R03,P008,Hardware expense - Facilities,Direct Debit,Posted,418.47,41.85,460.32,,INV-420952,AUD,1.0
TX004072,2024-12-10,2024,4,12,December,D003,C007,V013,R02,P008,Training expense - Human Resources,Invoice,Posted,125.61,12.56,138.17,PO-47596,INV-544212,AUD,1.0
TX004073,2024-12-14,2024,4,12,December,D005,C019,V035,R02,P008,Vehicle Expenses expense - Sales,Direct Debit,Posted,611.24,61.12,672.36,,INV-610200,AUD,1.0
TX004074,2025-12-14,2025,4,12,December,D005,C012,V001,R03,P008,Telecommunications expense - Sales,Invoice,Accrued,159.28,15.93,175.21,PO-75694,INV-593678,AUD,1.0
TX004075,2024-01-27,2024,1,1,January,D004,C009,V032,R01,P008,Advertising expense - Marketing,Invoice,Posted,1743.7,174.37,1918.07,PO-60662,INV-440050,AUD,1.0
TX004076,2024-08-07,2024,3,8,August,D001,C005,V027,R01,P008,Consulting expense - Information Technology,Invoice,Posted,1232.93,123.29,1356.22,PO-12498,INV-371250,AUD,1.0
TX004077,2024-03-18,2024,1,3,March,D003,C004,V016,R02,P005,Contractors expense - Human Resources,Direct Debit,Posted,2473.28,247.33,2720.61,,INV-430511,AUD,1.0
TX004078,2025-01-13,2025,1,1,January,D008,C004,V010,R01,P008,Contractors expense - Facilities,Invoice,Posted,2379.93,237.99,2617.92,PO-67461,INV-549283,AUD,1.0
TX004079,2024-01-03,2024,1,1,January,D004,C010,V033,R01,P008,Events expense - Marketing,Corporate Card,Posted,274.89,27.49,302.38,,,AUD,1.0
TX004080,2024-04-25,2024,2,4,April,D008,C015,V025,R02,P008,Repairs & Maintenance expense - Facilities,Corporate Card,Posted,800.28,80.03,880.31,,,AUD,1.0
TX004081,2024-08-17,2024,3,8,August,D004,C004,V034,R02,P008,Contractors expense - Marketing,Invoice,Posted,1475.9,147.59,1623.49,PO-78420,INV-709068,AUD,1.0
TX004082,2026-03-20,2026,1,3,March,D003,C006,V014,R02,P008,Travel expense - Human Resources,Expense Claim,Pending,878.21,87.82,966.03,,,AUD,1.0
TX004083,2024-12-22,2024,4,12,December,D003,C011,V032,R01,P005,Office Supplies expense - Human Resources,Direct Debit,Posted,658.71,65.87,724.58,,INV-669817,AUD,1.0
TX004084,2025-05-17,2025,2,5,May,D004,C011,V034,R03,P002,Office Supplies expense - Marketing,Direct Debit,Posted,153.3,15.33,168.63,,INV-978417,AUD,1.0
TX004085,2026-03-09,2026,1,3,March,D006,C003,V010,R02,P008,Hardware expense - Operations,Invoice,Posted,645.59,64.56,710.15,PO-62973,INV-561758,AUD,1.0
TX004086,2025-04-12,2025,2,4,April,D008,C016,V029,R03,P008,Insurance expense - Facilities,Corporate Card,Pending,590.9,59.09,649.99,,,AUD,1.0
TX004087,2025-09-15,2025,3,9,September,D001,C003,V028,R03,P007,Hardware expense - Information Technology,Direct Debit,Posted,896.33,89.63,985.96,,INV-326002,AUD,1.0
TX004088,2025-12-09,2025,4,12,December,D008,C011,V017,R01,P007,Office Supplies expense - Facilities,Corporate Card,Posted,131.54,13.15,144.69,,,AUD,1.0
TX004089,2025-07-23,2025,3,7,July,D008,C013,V034,R01,P005,Rent expense - Facilities,Invoice,Posted,3466.98,346.7,3813.68,PO-61570,INV-184999,AUD,1.0
TX004090,2024-08-04,2024,3,8,August,D003,C008,V024,R01,P006,Recruitment expense - Human Resources,Corporate Card,Posted,294.12,29.41,323.53,,,AUD,1.0
TX004091,2026-04-07,2026,2,4,April,D007,C020,V009,R01,P001,Customer Support Tools expense - Customer Service,Invoice,Posted,891.06,89.11,980.17,PO-56518,INV-650157,AUD,1.0
TX004092,2026-03-04,2026,1,3,March,D001,C001,V033,R02,P008,Software & SaaS expense - Information Technology,Direct Debit,Posted,554.78,55.48,610.26,,INV-380751,AUD,1.0
TX004093,2025-10-22,2025,4,10,October,D006,C019,V018,R01,P005,Vehicle Expenses expense - Operations,Corporate Card,Posted,1035.38,103.54,1138.92,,,AUD,1.0
TX004094,2025-09-13,2025,3,9,September,D008,C011,V021,R01,P008,Office Supplies expense - Facilities,Invoice,Posted,127.99,12.8,140.79,PO-18060,INV-610994,AUD,1.0
TX004095,2025-05-26,2025,2,5,May,D008,C013,V028,R01,P003,Rent expense - Facilities,Expense Claim,Posted,3456.33,345.63,3801.96,,,AUD,1.0
TX004096,2024-02-04,2024,1,2,February,D001,C002,V024,R02,P002,Cloud Services expense - Information Technology,Direct Debit,Accrued,1264.98,126.5,1391.48,,INV-558119,USD,1.5206
TX004097,2025-12-11,2025,4,12,December,D004,C010,V007,R03,P008,Events expense - Marketing,Invoice,Posted,511.15,51.12,562.27,PO-25337,INV-555960,AUD,1.0
TX004098,2025-06-12,2025,2,6,June,D002,C004,V032,R03,P008,Contractors expense - Finance,Invoice,Posted,4139.98,414.0,4553.98,PO-55402,INV-695989,AUD,1.0
TX004099,2024-08-12,2024,3,8,August,D003,C004,V023,R04,P004,Contractors expense - Human Resources,Invoice,Posted,3952.82,395.28,4348.1,PO-80265,INV-744909,AUD,1.0
TX004100,2024-11-12,2024,4,11,November,D005,C001,V024,R01,P008,Software & SaaS expense - Sales,Invoice,Posted,9280.97,928.1,10209.07,PO-16788,INV-350052,AUD,1.0
TX004101,2025-07-18,2025,3,7,July,D002,C005,V003,R02,P005,Consulting expense - Finance,Corporate Card,Posted,1178.62,117.86,1296.48,,,AUD,1.0
TX004102,2025-12-26,2025,4,12,December,D002,C001,V014,R04,P008,Software & SaaS expense - Finance,Direct Debit,Posted,879.28,87.93,967.21,,INV-608226,AUD,1.0
TX004103,2024-10-25,2024,4,10,October,D001,C012,V005,R04,P008,Telecommunications expense - Information Technology,Invoice,Posted,361.1,36.11,397.21,PO-40041,INV-973274,AUD,1.0
TX004104,2025-06-27,2025,2,6,June,D003,C001,V029,R01,P002,Software & SaaS expense - Human Resources,Direct Debit,Posted,1553.94,155.39,1709.33,,INV-345961,AUD,1.0
TX004105,2024-01-08,2024,1,1,January,D003,C008,V005,R01,P005,Recruitment expense - Human Resources,Invoice,Accrued,390.18,39.02,429.2,PO-24003,INV-698690,AUD,1.0
TX004106,2024-04-08,2024,2,4,April,D003,C011,V035,R02,P004,Office Supplies expense - Human Resources,Corporate Card,Posted,252.66,25.27,277.93,,,AUD,1.0
TX004107,2024-10-05,2024,4,10,October,D005,C001,V028,R02,P004,Software & SaaS expense - Sales,Invoice,Accrued,761.19,76.12,837.31,PO-94078,INV-985472,AUD,1.0
TX004108,2024-02-22,2024,1,2,February,D006,C006,V031,R02,P005,Travel expense - Operations,Invoice,Posted,250.43,25.04,275.47,PO-16199,INV-974180,AUD,1.0
TX004109,2025-01-15,2025,1,1,January,D007,C001,V018,R02,P008,Software & SaaS expense - Customer Service,Invoice,Posted,3539.96,354.0,3893.96,PO-98183,INV-916466,AUD,1.0
TX004110,2026-01-13,2026,1,1,January,D004,C006,V024,R01,P006,Travel expense - Marketing,Invoice,Pending,1130.75,113.08,1243.83,PO-90946,INV-121831,USD,1.504
TX004111,2026-05-04,2026,2,5,May,D006,C019,V022,R01,P008,Vehicle Expenses expense - Operations,Invoice,Posted,695.28,69.53,764.81,PO-42591,INV-711988,AUD,1.0
TX004112,2024-04-08,2024,2,4,April,D005,C010,V003,R01,P008,Events expense - Sales,Invoice,Posted,1149.91,114.99,1264.9,PO-84255,INV-867481,AUD,1.0
TX004113,2025-01-31,2025,1,1,January,D001,C005,V028,R01,P002,Consulting expense - Information Technology,Invoice,Posted,2507.11,250.71,2757.82,PO-34548,INV-363364,AUD,1.0
TX004114,2025-11-22,2025,4,11,November,D004,C004,V004,R01,P001,Contractors expense - Marketing,Direct Debit,Posted,432.17,43.22,475.39,,INV-301480,AUD,1.0
TX004115,2025-10-09,2025,4,10,October,D002,C017,V016,R01,P008,Legal & Compliance expense - Finance,Invoice,Posted,644.44,64.44,708.88,PO-11712,INV-317354,USD,1.4875
TX004116,2024-11-12,2024,4,11,November,D007,C004,V012,R04,P008,Contractors expense - Customer Service,Invoice,Posted,1710.89,171.09,1881.98,PO-82412,INV-511761,AUD,1.0
TX004117,2025-02-27,2025,1,2,February,D001,C012,V003,R03,P005,Telecommunications expense - Information Technology,Invoice,Posted,1338.02,133.8,1471.82,PO-81365,INV-221466,AUD,1.0
TX004118,2024-12-01,2024,4,12,December,D008,C016,V006,R01,P008,Insurance expense - Facilities,Corporate Card,Pending,828.03,82.8,910.83,,,USD,1.562
TX004119,2025-04-09,2025,2,4,April,D002,C007,V030,R03,P008,Training expense - Finance,Direct Debit,Posted,1591.74,159.17,1750.91,,INV-211806,AUD,1.0
TX004120,2026-03-29,2026,1,3,March,D005,C012,V008,R05,P008,Telecommunications expense - Sales,Corporate Card,Posted,173.09,17.31,190.4,,,AUD,1.0
TX004121,2024-10-29,2024,4,10,October,D005,C010,V022,R02,P008,Events expense - Sales,Invoice,Posted,434.04,43.4,477.44,PO-57637,INV-535186,AUD,1.0
TX004122,2026-05-13,2026,2,5,May,D003,C007,V024,R02,P008,Training expense - Human Resources,Corporate Card,Posted,57.49,5.75,63.24,,,AUD,1.0
TX004123,2025-12-02,2025,4,12,December,D007,C004,V028,R02,P008,Contractors expense - Customer Service,Direct Debit,Posted,1342.7,134.27,1476.97,,INV-794898,AUD,1.0
TX004124,2024-08-22,2024,3,8,August,D005,C009,V015,R05,P008,Advertising expense - Sales,Direct Debit,Posted,4585.01,458.5,5043.51,,INV-382463,AUD,1.0
TX004125,2025-06-06,2025,2,6,June,D005,C012,V026,R03,P008,Telecommunications expense - Sales,Invoice,Posted,167.27,16.73,184.0,PO-53928,INV-663605,AUD,1.0
TX004126,2024-03-02,2024,1,3,March,D006,C004,V006,R01,P008,Contractors expense - Operations,Expense Claim,Posted,1997.74,199.77,2197.51,,,AUD,1.0
TX004127,2024-04-21,2024,2,4,April,D008,C003,V031,R01,P008,Hardware expense - Facilities,Expense Claim,Posted,497.85,49.79,547.64,,,AUD,1.0
TX004128,2024-06-23,2024,2,6,June,D003,C004,V008,R03,P008,Contractors expense - Human Resources,Corporate Card,Posted,1607.49,160.75,1768.24,,,USD,1.5111
TX004129,2024-06-23,2024,2,6,June,D006,C018,V034,R02,P008,Freight & Logistics expense - Operations,Invoice,Posted,1081.86,108.19,1190.05,PO-99322,INV-813875,AUD,1.0
TX004130,2025-05-22,2025,2,5,May,D005,C001,V018,R02,P005,Software & SaaS expense - Sales,Corporate Card,Posted,330.1,33.01,363.11,,,AUD,1.0
TX004131,2024-04-16,2024,2,4,April,D008,C011,V004,R02,P007,Office Supplies expense - Facilities,Invoice,Posted,164.57,16.46,181.03,PO-26295,INV-190523,AUD,1.0
TX004132,2025-06-02,2025,2,6,June,D001,C005,V005,R01,P005,Consulting expense - Information Technology,Invoice,Accrued,10487.82,1048.78,11536.6,PO-77354,INV-552974,AUD,1.0
TX004133,2024-08-30,2024,3,8,August,D005,C012,V028,R01,P001,Telecommunications expense - Sales,Corporate Card,Posted,219.45,21.95,241.4,,,AUD,1.0
TX004134,2024-04-30,2024,2,4,April,D005,C009,V032,R01,P008,Advertising expense - Sales,Invoice,Posted,2099.65,209.97,2309.62,PO-90350,INV-200272,AUD,1.0
TX004135,2024-10-09,2024,4,10,October,D007,C001,V005,R01,P008,Software & SaaS expense - Customer Service,Invoice,Pending,694.05,69.41,763.46,PO-45406,INV-107555,AUD,1.0
TX004136,2026-01-11,2026,1,1,January,D002,C004,V033,R01,P008,Contractors expense - Finance,Invoice,Posted,389.07,38.91,427.98,PO-23386,INV-788901,AUD,1.0
TX004137,2024-11-02,2024,4,11,November,D006,C003,V018,R01,P005,Hardware expense - Operations,Invoice,Posted,1252.24,125.22,1377.46,PO-73745,INV-999129,AUD,1.0
TX004138,2024-08-05,2024,3,8,August,D007,C020,V012,R01,P008,Customer Support Tools expense - Customer Service,Invoice,Posted,893.27,89.33,982.6,PO-43717,INV-352962,AUD,1.0
TX004139,2025-06-16,2025,2,6,June,D002,C006,V009,R04,P005,Travel expense - Finance,Expense Claim,Posted,2491.5,249.15,2740.65,,,AUD,1.0
TX004140,2025-08-31,2025,3,8,August,D001,C004,V025,R05,P008,Contractors expense - Information Technology,Invoice,Posted,1075.58,107.56,1183.14,PO-10338,INV-374429,AUD,1.0
TX004141,2025-01-01,2025,1,1,January,D002,C016,V006,R03,P001,Insurance expense - Finance,Invoice,Posted,1026.36,102.64,1129.0,PO-59494,INV-350776,AUD,1.0
TX004142,2026-01-01,2026,1,1,January,D003,C007,V032,R01,P003,Training expense - Human Resources,Direct Debit,Posted,107.16,10.72,117.88,,INV-253240,AUD,1.0
TX004143,2025-10-26,2025,4,10,October,D007,C001,V030,R01,P001,Software & SaaS expense - Customer Service,Direct Debit,Posted,647.93,64.79,712.72,,INV-788810,AUD,1.0
TX004144,2025-01-09,2025,1,1,January,D005,C012,V023,R01,P008,Telecommunications expense - Sales,Direct Debit,Posted,808.32,80.83,889.15,,INV-809934,AUD,1.0
TX004145,2025-11-05,2025,4,11,November,D006,C018,V027,R02,P004,Freight & Logistics expense - Operations,Invoice,Posted,623.36,62.34,685.7,PO-70082,INV-263929,AUD,1.0
TX004146,2025-04-23,2025,2,4,April,D005,C001,V016,R03,P002,Software & SaaS expense - Sales,Corporate Card,Posted,275.91,27.59,303.5,,,AUD,1.0
TX004147,2025-03-20,2025,1,3,March,D006,C011,V011,R01,P001,Office Supplies expense - Operations,Invoice,Posted,404.74,40.47,445.21,PO-94663,INV-703114,AUD,1.0
TX004148,2025-11-05,2025,4,11,November,D003,C004,V024,R01,P004,Contractors expense - Human Resources,Corporate Card,Posted,5292.43,529.24,5821.67,,,AUD,1.0
TX004149,2025-08-09,2025,3,8,August,D005,C009,V011,R04,P008,Advertising expense - Sales,Invoice,Posted,1220.22,122.02,1342.24,PO-70086,INV-472630,AUD,1.0
TX004150,2025-02-11,2025,1,2,February,D006,C006,V033,R01,P008,Travel expense - Operations,Invoice,Posted,1209.48,120.95,1330.43,PO-66119,INV-614277,AUD,1.0
TX004151,2025-02-21,2025,1,2,February,D007,C007,V006,R03,P001,Training expense - Customer Service,Invoice,Posted,385.73,38.57,424.3,PO-77611,INV-616961,AUD,1.0
TX004152,2024-12-30,2024,4,12,December,D004,C011,V012,R03,P008,Office Supplies expense - Marketing,Invoice,Posted,102.94,10.29,113.23,PO-98591,INV-913183,AUD,1.0
TX004153,2026-02-15,2026,1,2,February,D006,C011,V015,R01,P008,Office Supplies expense - Operations,Expense Claim,Posted,841.62,84.16,925.78,,,AUD,1.0
TX004154,2024-06-03,2024,2,6,June,D006,C006,V013,R01,P008,Travel expense - Operations,Expense Claim,Posted,1160.07,116.01,1276.08,,,AUD,1.0
TX004155,2025-11-27,2025,4,11,November,D005,C010,V028,R02,P008,Events expense - Sales,Corporate Card,Posted,3105.36,310.54,3415.9,,,AUD,1.0
TX004156,2025-04-26,2025,2,4,April,D002,C005,V007,R02,P005,Consulting expense - Finance,Invoice,Accrued,771.95,77.2,849.15,PO-23973,INV-287555,AUD,1.0
TX004157,2024-04-08,2024,2,4,April,D007,C020,V010,R02,P002,Customer Support Tools expense - Customer Service,Invoice,Posted,1614.05,161.41,1775.46,PO-40235,INV-758410,USD,1.5903
TX004158,2024-05-16,2024,2,5,May,D007,C004,V013,R01,P004,Contractors expense - Customer Service,Invoice,Posted,2153.28,215.33,2368.61,PO-67749,INV-617726,AUD,1.0
TX004159,2025-07-17,2025,3,7,July,D001,C020,V008,R04,P001,Customer Support Tools expense - Information Technology,Invoice,Posted,1527.92,152.79,1680.71,PO-34405,INV-305197,AUD,1.0
TX004160,2024-06-28,2024,2,6,June,D007,C004,V027,R01,P008,Contractors expense - Customer Service,Invoice,Posted,1933.75,193.38,2127.13,PO-34677,INV-190758,AUD,1.0
TX004161,2024-02-05,2024,1,2,February,D006,C011,V012,R01,P008,Office Supplies expense - Operations,Invoice,Posted,94.64,9.46,104.1,PO-83293,INV-865020,AUD,1.0
TX004162,2025-04-25,2025,2,4,April,D007,C004,V012,R03,P001,Contractors expense - Customer Service,Invoice,Posted,3448.88,344.89,3793.77,PO-90210,INV-896760,USD,1.5375
TX004163,2025-09-22,2025,3,9,September,D007,C020,V024,R03,P001,Customer Support Tools expense - Customer Service,Expense Claim,Posted,193.9,19.39,213.29,,,AUD,1.0
TX004164,2024-08-10,2024,3,8,August,D002,C007,V019,R05,P002,Training expense - Finance,Corporate Card,Posted,430.52,43.05,473.57,,,AUD,1.0
TX004165,2024-08-28,2024,3,8,August,D002,C007,V010,R03,P001,Training expense - Finance,Invoice,Posted,181.5,18.15,199.65,PO-61963,INV-328321,AUD,1.0
TX004166,2025-04-08,2025,2,4,April,D004,C006,V031,R01,P003,Travel expense - Marketing,Direct Debit,Posted,149.12,14.91,164.03,,INV-555588,AUD,1.0
TX004167,2025-05-28,2025,2,5,May,D007,C020,V018,R01,P008,Customer Support Tools expense - Customer Service,Invoice,Posted,481.24,48.12,529.36,PO-63097,INV-471753,AUD,1.0
TX004168,2026-06-02,2026,2,6,June,D002,C005,V030,R03,P004,Consulting expense - Finance,Invoice,Posted,460.28,46.03,506.31,PO-36339,INV-181969,AUD,1.0
TX004169,2024-01-19,2024,1,1,January,D006,C006,V003,R02,P001,Travel expense - Operations,Invoice,Posted,444.46,44.45,488.91,PO-85787,INV-900404,AUD,1.0
TX004170,2024-12-04,2024,4,12,December,D007,C020,V022,R02,P003,Customer Support Tools expense - Customer Service,Invoice,Posted,1418.72,141.87,1560.59,PO-84366,INV-389971,AUD,1.0
TX004171,2026-02-26,2026,1,2,February,D006,C004,V028,R03,P003,Contractors expense - Operations,Invoice,Posted,2963.14,296.31,3259.45,PO-85267,INV-855561,AUD,1.0
TX004172,2026-01-16,2026,1,1,January,D002,C005,V007,R01,P008,Consulting expense - Finance,Invoice,Posted,805.14,80.51,885.65,PO-41737,INV-807264,AUD,1.0
TX004173,2024-09-29,2024,3,9,September,D008,C015,V026,R01,P003,Repairs & Maintenance expense - Facilities,Invoice,Posted,270.91,27.09,298.0,PO-38732,INV-833333,AUD,1.0
TX004174,2025-08-11,2025,3,8,August,D003,C006,V026,R01,P008,Travel expense - Human Resources,Invoice,Posted,340.33,34.03,374.36,PO-28118,INV-485259,AUD,1.0
TX004175,2025-11-19,2025,4,11,November,D004,C010,V026,R03,P008,Events expense - Marketing,Corporate Card,Posted,1272.73,127.27,1400.0,,,AUD,1.0
TX004176,2025-03-18,2025,1,3,March,D003,C001,V007,R02,P008,Software & SaaS expense - Human Resources,Expense Claim,Posted,537.51,53.75,591.26,,,AUD,1.0
TX004177,2024-09-22,2024,3,9,September,D003,C008,V001,R01,P008,Recruitment expense - Human Resources,Direct Debit,Posted,127.99,12.8,140.79,,INV-556467,AUD,1.0
TX004178,2025-11-21,2025,4,11,November,D004,C006,V021,R04,P002,Travel expense - Marketing,Invoice,Posted,800.64,80.06,880.7,PO-17192,INV-241846,AUD,1.0
TX004179,2025-11-17,2025,4,11,November,D006,C004,V001,R01,P008,Contractors expense - Operations,Direct Debit,Posted,1739.15,173.92,1913.07,,INV-462372,AUD,1.0
TX004180,2025-07-17,2025,3,7,July,D008,C004,V006,R03,P003,Contractors expense - Facilities,Invoice,Posted,1649.73,164.97,1814.7,PO-10969,INV-309399,AUD,1.0
TX004181,2026-06-08,2026,2,6,June,D003,C006,V027,R05,P008,Travel expense - Human Resources,Direct Debit,Accrued,144.33,14.43,158.76,,INV-347349,AUD,1.0
TX004182,2024-03-12,2024,1,3,March,D002,C005,V015,R01,P007,Consulting expense - Finance,Invoice,Posted,3485.37,348.54,3833.91,PO-21391,INV-485828,AUD,1.0
TX004183,2024-11-05,2024,4,11,November,D004,C001,V002,R02,P008,Software & SaaS expense - Marketing,Invoice,Posted,1331.16,133.12,1464.28,PO-59935,INV-771710,AUD,1.0
TX004184,2024-12-16,2024,4,12,December,D004,C011,V014,R01,P008,Office Supplies expense - Marketing,Direct Debit,Posted,178.47,17.85,196.32,,INV-416126,AUD,1.0
TX004185,2024-11-28,2024,4,11,November,D003,C004,V014,R02,P008,Contractors expense - Human Resources,Invoice,Posted,837.75,83.78,921.53,PO-34506,INV-963889,AUD,1.0
TX004186,2026-01-03,2026,1,1,January,D008,C016,V017,R03,P003,Insurance expense - Facilities,Expense Claim,Posted,547.34,54.73,602.07,,,AUD,1.0
TX004187,2025-10-18,2025,4,10,October,D004,C006,V032,R01,P008,Travel expense - Marketing,Direct Debit,Posted,491.18,49.12,540.3,,INV-180003,AUD,1.0
TX004188,2024-11-27,2024,4,11,November,D005,C001,V030,R01,P004,Software & SaaS expense - Sales,Expense Claim,Posted,1003.95,100.4,1104.35,,,AUD,1.0
TX004189,2025-02-13,2025,1,2,February,D004,C004,V013,R02,P001,Contractors expense - Marketing,Invoice,Posted,2619.69,261.97,2881.66,PO-26432,INV-498898,AUD,1.0
TX004190,2025-09-11,2025,3,9,September,D007,C004,V020,R04,P007,Contractors expense - Customer Service,Direct Debit,Posted,2400.33,240.03,2640.36,,INV-428510,AUD,1.0
TX004191,2024-10-18,2024,4,10,October,D004,C009,V031,R02,P008,Advertising expense - Marketing,Corporate Card,Posted,1859.47,185.95,2045.42,,,AUD,1.0
TX004192,2024-07-09,2024,3,7,July,D007,C020,V001,R02,P008,Customer Support Tools expense - Customer Service,Invoice,Posted,464.37,46.44,510.81,PO-82109,INV-241387,AUD,1.0
TX004193,2026-04-11,2026,2,4,April,D002,C017,V027,R02,P003,Legal & Compliance expense - Finance,Corporate Card,Posted,925.08,92.51,1017.59,,,AUD,1.0
TX004194,2025-09-09,2025,3,9,September,D005,C012,V008,R01,P008,Telecommunications expense - Sales,Invoice,Posted,246.31,24.63,270.94,PO-15454,INV-934894,AUD,1.0
TX004195,2024-08-01,2024,3,8,August,D005,C012,V010,R05,P008,Telecommunications expense - Sales,Invoice,Posted,188.68,18.87,207.55,PO-75762,INV-580687,AUD,1.0
TX004196,2025-08-02,2025,3,8,August,D006,C019,V006,R02,P005,Vehicle Expenses expense - Operations,Invoice,Accrued,1764.76,176.48,1941.24,PO-90610,INV-277967,AUD,1.0
TX004197,2025-09-27,2025,3,9,September,D004,C004,V029,R03,P008,Contractors expense - Marketing,Invoice,Posted,1730.41,173.04,1903.45,PO-65516,INV-696067,AUD,1.0
TX004198,2024-01-16,2024,1,1,January,D004,C001,V015,R04,P008,Software & SaaS expense - Marketing,Invoice,Posted,334.01,33.4,367.41,PO-19331,INV-182157,AUD,1.0
TX004199,2024-07-07,2024,3,7,July,D001,C002,V009,R02,P001,Cloud Services expense - Information Technology,Corporate Card,Posted,3858.96,385.9,4244.86,,,AUD,1.0
TX004200,2024-05-22,2024,2,5,May,D003,C001,V003,R02,P002,Software & SaaS expense - Human Resources,Corporate Card,Posted,1634.88,163.49,1798.37,,,AUD,1.0
TX004201,2025-07-07,2025,3,7,July,D006,C003,V016,R01,P002,Hardware expense - Operations,Invoice,Posted,1391.85,139.19,1531.04,PO-96691,INV-579966,AUD,1.0
TX004202,2025-09-08,2025,3,9,September,D003,C007,V029,R02,P008,Training expense - Human Resources,Invoice,Posted,305.0,30.5,335.5,PO-63490,INV-445017,AUD,1.0
TX004203,2024-04-16,2024,2,4,April,D005,C009,V025,R03,P008,Advertising expense - Sales,Invoice,Posted,1086.9,108.69,1195.59,PO-60085,INV-653476,AUD,1.0
TX004204,2024-03-07,2024,1,3,March,D005,C019,V020,R03,P008,Vehicle Expenses expense - Sales,Invoice,Posted,2340.52,234.05,2574.57,PO-16600,INV-281588,AUD,1.0
TX004205,2026-05-13,2026,2,5,May,D002,C001,V034,R01,P008,Software & SaaS expense - Finance,Invoice,Posted,662.67,66.27,728.94,PO-25229,INV-891462,AUD,1.0
TX004206,2024-03-18,2024,1,3,March,D008,C014,V002,R02,P008,Utilities expense - Facilities,Invoice,Posted,299.04,29.9,328.94,PO-87410,INV-274159,AUD,1.0
TX004207,2025-08-07,2025,3,8,August,D001,C002,V017,R03,P004,Cloud Services expense - Information Technology,Direct Debit,Posted,1949.06,194.91,2143.97,,INV-323455,AUD,1.0
TX004208,2025-12-01,2025,4,12,December,D007,C004,V034,R01,P001,Contractors expense - Customer Service,Invoice,Posted,2149.37,214.94,2364.31,PO-51960,INV-606229,AUD,1.0
TX004209,2025-12-30,2025,4,12,December,D005,C001,V011,R01,P008,Software & SaaS expense - Sales,Corporate Card,Accrued,747.8,74.78,822.58,,,AUD,1.0
TX004210,2026-03-26,2026,1,3,March,D004,C010,V015,R01,P008,Events expense - Marketing,Expense Claim,Posted,736.11,73.61,809.72,,,AUD,1.0
TX004211,2026-03-05,2026,1,3,March,D005,C019,V018,R02,P008,Vehicle Expenses expense - Sales,Invoice,Posted,1294.52,129.45,1423.97,PO-23168,INV-913747,AUD,1.0
TX004212,2024-03-01,2024,1,3,March,D003,C008,V034,R03,P008,Recruitment expense - Human Resources,Invoice,Posted,546.31,54.63,600.94,PO-20645,INV-226606,AUD,1.0
TX004213,2026-04-26,2026,2,4,April,D001,C001,V013,R01,P001,Software & SaaS expense - Information Technology,Direct Debit,Posted,2376.76,237.68,2614.44,,INV-516505,AUD,1.0
TX004214,2025-06-05,2025,2,6,June,D003,C008,V018,R02,P002,Recruitment expense - Human Resources,Direct Debit,Posted,1406.83,140.68,1547.51,,INV-338871,AUD,1.0
TX004215,2026-04-11,2026,2,4,April,D002,C006,V004,R02,P006,Travel expense - Finance,Invoice,Posted,550.21,55.02,605.23,PO-71411,INV-637483,AUD,1.0
TX004216,2026-02-28,2026,1,2,February,D008,C003,V013,R02,P008,Hardware expense - Facilities,Invoice,Posted,2286.08,228.61,2514.69,PO-15990,INV-464993,AUD,1.0
TX004217,2024-03-31,2024,1,3,March,D001,C012,V017,R04,P008,Telecommunications expense - Information Technology,Expense Claim,Posted,167.88,16.79,184.67,,,AUD,1.0
TX004218,2025-12-14,2025,4,12,December,D005,C012,V006,R01,P008,Telecommunications expense - Sales,Invoice,Posted,715.15,71.52,786.67,PO-60042,INV-694632,AUD,1.0
TX004219,2025-04-20,2025,2,4,April,D005,C006,V015,R04,P008,Travel expense - Sales,Direct Debit,Posted,1924.54,192.45,2116.99,,INV-855078,AUD,1.0
TX004220,2026-01-17,2026,1,1,January,D004,C004,V017,R01,P001,Contractors expense - Marketing,Corporate Card,Posted,748.0,74.8,822.8,,,AUD,1.0
TX004221,2024-01-27,2024,1,1,January,D008,C016,V031,R02,P006,Insurance expense - Facilities,Invoice,Posted,88.87,8.89,97.76,PO-50738,INV-934854,AUD,1.0
TX004222,2025-12-07,2025,4,12,December,D003,C011,V034,R05,P008,Office Supplies expense - Human Resources,Direct Debit,Posted,215.47,21.55,237.02,,INV-636754,AUD,1.0
TX004223,2024-04-18,2024,2,4,April,D007,C020,V018,R02,P002,Customer Support Tools expense - Customer Service,Invoice,Posted,472.28,47.23,519.51,PO-50512,INV-622677,AUD,1.0
TX004224,2026-02-13,2026,1,2,February,D008,C004,V027,R01,P004,Contractors expense - Facilities,Invoice,Pending,6114.4,611.44,6725.84,PO-19749,INV-527993,AUD,1.0
TX004225,2024-01-08,2024,1,1,January,D005,C012,V008,R03,P004,Telecommunications expense - Sales,Direct Debit,Posted,352.37,35.24,387.61,,INV-165573,AUD,1.0
TX004226,2025-03-25,2025,1,3,March,D001,C012,V034,R04,P007,Telecommunications expense - Information Technology,Invoice,Posted,796.15,79.62,875.77,PO-57581,INV-924896,AUD,1.0
TX004227,2025-07-22,2025,3,7,July,D004,C006,V004,R02,P004,Travel expense - Marketing,Invoice,Posted,881.96,88.2,970.16,PO-69847,INV-192645,AUD,1.0
TX004228,2026-04-26,2026,2,4,April,D003,C007,V025,R01,P008,Training expense - Human Resources,Invoice,Posted,892.48,89.25,981.73,PO-64996,INV-579776,AUD,1.0
TX004229,2024-04-07,2024,2,4,April,D006,C011,V006,R03,P008,Office Supplies expense - Operations,Direct Debit,Posted,359.92,35.99,395.91,,INV-789056,AUD,1.0
TX004230,2024-01-19,2024,1,1,January,D006,C019,V024,R02,P008,Vehicle Expenses expense - Operations,Corporate Card,Accrued,993.67,99.37,1093.04,,,AUD,1.0
TX004231,2025-02-23,2025,1,2,February,D003,C006,V023,R03,P005,Travel expense - Human Resources,Invoice,Posted,638.73,63.87,702.6,PO-41148,INV-296642,AUD,1.0
TX004232,2024-12-21,2024,4,12,December,D005,C012,V005,R01,P008,Telecommunications expense - Sales,Corporate Card,Posted,395.01,39.5,434.51,,,AUD,1.0
TX004233,2024-07-14,2024,3,7,July,D001,C020,V010,R01,P004,Customer Support Tools expense - Information Technology,Corporate Card,Posted,240.82,24.08,264.9,,,AUD,1.0
TX004234,2024-05-13,2024,2,5,May,D002,C016,V016,R03,P001,Insurance expense - Finance,Invoice,Posted,186.78,18.68,205.46,PO-46774,INV-107715,AUD,1.0
TX004235,2024-02-18,2024,1,2,February,D004,C009,V023,R05,P008,Advertising expense - Marketing,Direct Debit,Posted,2196.03,219.6,2415.63,,INV-116668,AUD,1.0
TX004236,2024-04-18,2024,2,4,April,D005,C001,V001,R04,P007,Software & SaaS expense - Sales,Invoice,Posted,497.21,49.72,546.93,PO-88352,INV-148698,AUD,1.0
TX004237,2025-09-17,2025,3,9,September,D006,C018,V030,R01,P008,Freight & Logistics expense - Operations,Invoice,Posted,3114.49,311.45,3425.94,PO-18912,INV-915520,AUD,1.0
TX004238,2025-09-01,2025,3,9,September,D002,C007,V027,R03,P008,Training expense - Finance,Invoice,Posted,789.13,78.91,868.04,PO-64350,INV-183387,AUD,1.0
TX004239,2025-02-26,2025,1,2,February,D004,C009,V031,R05,P008,Advertising expense - Marketing,Corporate Card,Posted,3591.01,359.1,3950.11,,,AUD,1.0
TX004240,2026-01-03,2026,1,1,January,D005,C019,V007,R04,P008,Vehicle Expenses expense - Sales,Invoice,Accrued,647.8,64.78,712.58,PO-81328,INV-864303,AUD,1.0
TX004241,2024-03-31,2024,1,3,March,D005,C001,V011,R03,P004,Software & SaaS expense - Sales,Invoice,Posted,4625.56,462.56,5088.12,PO-71928,INV-454256,AUD,1.0
TX004242,2024-12-12,2024,4,12,December,D001,C003,V035,R02,P004,Hardware expense - Information Technology,Corporate Card,Posted,6649.12,664.91,7314.03,,,AUD,1.0
TX004243,2025-01-29,2025,1,1,January,D008,C014,V002,R05,P008,Utilities expense - Facilities,Invoice,Accrued,230.02,23.0,253.02,PO-20576,INV-413320,AUD,1.0
TX004244,2026-06-15,2026,2,6,June,D003,C001,V035,R01,P004,Software & SaaS expense - Human Resources,Expense Claim,Posted,1795.25,179.53,1974.78,,,AUD,1.0
TX004245,2026-02-21,2026,1,2,February,D002,C005,V020,R01,P006,Consulting expense - Finance,Corporate Card,Posted,1153.65,115.37,1269.02,,,AUD,1.0
TX004246,2026-02-09,2026,1,2,February,D003,C004,V015,R02,P003,Contractors expense - Human Resources,Invoice,Posted,835.76,83.58,919.34,PO-48891,INV-424939,AUD,1.0
TX004247,2025-02-10,2025,1,2,February,D005,C006,V005,R05,P003,Travel expense - Sales,Invoice,Posted,525.69,52.57,578.26,PO-17502,INV-919797,AUD,1.0
TX004248,2025-04-28,2025,2,4,April,D001,C005,V033,R03,P008,Consulting expense - Information Technology,Invoice,Posted,2813.86,281.39,3095.25,PO-58788,INV-223839,AUD,1.0
TX004249,2024-04-04,2024,2,4,April,D001,C002,V011,R03,P005,Cloud Services expense - Information Technology,Invoice,Pending,622.99,62.3,685.29,PO-92029,INV-723990,AUD,1.0
TX004250,2024-02-04,2024,1,2,February,D003,C008,V022,R01,P008,Recruitment expense - Human Resources,Invoice,Posted,329.21,32.92,362.13,PO-55138,INV-547151,AUD,1.0
TX004251,2026-05-21,2026,2,5,May,D007,C004,V029,R01,P008,Contractors expense - Customer Service,Invoice,Accrued,4588.08,458.81,5046.89,PO-34560,INV-122798,AUD,1.0
TX004252,2024-06-16,2024,2,6,June,D002,C006,V014,R01,P008,Travel expense - Finance,Invoice,Posted,544.24,54.42,598.66,PO-94157,INV-601333,AUD,1.0
TX004253,2025-12-26,2025,4,12,December,D007,C001,V012,R05,P008,Software & SaaS expense - Customer Service,Invoice,Posted,188.9,18.89,207.79,PO-28452,INV-338473,AUD,1.0
TX004254,2025-10-25,2025,4,10,October,D008,C013,V031,R04,P007,Rent expense - Facilities,Invoice,Posted,3042.82,304.28,3347.1,PO-34410,INV-390755,AUD,1.0
TX004255,2024-04-29,2024,2,4,April,D005,C012,V033,R01,P007,Telecommunications expense - Sales,Invoice,Posted,949.29,94.93,1044.22,PO-55156,INV-655384,AUD,1.0
TX004256,2024-12-12,2024,4,12,December,D008,C014,V024,R01,P008,Utilities expense - Facilities,Invoice,Posted,413.28,41.33,454.61,PO-26703,INV-988627,AUD,1.0
TX004257,2025-10-30,2025,4,10,October,D006,C003,V034,R02,P002,Hardware expense - Operations,Invoice,Posted,799.66,79.97,879.63,PO-79506,INV-512411,AUD,1.0
TX004258,2024-09-03,2024,3,9,September,D005,C019,V031,R01,P004,Vehicle Expenses expense - Sales,Invoice,Posted,1218.95,121.9,1340.85,PO-68428,INV-790944,AUD,1.0
TX004259,2026-01-08,2026,1,1,January,D002,C001,V029,R01,P008,Software & SaaS expense - Finance,Invoice,Posted,960.4,96.04,1056.44,PO-80695,INV-630072,AUD,1.0
TX004260,2026-03-24,2026,1,3,March,D007,C012,V012,R03,P008,Telecommunications expense - Customer Service,Corporate Card,Posted,926.36,92.64,1019.0,,,AUD,1.0
TX004261,2025-04-26,2025,2,4,April,D005,C010,V026,R01,P008,Events expense - Sales,Invoice,Posted,151.15,15.12,166.27,PO-51679,INV-909394,AUD,1.0
TX004262,2024-04-26,2024,2,4,April,D006,C004,V005,R01,P001,Contractors expense - Operations,Invoice,Posted,2241.94,224.19,2466.13,PO-73476,INV-753814,AUD,1.0
TX004263,2024-02-18,2024,1,2,February,D007,C020,V017,R02,P008,Customer Support Tools expense - Customer Service,Invoice,Posted,629.12,62.91,692.03,PO-55866,INV-694199,AUD,1.0
TX004264,2024-08-30,2024,3,8,August,D007,C012,V022,R01,P008,Telecommunications expense - Customer Service,Invoice,Posted,110.07,11.01,121.08,PO-44467,INV-504585,AUD,1.0
TX004265,2025-01-18,2025,1,1,January,D006,C004,V024,R03,P008,Contractors expense - Operations,Expense Claim,Posted,3160.92,316.09,3477.01,,,USD,1.4793
TX004266,2025-01-23,2025,1,1,January,D004,C004,V011,R01,P008,Contractors expense - Marketing,Invoice,Posted,3405.06,340.51,3745.57,PO-16578,INV-162771,AUD,1.0
TX004267,2024-05-26,2024,2,5,May,D002,C016,V003,R01,P008,Insurance expense - Finance,Invoice,Posted,87.42,8.74,96.16,PO-94566,INV-327117,AUD,1.0
TX004268,2024-06-02,2024,2,6,June,D003,C004,V009,R04,P001,Contractors expense - Human Resources,Corporate Card,Posted,2241.79,224.18,2465.97,,,AUD,1.0
TX004269,2025-06-13,2025,2,6,June,D004,C006,V034,R02,P008,Travel expense - Marketing,Direct Debit,Posted,239.6,23.96,263.56,,INV-919576,AUD,1.0
TX004270,2025-04-09,2025,2,4,April,D006,C018,V010,R01,P005,Freight & Logistics expense - Operations,Invoice,Posted,1113.29,111.33,1224.62,PO-49171,INV-511433,AUD,1.0
TX004271,2026-05-19,2026,2,5,May,D005,C009,V002,R02,P008,Advertising expense - Sales,Direct Debit,Posted,1784.34,178.43,1962.77,,INV-649934,AUD,1.0
TX004272,2024-07-22,2024,3,7,July,D001,C020,V028,R02,P008,Customer Support Tools expense - Information Technology,Invoice,Accrued,275.97,27.6,303.57,PO-87365,INV-680271,AUD,1.0
TX004273,2025-05-26,2025,2,5,May,D003,C006,V016,R01,P005,Travel expense - Human Resources,Corporate Card,Accrued,2167.18,216.72,2383.9,,,AUD,1.0
TX004274,2025-04-14,2025,2,4,April,D005,C012,V003,R01,P008,Telecommunications expense - Sales,Invoice,Posted,441.09,44.11,485.2,PO-19697,INV-457810,AUD,1.0
TX004275,2025-11-02,2025,4,11,November,D002,C004,V006,R03,P008,Contractors expense - Finance,Invoice,Posted,779.17,77.92,857.09,PO-60817,INV-801723,AUD,1.0
TX004276,2024-12-05,2024,4,12,December,D003,C004,V035,R02,P001,Contractors expense - Human Resources,Invoice,Posted,3877.5,387.75,4265.25,PO-16060,INV-315631,AUD,1.0
TX004277,2024-06-29,2024,2,6,June,D003,C011,V019,R02,P008,Office Supplies expense - Human Resources,Corporate Card,Posted,415.08,41.51,456.59,,,AUD,1.0
TX004278,2024-09-19,2024,3,9,September,D005,C010,V005,R01,P008,Events expense - Sales,Expense Claim,Pending,8423.48,842.35,9265.83,,,AUD,1.0
TX004279,2025-07-11,2025,3,7,July,D006,C006,V031,R01,P008,Travel expense - Operations,Invoice,Posted,130.67,13.07,143.74,PO-65420,INV-879758,AUD,1.0
TX004280,2024-10-11,2024,4,10,October,D006,C018,V010,R05,P007,Freight & Logistics expense - Operations,Direct Debit,Posted,866.03,86.6,952.63,,INV-256506,AUD,1.0
TX004281,2024-12-30,2024,4,12,December,D006,C018,V011,R02,P008,Freight & Logistics expense - Operations,Invoice,Posted,1678.9,167.89,1846.79,PO-12718,INV-795185,AUD,1.0
TX004282,2025-02-26,2025,1,2,February,D008,C003,V012,R02,P008,Hardware expense - Facilities,Direct Debit,Posted,1665.8,166.58,1832.38,,INV-965832,AUD,1.0
TX004283,2025-04-25,2025,2,4,April,D006,C019,V007,R03,P007,Vehicle Expenses expense - Operations,Direct Debit,Posted,564.44,56.44,620.88,,INV-651999,AUD,1.0
TX004284,2026-05-03,2026,2,5,May,D008,C004,V020,R01,P001,Contractors expense - Facilities,Invoice,Accrued,708.47,70.85,779.32,PO-66023,INV-653984,AUD,1.0
TX004285,2024-10-20,2024,4,10,October,D006,C018,V001,R01,P002,Freight & Logistics expense - Operations,Invoice,Posted,4363.34,436.33,4799.67,PO-34956,INV-814354,AUD,1.0
TX004286,2024-07-10,2024,3,7,July,D008,C011,V005,R01,P003,Office Supplies expense - Facilities,Invoice,Posted,277.75,27.78,305.53,PO-82062,INV-919195,AUD,1.0
TX004287,2025-03-25,2025,1,3,March,D003,C008,V032,R05,P008,Recruitment expense - Human Resources,Expense Claim,Posted,578.85,57.89,636.74,,,AUD,1.0
TX004288,2026-04-24,2026,2,4,April,D006,C018,V008,R03,P001,Freight & Logistics expense - Operations,Corporate Card,Posted,1783.23,178.32,1961.55,,,AUD,1.0
TX004289,2025-12-29,2025,4,12,December,D004,C006,V022,R02,P003,Travel expense - Marketing,Direct Debit,Posted,782.54,78.25,860.79,,INV-633489,AUD,1.0
TX004290,2025-04-27,2025,2,4,April,D001,C012,V035,R01,P001,Telecommunications expense - Information Technology,Expense Claim,Posted,696.56,69.66,766.22,,,AUD,1.0
TX004291,2024-06-19,2024,2,6,June,D001,C005,V023,R02,P008,Consulting expense - Information Technology,Invoice,Posted,643.44,64.34,707.78,PO-60196,INV-174327,AUD,1.0
TX004292,2026-05-19,2026,2,5,May,D008,C003,V006,R04,P001,Hardware expense - Facilities,Invoice,Posted,118.56,11.86,130.42,PO-84089,INV-743667,AUD,1.0
TX004293,2026-01-08,2026,1,1,January,D002,C017,V003,R01,P008,Legal & Compliance expense - Finance,Invoice,Posted,1162.57,116.26,1278.83,PO-75884,INV-482799,AUD,1.0
TX004294,2025-04-18,2025,2,4,April,D007,C001,V013,R01,P008,Software & SaaS expense - Customer Service,Invoice,Posted,1915.4,191.54,2106.94,PO-12046,INV-513055,AUD,1.0
TX004295,2026-04-22,2026,2,4,April,D004,C004,V004,R03,P008,Contractors expense - Marketing,Invoice,Pending,480.37,48.04,528.41,PO-66028,INV-737971,AUD,1.0
TX004296,2026-04-13,2026,2,4,April,D005,C019,V020,R03,P007,Vehicle Expenses expense - Sales,Invoice,Accrued,642.07,64.21,706.28,PO-43337,INV-531735,AUD,1.0
TX004297,2025-09-20,2025,3,9,September,D002,C005,V001,R01,P008,Consulting expense - Finance,Invoice,Posted,2744.19,274.42,3018.61,PO-12259,INV-894743,AUD,1.0
TX004298,2025-05-01,2025,2,5,May,D004,C010,V012,R04,P003,Events expense - Marketing,Invoice,Posted,1065.1,106.51,1171.61,PO-28518,INV-319233,AUD,1.0
TX004299,2026-01-07,2026,1,1,January,D004,C006,V018,R01,P002,Travel expense - Marketing,Invoice,Posted,189.65,18.96,208.61,PO-67290,INV-182320,AUD,1.0
TX004300,2024-02-13,2024,1,2,February,D001,C001,V006,R01,P005,Software & SaaS expense - Information Technology,Direct Debit,Posted,1676.71,167.67,1844.38,,INV-623845,AUD,1.0
TX004301,2025-09-14,2025,3,9,September,D004,C010,V020,R01,P008,Events expense - Marketing,Invoice,Pending,1236.08,123.61,1359.69,PO-94167,INV-807891,AUD,1.0
TX004302,2025-02-02,2025,1,2,February,D004,C001,V023,R05,P008,Software & SaaS expense - Marketing,Invoice,Posted,1698.44,169.84,1868.28,PO-75310,INV-909840,AUD,1.0
TX004303,2024-12-12,2024,4,12,December,D008,C011,V008,R01,P008,Office Supplies expense - Facilities,Corporate Card,Accrued,233.27,23.33,256.6,,,AUD,1.0
TX004304,2025-05-17,2025,2,5,May,D001,C012,V017,R03,P004,Telecommunications expense - Information Technology,Invoice,Posted,45.66,4.57,50.23,PO-80998,INV-191896,AUD,1.0
TX004305,2024-09-07,2024,3,9,September,D006,C019,V007,R05,P008,Vehicle Expenses expense - Operations,Corporate Card,Posted,913.18,91.32,1004.5,,,AUD,1.0
TX004306,2024-10-13,2024,4,10,October,D006,C011,V029,R01,P008,Office Supplies expense - Operations,Invoice,Posted,45,4.5,49.5,PO-57363,INV-301947,AUD,1.0
TX004307,2025-02-15,2025,1,2,February,D001,C003,V032,R01,P008,Hardware expense - Information Technology,Invoice,Posted,321.09,32.11,353.2,PO-60864,INV-273044,AUD,1.0
TX004308,2025-10-24,2025,4,10,October,D008,C013,V001,R01,P008,Rent expense - Facilities,Invoice,Posted,2292.91,229.29,2522.2,PO-11400,INV-740391,AUD,1.0
TX004309,2025-01-03,2025,1,1,January,D007,C012,V012,R04,P002,Telecommunications expense - Customer Service,Invoice,Posted,419.13,41.91,461.04,PO-75884,INV-551697,AUD,1.0
TX004310,2024-11-07,2024,4,11,November,D004,C006,V032,R02,P004,Travel expense - Marketing,Expense Claim,Pending,917.2,91.72,1008.92,,,AUD,1.0
TX004311,2024-05-17,2024,2,5,May,D007,C020,V008,R01,P008,Customer Support Tools expense - Customer Service,Invoice,Posted,976.11,97.61,1073.72,PO-51570,INV-791622,AUD,1.0
TX004312,2024-10-08,2024,4,10,October,D007,C007,V002,R03,P003,Training expense - Customer Service,Invoice,Posted,148.6,14.86,163.46,PO-54345,INV-911343,AUD,1.0
TX004313,2024-12-17,2024,4,12,December,D004,C001,V023,R01,P008,Software & SaaS expense - Marketing,Corporate Card,Posted,1142.06,114.21,1256.27,,,AUD,1.0
TX004314,2025-10-03,2025,4,10,October,D004,C006,V003,R03,P008,Travel expense - Marketing,Invoice,Posted,684.33,68.43,752.76,PO-21199,INV-737504,USD,1.5872
TX004315,2026-05-03,2026,2,5,May,D003,C007,V029,R03,P003,Training expense - Human Resources,Invoice,Posted,142.12,14.21,156.33,PO-92091,INV-949338,AUD,1.0
TX004316,2024-07-11,2024,3,7,July,D003,C008,V025,R01,P008,Recruitment expense - Human Resources,Expense Claim,Posted,488.61,48.86,537.47,,,AUD,1.0
TX004317,2024-01-07,2024,1,1,January,D004,C006,V032,R01,P001,Travel expense - Marketing,Invoice,Posted,1168.82,116.88,1285.7,PO-44303,INV-210608,AUD,1.0
TX004318,2025-04-30,2025,2,4,April,D002,C007,V002,R01,P008,Training expense - Finance,Corporate Card,Posted,924.66,92.47,1017.13,,,AUD,1.0
TX004319,2024-01-19,2024,1,1,January,D005,C001,V016,R01,P008,Software & SaaS expense - Sales,Corporate Card,Posted,1107.51,110.75,1218.26,,,AUD,1.0
TX004320,2024-03-20,2024,1,3,March,D003,C007,V018,R03,P008,Training expense - Human Resources,Corporate Card,Posted,129.07,12.91,141.98,,,USD,1.4983
TX004321,2026-01-18,2026,1,1,January,D005,C010,V024,R02,P008,Events expense - Sales,Corporate Card,Accrued,3232.55,323.26,3555.81,,,AUD,1.0
TX004322,2024-12-02,2024,4,12,December,D008,C011,V007,R02,P001,Office Supplies expense - Facilities,Expense Claim,Posted,135.05,13.51,148.56,,,AUD,1.0
TX004323,2025-11-20,2025,4,11,November,D001,C020,V034,R02,P004,Customer Support Tools expense - Information Technology,Invoice,Posted,547.85,54.79,602.64,PO-86106,INV-496990,AUD,1.0
TX004324,2025-07-10,2025,3,7,July,D002,C004,V008,R01,P007,Contractors expense - Finance,Direct Debit,Posted,638.55,63.85,702.4,,INV-579793,AUD,1.0
TX004325,2026-06-09,2026,2,6,June,D008,C015,V028,R01,P008,Repairs & Maintenance expense - Facilities,Invoice,Posted,832.73,83.27,916.0,PO-80651,INV-868958,AUD,1.0
TX004326,2025-03-10,2025,1,3,March,D006,C018,V021,R02,P008,Freight & Logistics expense - Operations,Invoice,Posted,6504.19,650.42,7154.61,PO-92137,INV-631587,AUD,1.0
TX004327,2024-01-17,2024,1,1,January,D001,C004,V027,R01,P008,Contractors expense - Information Technology,Corporate Card,Posted,1732.93,173.29,1906.22,,,AUD,1.0
TX004328,2024-08-17,2024,3,8,August,D004,C006,V006,R02,P004,Travel expense - Marketing,Invoice,Posted,555.95,55.6,611.55,PO-42228,INV-776095,AUD,1.0
TX004329,2026-04-18,2026,2,4,April,D006,C006,V024,R04,P001,Travel expense - Operations,Invoice,Posted,267.78,26.78,294.56,PO-99186,INV-687683,AUD,1.0
TX004330,2025-08-20,2025,3,8,August,D003,C011,V011,R02,P008,Office Supplies expense - Human Resources,Direct Debit,Posted,886.05,88.61,974.66,,INV-956653,AUD,1.0
TX004331,2025-05-26,2025,2,5,May,D007,C020,V034,R03,P001,Customer Support Tools expense - Customer Service,Corporate Card,Posted,795.07,79.51,874.58,,,AUD,1.0
TX004332,2026-01-13,2026,1,1,January,D002,C017,V001,R03,P008,Legal & Compliance expense - Finance,Corporate Card,Posted,536.13,53.61,589.74,,,AUD,1.0
TX004333,2024-08-18,2024,3,8,August,D005,C009,V032,R03,P008,Advertising expense - Sales,Invoice,Posted,283.58,28.36,311.94,PO-80940,INV-878633,AUD,1.0
TX004334,2025-02-10,2025,1,2,February,D008,C003,V011,R01,P007,Hardware expense - Facilities,Invoice,Posted,505.52,50.55,556.07,PO-36481,INV-543016,AUD,1.0
TX004335,2025-01-17,2025,1,1,January,D001,C005,V010,R01,P007,Consulting expense - Information Technology,Direct Debit,Posted,2625.78,262.58,2888.36,,INV-736334,USD,1.4768
TX004336,2025-01-23,2025,1,1,January,D003,C008,V016,R03,P001,Recruitment expense - Human Resources,Invoice,Posted,866.09,86.61,952.7,PO-20043,INV-635624,AUD,1.0
TX004337,2025-04-21,2025,2,4,April,D002,C006,V022,R01,P004,Travel expense - Finance,Corporate Card,Posted,956.98,95.7,1052.68,,,AUD,1.0
TX004338,2026-04-09,2026,2,4,April,D002,C007,V002,R04,P008,Training expense - Finance,Corporate Card,Posted,88.5,8.85,97.35,,,AUD,1.0
TX004339,2024-11-15,2024,4,11,November,D007,C001,V031,R04,P008,Software & SaaS expense - Customer Service,Expense Claim,Posted,690.38,69.04,759.42,,,AUD,1.0
TX004340,2024-03-31,2024,1,3,March,D005,C010,V020,R04,P005,Events expense - Sales,Invoice,Posted,383.12,38.31,421.43,PO-54599,INV-481867,AUD,1.0
TX004341,2025-08-24,2025,3,8,August,D002,C006,V006,R04,P008,Travel expense - Finance,Invoice,Posted,485.37,48.54,533.91,PO-40499,INV-637427,AUD,1.0
TX004342,2025-02-25,2025,1,2,February,D005,C012,V029,R02,P001,Telecommunications expense - Sales,Invoice,Posted,833.39,83.34,916.73,PO-95389,INV-101509,AUD,1.0
TX004343,2024-03-06,2024,1,3,March,D002,C006,V030,R01,P006,Travel expense - Finance,Invoice,Posted,243.93,24.39,268.32,PO-98953,INV-603194,AUD,1.0
TX004344,2025-05-12,2025,2,5,May,D002,C017,V020,R04,P004,Legal & Compliance expense - Finance,Expense Claim,Accrued,957.5,95.75,1053.25,,,AUD,1.0
TX004345,2024-10-08,2024,4,10,October,D002,C016,V002,R04,P003,Insurance expense - Finance,Invoice,Posted,584.94,58.49,643.43,PO-78253,INV-390756,AUD,1.0
TX004346,2024-02-10,2024,1,2,February,D007,C004,V017,R02,P008,Contractors expense - Customer Service,Invoice,Posted,2240.18,224.02,2464.2,PO-69737,INV-189963,AUD,1.0
TX004347,2024-02-20,2024,1,2,February,D001,C003,V012,R03,P008,Hardware expense - Information Technology,Direct Debit,Posted,125.12,12.51,137.63,,INV-641533,AUD,1.0
TX004348,2024-09-28,2024,3,9,September,D008,C015,V007,R01,P008,Repairs & Maintenance expense - Facilities,Invoice,Posted,623.86,62.39,686.25,PO-60225,INV-321533,AUD,1.0
TX004349,2024-09-01,2024,3,9,September,D003,C011,V026,R01,P008,Office Supplies expense - Human Resources,Invoice,Posted,70.41,7.04,77.45,PO-74172,INV-883064,AUD,1.0
TX004350,2026-03-15,2026,1,3,March,D002,C001,V011,R05,P008,Software & SaaS expense - Finance,Direct Debit,Posted,1438.99,143.9,1582.89,,INV-127886,AUD,1.0
TX004351,2025-03-13,2025,1,3,March,D003,C004,V014,R03,P002,Contractors expense - Human Resources,Invoice,Posted,2067.6,206.76,2274.36,PO-69001,INV-519410,AUD,1.0
TX004352,2024-05-05,2024,2,5,May,D007,C001,V007,R02,P008,Software & SaaS expense - Customer Service,Direct Debit,Posted,912.18,91.22,1003.4,,INV-837315,AUD,1.0
TX004353,2024-11-30,2024,4,11,November,D002,C004,V006,R03,P005,Contractors expense - Finance,Invoice,Posted,3334.59,333.46,3668.05,PO-70346,INV-854483,AUD,1.0
TX004354,2024-05-20,2024,2,5,May,D005,C009,V018,R03,P008,Advertising expense - Sales,Invoice,Posted,2581.81,258.18,2839.99,PO-21804,INV-892768,AUD,1.0
TX004355,2026-05-02,2026,2,5,May,D007,C020,V035,R01,P008,Customer Support Tools expense - Customer Service,Invoice,Posted,291.72,29.17,320.89,PO-22682,INV-519616,AUD,1.0
TX004356,2024-07-18,2024,3,7,July,D007,C004,V034,R02,P001,Contractors expense - Customer Service,Corporate Card,Pending,1301.72,130.17,1431.89,,,AUD,1.0
TX004357,2025-11-06,2025,4,11,November,D008,C004,V014,R01,P008,Contractors expense - Facilities,Invoice,Posted,1827.49,182.75,2010.24,PO-23635,INV-407870,AUD,1.0
TX004358,2024-12-16,2024,4,12,December,D003,C008,V035,R03,P008,Recruitment expense - Human Resources,Invoice,Posted,252.13,25.21,277.34,PO-21832,INV-564289,AUD,1.0
TX004359,2025-03-10,2025,1,3,March,D005,C006,V023,R01,P001,Travel expense - Sales,Corporate Card,Posted,625.16,62.52,687.68,,,AUD,1.0
TX004360,2026-02-12,2026,1,2,February,D006,C004,V009,R01,P004,Contractors expense - Operations,Corporate Card,Posted,346.5,34.65,381.15,,,AUD,1.0
TX004361,2025-01-18,2025,1,1,January,D002,C007,V001,R05,P005,Training expense - Finance,Corporate Card,Accrued,709.31,70.93,780.24,,,AUD,1.0
TX004362,2024-09-27,2024,3,9,September,D008,C004,V021,R03,P008,Contractors expense - Facilities,Invoice,Posted,2083.77,208.38,2292.15,PO-10069,INV-208560,AUD,1.0
TX004363,2025-12-23,2025,4,12,December,D007,C004,V029,R01,P005,Contractors expense - Customer Service,Corporate Card,Accrued,1533.91,153.39,1687.3,,,AUD,1.0
TX004364,2024-06-17,2024,2,6,June,D005,C012,V028,R01,P008,Telecommunications expense - Sales,Invoice,Pending,214.53,21.45,235.98,PO-41152,INV-106088,AUD,1.0
TX004365,2024-11-26,2024,4,11,November,D007,C020,V004,R01,P001,Customer Support Tools expense - Customer Service,Invoice,Posted,730.54,73.05,803.59,PO-75737,INV-639407,AUD,1.0
TX004366,2024-07-05,2024,3,7,July,D003,C001,V012,R02,P002,Software & SaaS expense - Human Resources,Direct Debit,Posted,1903.35,190.34,2093.69,,INV-371817,AUD,1.0
TX004367,2025-05-17,2025,2,5,May,D002,C004,V009,R01,P003,Contractors expense - Finance,Invoice,Accrued,665.36,66.54,731.9,PO-32200,INV-602470,AUD,1.0
TX004368,2025-09-04,2025,3,9,September,D003,C006,V033,R04,P008,Travel expense - Human Resources,Direct Debit,Posted,991.38,99.14,1090.52,,INV-362821,AUD,1.0
TX004369,2024-08-04,2024,3,8,August,D003,C007,V011,R04,P004,Training expense - Human Resources,Direct Debit,Posted,156.45,15.64,172.09,,INV-113158,AUD,1.0
TX004370,2024-08-26,2024,3,8,August,D008,C016,V023,R02,P008,Insurance expense - Facilities,Invoice,Posted,174.46,17.45,191.91,PO-76858,INV-689343,AUD,1.0
TX004371,2026-03-26,2026,1,3,March,D006,C018,V035,R01,P008,Freight & Logistics expense - Operations,Corporate Card,Accrued,805.79,80.58,886.37,,,AUD,1.0
TX004372,2024-02-16,2024,1,2,February,D001,C005,V019,R02,P008,Consulting expense - Information Technology,Invoice,Posted,4166.39,416.64,4583.03,PO-86376,INV-165477,AUD,1.0
TX004373,2024-08-28,2024,3,8,August,D007,C007,V032,R04,P008,Training expense - Customer Service,Invoice,Posted,191.73,19.17,210.9,PO-12803,INV-891506,AUD,1.0
TX004374,2024-04-18,2024,2,4,April,D003,C006,V018,R03,P007,Travel expense - Human Resources,Direct Debit,Pending,517.37,51.74,569.11,,INV-818391,AUD,1.0
TX004375,2025-12-05,2025,4,12,December,D008,C014,V032,R05,P007,Utilities expense - Facilities,Direct Debit,Posted,300.7,30.07,330.77,,INV-962626,AUD,1.0
TX004376,2026-01-19,2026,1,1,January,D006,C019,V021,R03,P008,Vehicle Expenses expense - Operations,Corporate Card,Posted,1274.44,127.44,1401.88,,,AUD,1.0
TX004377,2025-05-23,2025,2,5,May,D001,C001,V006,R02,P002,Software & SaaS expense - Information Technology,Direct Debit,Posted,2867.35,286.74,3154.09,,INV-521121,AUD,1.0
TX004378,2026-04-14,2026,2,4,April,D004,C006,V031,R03,P002,Travel expense - Marketing,Expense Claim,Posted,285.17,28.52,313.69,,,AUD,1.0
TX004379,2024-11-24,2024,4,11,November,D007,C012,V018,R01,P008,Telecommunications expense - Customer Service,Invoice,Posted,621.16,62.12,683.28,PO-29107,INV-999948,AUD,1.0
TX004380,2024-04-28,2024,2,4,April,D002,C017,V033,R04,P008,Legal & Compliance expense - Finance,Invoice,Posted,772.64,77.26,849.9,PO-29391,INV-860435,AUD,1.0
TX004381,2025-12-28,2025,4,12,December,D007,C007,V031,R03,P005,Training expense - Customer Service,Invoice,Posted,148.59,14.86,163.45,PO-39232,INV-192476,AUD,1.0
TX004382,2024-08-11,2024,3,8,August,D008,C011,V001,R01,P008,Office Supplies expense - Facilities,Invoice,Posted,402.45,40.25,442.7,PO-63721,INV-360064,AUD,1.0
TX004383,2025-07-22,2025,3,7,July,D003,C004,V011,R01,P004,Contractors expense - Human Resources,Expense Claim,Posted,865.58,86.56,952.14,,,AUD,1.0
TX004384,2024-03-23,2024,1,3,March,D002,C016,V022,R02,P008,Insurance expense - Finance,Invoice,Posted,413.44,41.34,454.78,PO-15347,INV-772622,AUD,1.0
TX004385,2024-08-06,2024,3,8,August,D005,C009,V014,R03,P004,Advertising expense - Sales,Invoice,Posted,1692.34,169.23,1861.57,PO-10752,INV-536626,AUD,1.0
TX004386,2025-08-23,2025,3,8,August,D006,C011,V035,R03,P002,Office Supplies expense - Operations,Expense Claim,Posted,305.84,30.58,336.42,,,AUD,1.0
TX004387,2025-04-26,2025,2,4,April,D003,C007,V016,R04,P004,Training expense - Human Resources,Invoice,Posted,450.26,45.03,495.29,PO-13549,INV-787321,AUD,1.0
TX004388,2025-03-16,2025,1,3,March,D005,C001,V029,R02,P001,Software & SaaS expense - Sales,Invoice,Posted,307.12,30.71,337.83,PO-52734,INV-734712,AUD,1.0
TX004389,2024-06-15,2024,2,6,June,D001,C005,V032,R02,P003,Consulting expense - Information Technology,Corporate Card,Posted,842.43,84.24,926.67,,,AUD,1.0
TX004390,2024-07-11,2024,3,7,July,D002,C007,V028,R01,P008,Training expense - Finance,Invoice,Posted,164.89,16.49,181.38,PO-70584,INV-634819,AUD,1.0
TX004391,2024-04-18,2024,2,4,April,D003,C007,V008,R02,P008,Training expense - Human Resources,Direct Debit,Posted,1219.96,122.0,1341.96,,INV-284377,USD,1.5558
TX004392,2024-03-01,2024,1,3,March,D002,C007,V014,R02,P008,Training expense - Finance,Invoice,Posted,295.14,29.51,324.65,PO-52868,INV-451709,AUD,1.0
TX004393,2025-06-27,2025,2,6,June,D002,C001,V008,R03,P008,Software & SaaS expense - Finance,Invoice,Posted,463.68,46.37,510.05,PO-81502,INV-130904,AUD,1.0
TX004394,2025-04-05,2025,2,4,April,D005,C009,V028,R01,P006,Advertising expense - Sales,Invoice,Posted,8653.17,865.32,9518.49,PO-28211,INV-943554,AUD,1.0
TX004395,2024-12-19,2024,4,12,December,D008,C013,V022,R01,P002,Rent expense - Facilities,Invoice,Posted,3328.45,332.85,3661.3,PO-21498,INV-723992,AUD,1.0
TX004396,2025-02-04,2025,1,2,February,D002,C005,V002,R02,P008,Consulting expense - Finance,Invoice,Accrued,5119.49,511.95,5631.44,PO-53873,INV-418264,AUD,1.0
TX004397,2025-10-22,2025,4,10,October,D005,C009,V024,R04,P007,Advertising expense - Sales,Direct Debit,Posted,937.47,93.75,1031.22,,INV-951891,AUD,1.0
TX004398,2026-01-28,2026,1,1,January,D004,C010,V004,R05,P008,Events expense - Marketing,Corporate Card,Posted,709.61,70.96,780.57,,,AUD,1.0
TX004399,2026-05-17,2026,2,5,May,D005,C019,V016,R01,P001,Vehicle Expenses expense - Sales,Invoice,Accrued,475.34,47.53,522.87,PO-83061,INV-168892,AUD,1.0
TX004400,2024-04-14,2024,2,4,April,D003,C006,V031,R01,P001,Travel expense - Human Resources,Invoice,Posted,450.31,45.03,495.34,PO-65248,INV-870629,AUD,1.0
TX004401,2025-06-07,2025,2,6,June,D001,C020,V010,R01,P002,Customer Support Tools expense - Information Technology,Invoice,Posted,579.19,57.92,637.11,PO-89593,INV-777524,AUD,1.0
TX004402,2024-08-22,2024,3,8,August,D006,C004,V030,R04,P001,Contractors expense - Operations,Invoice,Accrued,810.96,81.1,892.06,PO-26668,INV-931484,AUD,1.0
TX004403,2025-03-21,2025,1,3,March,D002,C004,V009,R01,P008,Contractors expense - Finance,Corporate Card,Posted,1811.28,181.13,1992.41,,,AUD,1.0
TX004404,2024-02-28,2024,1,2,February,D001,C002,V015,R01,P008,Cloud Services expense - Information Technology,Corporate Card,Posted,2940.14,294.01,3234.15,,,AUD,1.0
TX004405,2025-07-11,2025,3,7,July,D006,C004,V022,R01,P008,Contractors expense - Operations,Invoice,Posted,1106.73,110.67,1217.4,PO-82816,INV-583124,AUD,1.0
TX004406,2024-12-13,2024,4,12,December,D004,C011,V035,R01,P008,Office Supplies expense - Marketing,Invoice,Posted,138.38,13.84,152.22,PO-86929,INV-535114,AUD,1.0
TX004407,2024-09-16,2024,3,9,September,D006,C018,V025,R02,P001,Freight & Logistics expense - Operations,Corporate Card,Posted,564.79,56.48,621.27,,,AUD,1.0
TX004408,2024-04-08,2024,2,4,April,D007,C020,V030,R03,P008,Customer Support Tools expense - Customer Service,Invoice,Posted,1365.92,136.59,1502.51,PO-27543,INV-944307,AUD,1.0
TX004409,2026-02-10,2026,1,2,February,D006,C003,V013,R01,P008,Hardware expense - Operations,Invoice,Posted,138.57,13.86,152.43,PO-49860,INV-379081,AUD,1.0
TX004410,2025-12-15,2025,4,12,December,D006,C019,V028,R01,P008,Vehicle Expenses expense - Operations,Invoice,Posted,1411.41,141.14,1552.55,PO-23424,INV-609092,AUD,1.0
TX004411,2024-05-05,2024,2,5,May,D003,C001,V031,R01,P008,Software & SaaS expense - Human Resources,Expense Claim,Posted,1324.91,132.49,1457.4,,,AUD,1.0
TX004412,2026-06-02,2026,2,6,June,D003,C004,V009,R05,P001,Contractors expense - Human Resources,Invoice,Posted,1496.9,149.69,1646.59,PO-35246,INV-871711,AUD,1.0
TX004413,2026-03-29,2026,1,3,March,D006,C003,V029,R04,P008,Hardware expense - Operations,Invoice,Posted,1079.53,107.95,1187.48,PO-90426,INV-269546,AUD,1.0
TX004414,2025-03-28,2025,1,3,March,D001,C020,V014,R04,P008,Customer Support Tools expense - Information Technology,Invoice,Posted,1192.58,119.26,1311.84,PO-93148,INV-848709,AUD,1.0
TX004415,2025-12-16,2025,4,12,December,D002,C016,V016,R03,P008,Insurance expense - Finance,Expense Claim,Posted,523.43,52.34,575.77,,,AUD,1.0
TX004416,2024-02-19,2024,1,2,February,D006,C004,V022,R03,P001,Contractors expense - Operations,Invoice,Posted,1796.08,179.61,1975.69,PO-88272,INV-475722,AUD,1.0
TX004417,2024-08-03,2024,3,8,August,D008,C015,V034,R03,P002,Repairs & Maintenance expense - Facilities,Invoice,Posted,246.01,24.6,270.61,PO-38110,INV-290195,AUD,1.0
TX004418,2024-11-10,2024,4,11,November,D005,C012,V002,R02,P008,Telecommunications expense - Sales,Invoice,Posted,616.87,61.69,678.56,PO-51216,INV-427017,AUD,1.0
TX004419,2024-08-06,2024,3,8,August,D006,C018,V007,R05,P008,Freight & Logistics expense - Operations,Invoice,Posted,1031.92,103.19,1135.11,PO-54892,INV-816945,AUD,1.0
TX004420,2024-08-30,2024,3,8,August,D005,C010,V005,R01,P008,Events expense - Sales,Corporate Card,Posted,2058.31,205.83,2264.14,,,AUD,1.0
TX004421,2025-07-11,2025,3,7,July,D002,C007,V018,R01,P003,Training expense - Finance,Direct Debit,Posted,521.54,52.15,573.69,,INV-800083,AUD,1.0
TX004422,2026-03-26,2026,1,3,March,D005,C012,V026,R01,P005,Telecommunications expense - Sales,Corporate Card,Posted,2158.32,215.83,2374.15,,,AUD,1.0
TX004423,2025-12-17,2025,4,12,December,D005,C006,V009,R01,P005,Travel expense - Sales,Invoice,Posted,727.72,72.77,800.49,PO-18416,INV-330075,AUD,1.0
TX004424,2024-07-26,2024,3,7,July,D002,C005,V029,R01,P008,Consulting expense - Finance,Invoice,Posted,1027.71,102.77,1130.48,PO-88784,INV-468675,AUD,1.0
TX004425,2024-11-26,2024,4,11,November,D005,C009,V010,R03,P008,Advertising expense - Sales,Invoice,Posted,1403.25,140.33,1543.58,PO-93695,INV-799616,AUD,1.0
TX004426,2024-08-10,2024,3,8,August,D001,C005,V002,R05,P008,Consulting expense - Information Technology,Corporate Card,Posted,518.65,51.87,570.52,,,AUD,1.0
TX004427,2024-06-13,2024,2,6,June,D001,C012,V014,R02,P008,Telecommunications expense - Information Technology,Invoice,Posted,605.93,60.59,666.52,PO-34943,INV-675673,AUD,1.0
TX004428,2024-06-10,2024,2,6,June,D002,C007,V021,R04,P003,Training expense - Finance,Direct Debit,Posted,278.05,27.81,305.86,,INV-510210,AUD,1.0
TX004429,2025-06-05,2025,2,6,June,D002,C005,V027,R01,P002,Consulting expense - Finance,Corporate Card,Posted,482.86,48.29,531.15,,,AUD,1.0
TX004430,2025-12-24,2025,4,12,December,D007,C004,V012,R03,P008,Contractors expense - Customer Service,Direct Debit,Posted,434.21,43.42,477.63,,INV-529428,USD,1.4958
TX004431,2026-06-08,2026,2,6,June,D006,C003,V029,R03,P008,Hardware expense - Operations,Invoice,Posted,823.12,82.31,905.43,PO-41996,INV-670523,AUD,1.0
TX004432,2024-09-24,2024,3,9,September,D006,C006,V006,R01,P008,Travel expense - Operations,Invoice,Posted,284.93,28.49,313.42,PO-78319,INV-778476,AUD,1.0
TX004433,2025-05-29,2025,2,5,May,D005,C012,V004,R01,P001,Telecommunications expense - Sales,Invoice,Posted,186.48,18.65,205.13,PO-84170,INV-835473,AUD,1.0
TX004434,2024-06-04,2024,2,6,June,D003,C004,V020,R03,P003,Contractors expense - Human Resources,Corporate Card,Posted,545.42,54.54,599.96,,,AUD,1.0
TX004435,2026-04-17,2026,2,4,April,D007,C020,V011,R01,P008,Customer Support Tools expense - Customer Service,Invoice,Posted,554.0,55.4,609.4,PO-10936,INV-727401,AUD,1.0
TX004436,2025-11-10,2025,4,11,November,D008,C013,V019,R01,P008,Rent expense - Facilities,Invoice,Posted,2978.26,297.83,3276.09,PO-12388,INV-866218,AUD,1.0
TX004437,2024-04-28,2024,2,4,April,D003,C001,V013,R01,P005,Software & SaaS expense - Human Resources,Invoice,Posted,321.42,32.14,353.56,PO-86216,INV-333468,AUD,1.0
TX004438,2025-04-21,2025,2,4,April,D001,C004,V028,R02,P005,Contractors expense - Information Technology,Invoice,Posted,2093.84,209.38,2303.22,PO-44126,INV-941023,AUD,1.0
TX004439,2024-12-04,2024,4,12,December,D008,C004,V024,R01,P008,Contractors expense - Facilities,Invoice,Accrued,1235.68,123.57,1359.25,PO-95044,INV-916590,AUD,1.0
TX004440,2026-03-08,2026,1,3,March,D006,C006,V019,R01,P003,Travel expense - Operations,Invoice,Posted,919.42,91.94,1011.36,PO-85576,INV-308983,USD,1.5254
TX004441,2025-08-16,2025,3,8,August,D003,C011,V027,R04,P008,Office Supplies expense - Human Resources,Invoice,Posted,591.79,59.18,650.97,PO-98920,INV-457056,AUD,1.0
TX004442,2026-02-26,2026,1,2,February,D003,C008,V013,R01,P008,Recruitment expense - Human Resources,Expense Claim,Posted,196.06,19.61,215.67,,,AUD,1.0
TX004443,2024-08-27,2024,3,8,August,D008,C003,V017,R02,P003,Hardware expense - Facilities,Invoice,Posted,3502.22,350.22,3852.44,PO-10610,INV-564044,AUD,1.0
TX004444,2025-08-06,2025,3,8,August,D004,C010,V033,R04,P008,Events expense - Marketing,Invoice,Posted,479.14,47.91,527.05,PO-57026,INV-378121,AUD,1.0
TX004445,2024-06-23,2024,2,6,June,D005,C012,V003,R03,P008,Telecommunications expense - Sales,Invoice,Posted,134.5,13.45,147.95,PO-77139,INV-893969,AUD,1.0
TX004446,2026-03-13,2026,1,3,March,D008,C013,V005,R04,P008,Rent expense - Facilities,Invoice,Posted,5744.93,574.49,6319.42,PO-69782,INV-762579,AUD,1.0
TX004447,2026-02-25,2026,1,2,February,D001,C012,V019,R01,P008,Telecommunications expense - Information Technology,Invoice,Posted,537.78,53.78,591.56,PO-11502,INV-918620,AUD,1.0
TX004448,2025-09-30,2025,3,9,September,D005,C010,V020,R03,P008,Events expense - Sales,Expense Claim,Posted,571.71,57.17,628.88,,,AUD,1.0
TX004449,2026-06-30,2026,2,6,June,D005,C006,V025,R02,P008,Travel expense - Sales,Invoice,Posted,462.21,46.22,508.43,PO-68275,INV-393522,AUD,1.0
TX004450,2025-02-21,2025,1,2,February,D007,C012,V014,R02,P008,Telecommunications expense - Customer Service,Invoice,Posted,506.0,50.6,556.6,PO-24880,INV-198977,AUD,1.0
TX004451,2025-02-18,2025,1,2,February,D006,C018,V009,R04,P008,Freight & Logistics expense - Operations,Invoice,Posted,555.64,55.56,611.2,PO-93636,INV-360067,AUD,1.0
TX004452,2024-10-06,2024,4,10,October,D004,C004,V006,R01,P001,Contractors expense - Marketing,Invoice,Posted,4025.88,402.59,4428.47,PO-97418,INV-910697,AUD,1.0
TX004453,2024-03-10,2024,1,3,March,D005,C001,V009,R01,P002,Software & SaaS expense - Sales,Invoice,Pending,917.22,91.72,1008.94,PO-99986,INV-598151,AUD,1.0
TX004454,2025-08-05,2025,3,8,August,D007,C001,V018,R05,P008,Software & SaaS expense - Customer Service,Invoice,Posted,1844.92,184.49,2029.41,PO-43757,INV-437760,AUD,1.0
TX004455,2026-04-02,2026,2,4,April,D003,C006,V001,R04,P008,Travel expense - Human Resources,Invoice,Posted,505.92,50.59,556.51,PO-94378,INV-924673,AUD,1.0
TX004456,2025-01-06,2025,1,1,January,D008,C011,V019,R03,P006,Office Supplies expense - Facilities,Corporate Card,Posted,122.37,12.24,134.61,,,AUD,1.0
TX004457,2024-06-25,2024,2,6,June,D007,C020,V019,R04,P008,Customer Support Tools expense - Customer Service,Corporate Card,Posted,572.83,57.28,630.11,,,AUD,1.0
TX004458,2026-03-04,2026,1,3,March,D003,C008,V016,R02,P002,Recruitment expense - Human Resources,Invoice,Posted,978.98,97.9,1076.88,PO-63771,INV-825918,AUD,1.0
TX004459,2024-09-03,2024,3,9,September,D004,C006,V015,R03,P004,Travel expense - Marketing,Direct Debit,Posted,3540.49,354.05,3894.54,,INV-785931,AUD,1.0
TX004460,2024-01-21,2024,1,1,January,D004,C010,V033,R03,P005,Events expense - Marketing,Invoice,Posted,2095.64,209.56,2305.2,PO-82375,INV-852459,AUD,1.0
TX004461,2024-10-09,2024,4,10,October,D005,C001,V019,R03,P008,Software & SaaS expense - Sales,Invoice,Posted,2075.08,207.51,2282.59,PO-55379,INV-345824,AUD,1.0
TX004462,2025-05-17,2025,2,5,May,D003,C007,V028,R04,P001,Training expense - Human Resources,Corporate Card,Accrued,432.37,43.24,475.61,,,AUD,1.0
TX004463,2024-01-17,2024,1,1,January,D001,C012,V035,R03,P008,Telecommunications expense - Information Technology,Corporate Card,Posted,754.76,75.48,830.24,,,AUD,1.0
TX004464,2024-07-26,2024,3,7,July,D001,C005,V011,R01,P003,Consulting expense - Information Technology,Invoice,Posted,448.03,44.8,492.83,PO-51975,INV-959407,AUD,1.0
TX004465,2025-07-03,2025,3,7,July,D004,C004,V011,R03,P002,Contractors expense - Marketing,Invoice,Accrued,1652.56,165.26,1817.82,PO-61372,INV-990932,AUD,1.0
TX004466,2024-02-29,2024,1,2,February,D004,C010,V006,R02,P008,Events expense - Marketing,Corporate Card,Accrued,389.26,38.93,428.19,,,AUD,1.0
TX004467,2024-06-19,2024,2,6,June,D003,C004,V012,R03,P003,Contractors expense - Human Resources,Invoice,Posted,1683.36,168.34,1851.7,PO-88868,INV-712056,AUD,1.0
TX004468,2025-08-03,2025,3,8,August,D008,C003,V033,R01,P008,Hardware expense - Facilities,Direct Debit,Posted,764.5,76.45,840.95,,INV-567762,AUD,1.0
TX004469,2026-02-09,2026,1,2,February,D006,C019,V006,R05,P008,Vehicle Expenses expense - Operations,Invoice,Posted,1441.66,144.17,1585.83,PO-30228,INV-601299,AUD,1.0
TX004470,2024-01-29,2024,1,1,January,D001,C020,V032,R01,P008,Customer Support Tools expense - Information Technology,Invoice,Posted,3981.42,398.14,4379.56,PO-99509,INV-574420,AUD,1.0
TX004471,2024-07-24,2024,3,7,July,D001,C002,V024,R02,P008,Cloud Services expense - Information Technology,Direct Debit,Posted,1988.96,198.9,2187.86,,INV-333116,AUD,1.0
TX004472,2024-05-28,2024,2,5,May,D001,C020,V004,R04,P008,Customer Support Tools expense - Information Technology,Invoice,Accrued,1103.8,110.38,1214.18,PO-97057,INV-500382,USD,1.5231
TX004473,2025-05-09,2025,2,5,May,D006,C018,V032,R01,P008,Freight & Logistics expense - Operations,Direct Debit,Posted,3379.12,337.91,3717.03,,INV-333185,AUD,1.0
TX004474,2025-05-28,2025,2,5,May,D004,C009,V003,R03,P008,Advertising expense - Marketing,Direct Debit,Accrued,604.04,60.4,664.44,,INV-405158,AUD,1.0
TX004475,2026-03-11,2026,1,3,March,D001,C003,V030,R02,P008,Hardware expense - Information Technology,Corporate Card,Posted,747.88,74.79,822.67,,,AUD,1.0
TX004476,2025-06-21,2025,2,6,June,D002,C004,V030,R03,P008,Contractors expense - Finance,Invoice,Posted,2090.88,209.09,2299.97,PO-90438,INV-470329,AUD,1.0
TX004477,2024-06-11,2024,2,6,June,D003,C006,V021,R03,P008,Travel expense - Human Resources,Corporate Card,Posted,241.93,24.19,266.12,,,AUD,1.0
TX004478,2024-02-25,2024,1,2,February,D002,C006,V002,R04,P008,Travel expense - Finance,Corporate Card,Posted,244.91,24.49,269.4,,,AUD,1.0
TX004479,2025-04-15,2025,2,4,April,D005,C010,V027,R01,P002,Events expense - Sales,Invoice,Posted,713.47,71.35,784.82,PO-76596,INV-691034,AUD,1.0
TX004480,2024-02-13,2024,1,2,February,D008,C003,V032,R03,P008,Hardware expense - Facilities,Corporate Card,Posted,1042.22,104.22,1146.44,,,AUD,1.0
TX004481,2024-06-18,2024,2,6,June,D005,C012,V001,R04,P003,Telecommunications expense - Sales,Direct Debit,Pending,229.6,22.96,252.56,,INV-917258,AUD,1.0
TX004482,2024-11-23,2024,4,11,November,D006,C019,V013,R01,P008,Vehicle Expenses expense - Operations,Invoice,Posted,907.61,90.76,998.37,PO-23819,INV-967053,AUD,1.0
TX004483,2024-09-12,2024,3,9,September,D008,C015,V024,R01,P003,Repairs & Maintenance expense - Facilities,Invoice,Accrued,1221.06,122.11,1343.17,PO-81494,INV-213589,AUD,1.0
TX004484,2026-02-28,2026,1,2,February,D008,C015,V030,R01,P008,Repairs & Maintenance expense - Facilities,Corporate Card,Posted,177.09,17.71,194.8,,,AUD,1.0
TX004485,2025-06-21,2025,2,6,June,D001,C005,V016,R02,P008,Consulting expense - Information Technology,Invoice,Posted,6324.17,632.42,6956.59,PO-85753,INV-198716,AUD,1.0
TX004486,2025-10-06,2025,4,10,October,D001,C004,V028,R01,P004,Contractors expense - Information Technology,Direct Debit,Posted,4398.14,439.81,4837.95,,INV-669212,AUD,1.0
TX004487,2024-03-06,2024,1,3,March,D007,C020,V017,R01,P008,Customer Support Tools expense - Customer Service,Invoice,Posted,807.88,80.79,888.67,PO-80490,INV-886204,AUD,1.0
TX004488,2025-02-20,2025,1,2,February,D005,C009,V008,R04,P008,Advertising expense - Sales,Invoice,Posted,1539.99,154.0,1693.99,PO-32975,INV-438615,AUD,1.0
TX004489,2024-12-08,2024,4,12,December,D008,C004,V033,R01,P002,Contractors expense - Facilities,Invoice,Posted,3255.01,325.5,3580.51,PO-39393,INV-117301,AUD,1.0
TX004490,2024-05-14,2024,2,5,May,D003,C011,V012,R03,P008,Office Supplies expense - Human Resources,Invoice,Posted,180.34,18.03,198.37,PO-32024,INV-610816,AUD,1.0
TX004491,2026-03-08,2026,1,3,March,D003,C004,V018,R01,P002,Contractors expense - Human Resources,Invoice,Posted,1134.95,113.5,1248.45,PO-70556,INV-560457,USD,1.4851
TX004492,2026-02-14,2026,1,2,February,D006,C018,V030,R02,P008,Freight & Logistics expense - Operations,Corporate Card,Posted,481.27,48.13,529.4,,,AUD,1.0
TX004493,2025-12-20,2025,4,12,December,D005,C010,V029,R04,P005,Events expense - Sales,Invoice,Posted,248.06,24.81,272.87,PO-44021,INV-824217,AUD,1.0
TX004494,2025-10-24,2025,4,10,October,D007,C020,V019,R02,P002,Customer Support Tools expense - Customer Service,Invoice,Posted,1252.85,125.28,1378.13,PO-75208,INV-603617,AUD,1.0
TX004495,2026-02-08,2026,1,2,February,D004,C009,V001,R03,P005,Advertising expense - Marketing,Invoice,Pending,2771.83,277.18,3049.01,PO-77949,INV-972172,AUD,1.0
TX004496,2024-06-09,2024,2,6,June,D007,C004,V035,R02,P004,Contractors expense - Customer Service,Invoice,Posted,1542.55,154.25,1696.8,PO-77529,INV-192753,AUD,1.0
TX004497,2025-10-01,2025,4,10,October,D004,C004,V031,R03,P003,Contractors expense - Marketing,Corporate Card,Accrued,1088.46,108.85,1197.31,,,AUD,1.0
TX004498,2026-02-26,2026,1,2,February,D005,C010,V032,R05,P007,Events expense - Sales,Invoice,Posted,4025.14,402.51,4427.65,PO-99920,INV-582043,AUD,1.0
TX004499,2026-04-15,2026,2,4,April,D002,C006,V026,R01,P006,Travel expense - Finance,Direct Debit,Posted,572.64,57.26,629.9,,INV-106020,AUD,1.0
TX004500,2025-11-28,2025,4,11,November,D007,C001,V035,R01,P007,Software & SaaS expense - Customer Service,Invoice,Posted,1797.21,179.72,1976.93,PO-89308,INV-998410,AUD,1.0
TX004501,2026-05-09,2026,2,5,May,D004,C001,V032,R02,P008,Software & SaaS expense - Marketing,Invoice,Posted,1227.56,122.76,1350.32,PO-31149,INV-525558,USD,1.4764
TX004502,2024-08-10,2024,3,8,August,D006,C019,V028,R04,P002,Vehicle Expenses expense - Operations,Expense Claim,Posted,809.55,80.95,890.5,,,AUD,1.0
TX004503,2024-11-28,2024,4,11,November,D002,C007,V009,R01,P005,Training expense - Finance,Direct Debit,Posted,1492.84,149.28,1642.12,,INV-292191,AUD,1.0
TX004504,2026-03-27,2026,1,3,March,D003,C008,V007,R01,P008,Recruitment expense - Human Resources,Corporate Card,Posted,808.46,80.85,889.31,,,AUD,1.0
TX004505,2024-07-09,2024,3,7,July,D001,C005,V033,R05,P008,Consulting expense - Information Technology,Invoice,Posted,1790.73,179.07,1969.8,PO-64907,INV-551983,AUD,1.0
TX004506,2026-03-28,2026,1,3,March,D008,C014,V007,R01,P003,Utilities expense - Facilities,Invoice,Posted,646.13,64.61,710.74,PO-72334,INV-467331,AUD,1.0
TX004507,2024-03-23,2024,1,3,March,D004,C009,V035,R02,P008,Advertising expense - Marketing,Invoice,Posted,4848.72,484.87,5333.59,PO-88048,INV-872046,AUD,1.0
TX004508,2025-01-24,2025,1,1,January,D008,C014,V007,R03,P008,Utilities expense - Facilities,Invoice,Posted,1102.64,110.26,1212.9,PO-45627,INV-751760,AUD,1.0
TX004509,2026-02-06,2026,1,2,February,D007,C007,V006,R01,P008,Training expense - Customer Service,Invoice,Posted,564.57,56.46,621.03,PO-99573,INV-463840,AUD,1.0
TX004510,2025-10-11,2025,4,10,October,D004,C011,V007,R01,P008,Office Supplies expense - Marketing,Direct Debit,Posted,75.24,7.52,82.76,,INV-737923,AUD,1.0
TX004511,2025-09-24,2025,3,9,September,D008,C004,V022,R01,P008,Contractors expense - Facilities,Corporate Card,Accrued,1463.58,146.36,1609.94,,,AUD,1.0
TX004512,2024-12-10,2024,4,12,December,D004,C011,V012,R04,P008,Office Supplies expense - Marketing,Direct Debit,Accrued,146.62,14.66,161.28,,INV-755565,AUD,1.0
TX004513,2024-01-13,2024,1,1,January,D004,C011,V035,R01,P008,Office Supplies expense - Marketing,Invoice,Posted,118.17,11.82,129.99,PO-67898,INV-799366,USD,1.4723
TX004514,2025-05-11,2025,2,5,May,D004,C010,V006,R01,P007,Events expense - Marketing,Invoice,Posted,598.64,59.86,658.5,PO-91463,INV-413455,AUD,1.0
TX004515,2024-01-14,2024,1,1,January,D001,C004,V011,R01,P008,Contractors expense - Information Technology,Invoice,Posted,2879.22,287.92,3167.14,PO-62424,INV-172266,AUD,1.0
TX004516,2024-10-19,2024,4,10,October,D006,C006,V012,R01,P008,Travel expense - Operations,Corporate Card,Posted,2748.63,274.86,3023.49,,,AUD,1.0
TX004517,2026-04-28,2026,2,4,April,D006,C019,V005,R02,P008,Vehicle Expenses expense - Operations,Invoice,Posted,519.75,51.98,571.73,PO-27532,INV-241378,AUD,1.0
TX004518,2026-05-07,2026,2,5,May,D004,C006,V032,R04,P002,Travel expense - Marketing,Direct Debit,Posted,234.73,23.47,258.2,,INV-365484,AUD,1.0
TX004519,2025-02-05,2025,1,2,February,D001,C004,V017,R01,P008,Contractors expense - Information Technology,Invoice,Posted,578.02,57.8,635.82,PO-67348,INV-268296,AUD,1.0
TX004520,2025-03-08,2025,1,3,March,D002,C001,V021,R02,P008,Software & SaaS expense - Finance,Invoice,Posted,173.84,17.38,191.22,PO-87550,INV-516357,AUD,1.0
TX004521,2024-04-16,2024,2,4,April,D003,C007,V032,R01,P008,Training expense - Human Resources,Direct Debit,Posted,211.93,21.19,233.12,,INV-730272,AUD,1.0
TX004522,2025-11-13,2025,4,11,November,D008,C014,V028,R05,P008,Utilities expense - Facilities,Invoice,Posted,1167.81,116.78,1284.59,PO-85283,INV-675862,AUD,1.0
TX004523,2026-02-07,2026,1,2,February,D008,C011,V013,R03,P008,Office Supplies expense - Facilities,Corporate Card,Posted,334.46,33.45,367.91,,,USD,1.5647
TX004524,2025-04-17,2025,2,4,April,D005,C010,V026,R05,P008,Events expense - Sales,Invoice,Posted,3302.18,330.22,3632.4,PO-80817,INV-929786,AUD,1.0
TX004525,2025-01-17,2025,1,1,January,D007,C007,V011,R03,P008,Training expense - Customer Service,Invoice,Posted,1305.29,130.53,1435.82,PO-65808,INV-481553,USD,1.4606
TX004526,2024-06-02,2024,2,6,June,D008,C013,V023,R01,P002,Rent expense - Facilities,Corporate Card,Posted,1209.27,120.93,1330.2,,,AUD,1.0
TX004527,2024-02-28,2024,1,2,February,D006,C004,V010,R02,P008,Contractors expense - Operations,Invoice,Posted,1101.63,110.16,1211.79,PO-63616,INV-140968,AUD,1.0
TX004528,2025-02-13,2025,1,2,February,D007,C007,V011,R02,P003,Training expense - Customer Service,Corporate Card,Posted,167.6,16.76,184.36,,,AUD,1.0
TX004529,2024-07-25,2024,3,7,July,D004,C004,V016,R03,P004,Contractors expense - Marketing,Invoice,Posted,2254.68,225.47,2480.15,PO-31572,INV-626069,AUD,1.0
TX004530,2026-03-31,2026,1,3,March,D003,C011,V026,R01,P008,Office Supplies expense - Human Resources,Invoice,Accrued,194.45,19.45,213.9,PO-21490,INV-136663,AUD,1.0
TX004531,2025-08-04,2025,3,8,August,D001,C001,V006,R01,P008,Software & SaaS expense - Information Technology,Invoice,Posted,423.39,42.34,465.73,PO-63220,INV-934830,AUD,1.0
TX004532,2024-09-19,2024,3,9,September,D005,C019,V005,R03,P008,Vehicle Expenses expense - Sales,Invoice,Posted,1440.01,144.0,1584.01,PO-31208,INV-471688,AUD,1.0
TX004533,2024-03-04,2024,1,3,March,D002,C004,V008,R01,P008,Contractors expense - Finance,Invoice,Posted,1333.48,133.35,1466.83,PO-30482,INV-604521,AUD,1.0
TX004534,2024-03-15,2024,1,3,March,D008,C016,V008,R02,P006,Insurance expense - Facilities,Corporate Card,Posted,355.13,35.51,390.64,,,AUD,1.0
TX004535,2024-01-26,2024,1,1,January,D002,C017,V031,R03,P008,Legal & Compliance expense - Finance,Direct Debit,Posted,442.79,44.28,487.07,,INV-331786,AUD,1.0
TX004536,2024-10-30,2024,4,10,October,D007,C007,V021,R02,P008,Training expense - Customer Service,Direct Debit,Posted,493.52,49.35,542.87,,INV-995240,USD,1.4834
TX004537,2025-11-29,2025,4,11,November,D004,C006,V007,R02,P006,Travel expense - Marketing,Corporate Card,Accrued,1239.74,123.97,1363.71,,,AUD,1.0
TX004538,2024-08-14,2024,3,8,August,D008,C011,V018,R01,P002,Office Supplies expense - Facilities,Corporate Card,Posted,299.6,29.96,329.56,,,AUD,1.0
TX004539,2024-07-10,2024,3,7,July,D004,C010,V013,R03,P008,Events expense - Marketing,Direct Debit,Posted,808.53,80.85,889.38,,INV-984249,AUD,1.0
TX004540,2026-03-07,2026,1,3,March,D007,C004,V023,R04,P005,Contractors expense - Customer Service,Direct Debit,Posted,3203.04,320.3,3523.34,,INV-849615,AUD,1.0
TX004541,2025-08-26,2025,3,8,August,D006,C004,V022,R01,P008,Contractors expense - Operations,Invoice,Posted,1896.65,189.67,2086.32,PO-45596,INV-696927,AUD,1.0
TX004542,2026-01-17,2026,1,1,January,D008,C003,V019,R01,P008,Hardware expense - Facilities,Corporate Card,Posted,2292.52,229.25,2521.77,,,AUD,1.0
TX004543,2024-05-31,2024,2,5,May,D002,C001,V014,R01,P008,Software & SaaS expense - Finance,Invoice,Posted,1017.04,101.7,1118.74,PO-93252,INV-550393,AUD,1.0
TX004544,2024-01-23,2024,1,1,January,D005,C006,V007,R01,P008,Travel expense - Sales,Corporate Card,Posted,274.55,27.46,302.01,,,AUD,1.0
TX004545,2024-03-02,2024,1,3,March,D005,C012,V023,R02,P004,Telecommunications expense - Sales,Invoice,Posted,547.38,54.74,602.12,PO-28637,INV-291694,AUD,1.0
TX004546,2024-06-18,2024,2,6,June,D001,C012,V019,R03,P008,Telecommunications expense - Information Technology,Invoice,Posted,807.0,80.7,887.7,PO-28817,INV-750173,USD,1.5074
TX004547,2024-08-09,2024,3,8,August,D007,C020,V001,R04,P008,Customer Support Tools expense - Customer Service,Invoice,Posted,1280.32,128.03,1408.35,PO-53832,INV-895597,AUD,1.0
TX004548,2025-06-21,2025,2,6,June,D004,C010,V022,R03,P008,Events expense - Marketing,Invoice,Posted,1449.98,145.0,1594.98,PO-35609,INV-831572,AUD,1.0
TX004549,2024-01-08,2024,1,1,January,D008,C013,V011,R01,P008,Rent expense - Facilities,Invoice,Posted,2234.09,223.41,2457.5,PO-83203,INV-345607,AUD,1.0
TX004550,2024-06-08,2024,2,6,June,D007,C004,V028,R04,P005,Contractors expense - Customer Service,Invoice,Accrued,3050.76,305.08,3355.84,PO-99148,INV-876077,AUD,1.0
TX004551,2024-05-20,2024,2,5,May,D004,C001,V027,R01,P008,Software & SaaS expense - Marketing,Direct Debit,Posted,545.85,54.59,600.44,,INV-158926,AUD,1.0
TX004552,2026-03-24,2026,1,3,March,D006,C019,V035,R01,P008,Vehicle Expenses expense - Operations,Invoice,Posted,626.9,62.69,689.59,PO-25849,INV-825763,AUD,1.0
TX004553,2024-01-21,2024,1,1,January,D005,C009,V003,R01,P001,Advertising expense - Sales,Corporate Card,Posted,1618.95,161.9,1780.85,,,AUD,1.0
TX004554,2024-09-17,2024,3,9,September,D001,C012,V002,R02,P006,Telecommunications expense - Information Technology,Invoice,Posted,115.26,11.53,126.79,PO-61418,INV-491682,USD,1.5256
TX004555,2024-12-01,2024,4,12,December,D005,C006,V030,R01,P003,Travel expense - Sales,Invoice,Posted,425.17,42.52,467.69,PO-48437,INV-426859,AUD,1.0
TX004556,2024-05-24,2024,2,5,May,D003,C007,V014,R02,P001,Training expense - Human Resources,Corporate Card,Posted,136.52,13.65,150.17,,,AUD,1.0
TX004557,2024-10-13,2024,4,10,October,D003,C004,V028,R03,P003,Contractors expense - Human Resources,Direct Debit,Posted,1138.41,113.84,1252.25,,INV-207281,AUD,1.0
TX004558,2024-10-08,2024,4,10,October,D008,C003,V002,R03,P003,Hardware expense - Facilities,Corporate Card,Posted,2399.14,239.91,2639.05,,,AUD,1.0
TX004559,2025-09-29,2025,3,9,September,D004,C001,V016,R01,P001,Software & SaaS expense - Marketing,Invoice,Posted,1080.3,108.03,1188.33,PO-18911,INV-614199,AUD,1.0
TX004560,2024-12-12,2024,4,12,December,D006,C004,V020,R01,P008,Contractors expense - Operations,Direct Debit,Posted,2133.62,213.36,2346.98,,INV-662362,AUD,1.0
TX004561,2024-12-30,2024,4,12,December,D003,C007,V023,R04,P007,Training expense - Human Resources,Direct Debit,Accrued,71.39,7.14,78.53,,INV-715281,AUD,1.0
TX004562,2024-03-10,2024,1,3,March,D006,C019,V032,R03,P008,Vehicle Expenses expense - Operations,Invoice,Posted,436.88,43.69,480.57,PO-23486,INV-381368,AUD,1.0
TX004563,2025-11-16,2025,4,11,November,D005,C019,V034,R04,P008,Vehicle Expenses expense - Sales,Invoice,Posted,1472.52,147.25,1619.77,PO-70291,INV-428459,AUD,1.0
TX004564,2024-01-25,2024,1,1,January,D006,C011,V023,R01,P008,Office Supplies expense - Operations,Direct Debit,Accrued,541.32,54.13,595.45,,INV-945779,AUD,1.0
TX004565,2025-09-01,2025,3,9,September,D002,C007,V025,R02,P008,Training expense - Finance,Invoice,Posted,332.55,33.26,365.81,PO-26524,INV-721476,AUD,1.0
TX004566,2025-04-12,2025,2,4,April,D001,C020,V027,R01,P003,Customer Support Tools expense - Information Technology,Invoice,Posted,740.64,74.06,814.7,PO-44185,INV-295158,AUD,1.0
TX004567,2024-03-02,2024,1,3,March,D007,C001,V005,R01,P008,Software & SaaS expense - Customer Service,Direct Debit,Posted,1822.18,182.22,2004.4,,INV-459972,AUD,1.0
TX004568,2024-09-29,2024,3,9,September,D004,C006,V009,R03,P008,Travel expense - Marketing,Corporate Card,Posted,1916.11,191.61,2107.72,,,AUD,1.0
TX004569,2024-03-26,2024,1,3,March,D001,C012,V032,R01,P004,Telecommunications expense - Information Technology,Invoice,Posted,841.69,84.17,925.86,PO-91717,INV-972191,AUD,1.0
TX004570,2024-05-23,2024,2,5,May,D002,C004,V013,R01,P001,Contractors expense - Finance,Invoice,Posted,4285.39,428.54,4713.93,PO-63701,INV-847452,AUD,1.0
TX004571,2024-09-14,2024,3,9,September,D004,C001,V006,R02,P008,Software & SaaS expense - Marketing,Invoice,Posted,2367.81,236.78,2604.59,PO-19324,INV-650521,USD,1.4814
TX004572,2025-12-09,2025,4,12,December,D007,C012,V035,R04,P008,Telecommunications expense - Customer Service,Invoice,Posted,349.13,34.91,384.04,PO-48689,INV-479190,AUD,1.0
TX004573,2025-09-26,2025,3,9,September,D004,C001,V007,R02,P004,Software & SaaS expense - Marketing,Invoice,Posted,527.91,52.79,580.7,PO-43542,INV-963067,USD,1.5366
TX004574,2024-04-15,2024,2,4,April,D004,C006,V022,R03,P008,Travel expense - Marketing,Corporate Card,Posted,1195.2,119.52,1314.72,,,AUD,1.0
TX004575,2026-05-06,2026,2,5,May,D007,C004,V027,R03,P004,Contractors expense - Customer Service,Invoice,Accrued,1787.36,178.74,1966.1,PO-40658,INV-890299,AUD,1.0
TX004576,2025-09-22,2025,3,9,September,D005,C012,V009,R03,P008,Telecommunications expense - Sales,Invoice,Posted,330.34,33.03,363.37,PO-77899,INV-390474,AUD,1.0
TX004577,2024-12-03,2024,4,12,December,D005,C001,V031,R01,P003,Software & SaaS expense - Sales,Invoice,Posted,343.53,34.35,377.88,PO-26580,INV-452057,AUD,1.0
TX004578,2024-06-30,2024,2,6,June,D008,C014,V019,R01,P008,Utilities expense - Facilities,Direct Debit,Posted,432.2,43.22,475.42,,INV-140096,AUD,1.0
TX004579,2025-02-19,2025,1,2,February,D008,C013,V001,R01,P002,Rent expense - Facilities,Corporate Card,Posted,1421.58,142.16,1563.74,,,AUD,1.0
TX004580,2025-05-16,2025,2,5,May,D002,C001,V011,R03,P008,Software & SaaS expense - Finance,Expense Claim,Posted,175.91,17.59,193.5,,,USD,1.4778
TX004581,2024-09-01,2024,3,9,September,D006,C004,V030,R03,P008,Contractors expense - Operations,Invoice,Accrued,827.85,82.79,910.64,PO-95288,INV-781684,AUD,1.0
TX004582,2026-02-05,2026,1,2,February,D004,C004,V015,R01,P005,Contractors expense - Marketing,Expense Claim,Posted,1288.11,128.81,1416.92,,,AUD,1.0
TX004583,2025-10-28,2025,4,10,October,D007,C020,V017,R01,P004,Customer Support Tools expense - Customer Service,Direct Debit,Posted,714.07,71.41,785.48,,INV-618109,AUD,1.0
TX004584,2026-06-19,2026,2,6,June,D008,C015,V006,R01,P003,Repairs & Maintenance expense - Facilities,Invoice,Accrued,280.34,28.03,308.37,PO-16191,INV-296862,USD,1.4699
TX004585,2024-08-19,2024,3,8,August,D008,C015,V014,R01,P005,Repairs & Maintenance expense - Facilities,Invoice,Posted,460.48,46.05,506.53,PO-63919,INV-351536,AUD,1.0
TX004586,2025-07-10,2025,3,7,July,D004,C009,V013,R01,P008,Advertising expense - Marketing,Invoice,Posted,1205.55,120.56,1326.11,PO-19293,INV-735180,AUD,1.0
TX004587,2025-08-13,2025,3,8,August,D008,C014,V008,R03,P005,Utilities expense - Facilities,Direct Debit,Posted,3364.62,336.46,3701.08,,INV-436320,AUD,1.0
TX004588,2024-09-10,2024,3,9,September,D003,C008,V032,R02,P008,Recruitment expense - Human Resources,Direct Debit,Posted,1152.96,115.3,1268.26,,INV-627936,AUD,1.0
TX004589,2025-10-24,2025,4,10,October,D007,C001,V015,R02,P007,Software & SaaS expense - Customer Service,Direct Debit,Posted,624.75,62.48,687.23,,INV-202134,AUD,1.0
TX004590,2024-12-13,2024,4,12,December,D005,C019,V019,R01,P008,Vehicle Expenses expense - Sales,Invoice,Pending,1073.93,107.39,1181.32,PO-97407,INV-701745,AUD,1.0
TX004591,2024-04-26,2024,2,4,April,D002,C016,V003,R05,P004,Insurance expense - Finance,Corporate Card,Posted,1206.81,120.68,1327.49,,,USD,1.5095
TX004592,2024-07-04,2024,3,7,July,D007,C012,V018,R03,P008,Telecommunications expense - Customer Service,Invoice,Posted,295.47,29.55,325.02,PO-57932,INV-533302,AUD,1.0
TX004593,2024-06-17,2024,2,6,June,D004,C004,V028,R01,P008,Contractors expense - Marketing,Corporate Card,Posted,2745.49,274.55,3020.04,,,AUD,1.0
TX004594,2026-06-25,2026,2,6,June,D004,C001,V032,R02,P008,Software & SaaS expense - Marketing,Invoice,Posted,824.15,82.42,906.57,PO-57714,INV-802543,AUD,1.0
TX004595,2026-02-20,2026,1,2,February,D007,C001,V014,R01,P008,Software & SaaS expense - Customer Service,Invoice,Posted,636.17,63.62,699.79,PO-36829,INV-633987,AUD,1.0
TX004596,2025-08-24,2025,3,8,August,D003,C006,V007,R03,P008,Travel expense - Human Resources,Invoice,Posted,2041.7,204.17,2245.87,PO-54412,INV-770222,AUD,1.0
TX004597,2025-10-29,2025,4,10,October,D003,C008,V006,R01,P008,Recruitment expense - Human Resources,Invoice,Posted,559.91,55.99,615.9,PO-44593,INV-966113,AUD,1.0
TX004598,2024-09-26,2024,3,9,September,D008,C014,V029,R05,P008,Utilities expense - Facilities,Invoice,Posted,172.16,17.22,189.38,PO-28753,INV-513023,AUD,1.0
TX004599,2026-02-09,2026,1,2,February,D008,C015,V030,R01,P008,Repairs & Maintenance expense - Facilities,Invoice,Posted,1283.87,128.39,1412.26,PO-70594,INV-381157,AUD,1.0
TX004600,2026-04-18,2026,2,4,April,D001,C003,V005,R03,P001,Hardware expense - Information Technology,Corporate Card,Posted,1861.35,186.13,2047.48,,,AUD,1.0
TX004601,2025-09-08,2025,3,9,September,D006,C019,V031,R04,P008,Vehicle Expenses expense - Operations,Invoice,Posted,533.42,53.34,586.76,PO-13728,INV-411049,AUD,1.0
TX004602,2025-01-01,2025,1,1,January,D002,C004,V022,R04,P008,Contractors expense - Finance,Direct Debit,Posted,1675.41,167.54,1842.95,,INV-220871,AUD,1.0
TX004603,2024-02-20,2024,1,2,February,D004,C006,V006,R02,P004,Travel expense - Marketing,Direct Debit,Posted,284.2,28.42,312.62,,INV-138274,AUD,1.0
TX004604,2026-05-04,2026,2,5,May,D002,C017,V023,R05,P008,Legal & Compliance expense - Finance,Invoice,Posted,249.42,24.94,274.36,PO-33421,INV-519795,AUD,1.0
TX004605,2026-03-04,2026,1,3,March,D004,C001,V005,R03,P001,Software & SaaS expense - Marketing,Invoice,Accrued,326.18,32.62,358.8,PO-26947,INV-873135,AUD,1.0
TX004606,2025-08-15,2025,3,8,August,D006,C019,V014,R02,P001,Vehicle Expenses expense - Operations,Direct Debit,Posted,415.97,41.6,457.57,,INV-784854,AUD,1.0
TX004607,2025-06-24,2025,2,6,June,D003,C004,V033,R04,P008,Contractors expense - Human Resources,Direct Debit,Posted,909.09,90.91,1000.0,,INV-182519,AUD,1.0
TX004608,2025-07-04,2025,3,7,July,D007,C007,V019,R05,P008,Training expense - Customer Service,Invoice,Accrued,148.03,14.8,162.83,PO-36770,INV-893986,AUD,1.0
TX004609,2025-05-26,2025,2,5,May,D001,C012,V015,R02,P008,Telecommunications expense - Information Technology,Corporate Card,Posted,273.84,27.38,301.22,,,AUD,1.0
TX004610,2024-04-23,2024,2,4,April,D004,C010,V004,R04,P008,Events expense - Marketing,Direct Debit,Posted,1286.02,128.6,1414.62,,INV-631531,AUD,1.0
TX004611,2024-10-13,2024,4,10,October,D008,C015,V032,R01,P005,Repairs & Maintenance expense - Facilities,Invoice,Posted,202.19,20.22,222.41,PO-46640,INV-639450,AUD,1.0
TX004612,2024-09-07,2024,3,9,September,D006,C011,V028,R03,P002,Office Supplies expense - Operations,Direct Debit,Posted,224.19,22.42,246.61,,INV-652301,AUD,1.0
TX004613,2025-09-09,2025,3,9,September,D006,C004,V029,R03,P005,Contractors expense - Operations,Corporate Card,Posted,9151.18,915.12,10066.3,,,AUD,1.0
TX004614,2024-03-18,2024,1,3,March,D004,C004,V035,R01,P001,Contractors expense - Marketing,Invoice,Posted,1435.85,143.59,1579.44,PO-47407,INV-238905,AUD,1.0
TX004615,2026-06-07,2026,2,6,June,D004,C009,V034,R02,P007,Advertising expense - Marketing,Invoice,Accrued,1524.61,152.46,1677.07,PO-25236,INV-823801,AUD,1.0
TX004616,2024-05-30,2024,2,5,May,D001,C003,V021,R04,P005,Hardware expense - Information Technology,Invoice,Posted,673.32,67.33,740.65,PO-61215,INV-304501,AUD,1.0
TX004617,2025-12-23,2025,4,12,December,D002,C004,V009,R04,P002,Contractors expense - Finance,Invoice,Posted,3119.76,311.98,3431.74,PO-22692,INV-159404,AUD,1.0
TX004618,2024-08-24,2024,3,8,August,D008,C014,V012,R03,P008,Utilities expense - Facilities,Invoice,Posted,1571.96,157.2,1729.16,PO-38168,INV-622596,AUD,1.0
TX004619,2026-01-10,2026,1,1,January,D001,C020,V022,R01,P004,Customer Support Tools expense - Information Technology,Invoice,Posted,2642.55,264.26,2906.81,PO-55485,INV-726059,AUD,1.0
TX004620,2024-01-08,2024,1,1,January,D002,C004,V009,R03,P008,Contractors expense - Finance,Invoice,Posted,6545.88,654.59,7200.47,PO-47461,INV-436696,AUD,1.0
TX004621,2026-06-23,2026,2,6,June,D008,C011,V021,R03,P008,Office Supplies expense - Facilities,Corporate Card,Posted,211.32,21.13,232.45,,,AUD,1.0
TX004622,2024-08-19,2024,3,8,August,D003,C008,V027,R01,P008,Recruitment expense - Human Resources,Corporate Card,Posted,585.16,58.52,643.68,,,AUD,1.0
TX004623,2025-03-19,2025,1,3,March,D004,C001,V002,R01,P001,Software & SaaS expense - Marketing,Invoice,Posted,1422.72,142.27,1564.99,PO-66847,INV-885966,AUD,1.0
TX004624,2025-04-11,2025,2,4,April,D004,C011,V004,R02,P004,Office Supplies expense - Marketing,Invoice,Posted,94.88,9.49,104.37,PO-65129,INV-191469,AUD,1.0
TX004625,2025-11-16,2025,4,11,November,D006,C018,V005,R01,P002,Freight & Logistics expense - Operations,Direct Debit,Accrued,1896.33,189.63,2085.96,,INV-706606,AUD,1.0
TX004626,2024-07-07,2024,3,7,July,D003,C004,V033,R01,P008,Contractors expense - Human Resources,Invoice,Pending,5290.35,529.04,5819.39,PO-37570,INV-775544,AUD,1.0
TX004627,2025-10-27,2025,4,10,October,D003,C001,V034,R01,P008,Software & SaaS expense - Human Resources,Corporate Card,Accrued,968.4,96.84,1065.24,,,AUD,1.0
TX004628,2026-05-19,2026,2,5,May,D008,C011,V016,R05,P007,Office Supplies expense - Facilities,Direct Debit,Posted,340.17,34.02,374.19,,INV-633676,AUD,1.0
TX004629,2025-07-02,2025,3,7,July,D004,C006,V010,R03,P004,Travel expense - Marketing,Invoice,Posted,334.46,33.45,367.91,PO-75002,INV-625514,AUD,1.0
TX004630,2024-12-05,2024,4,12,December,D005,C010,V014,R03,P001,Events expense - Sales,Corporate Card,Posted,967.76,96.78,1064.54,,,AUD,1.0
TX004631,2025-01-18,2025,1,1,January,D008,C003,V019,R02,P002,Hardware expense - Facilities,Invoice,Posted,1783.04,178.3,1961.34,PO-41435,INV-425338,AUD,1.0
TX004632,2024-04-02,2024,2,4,April,D001,C012,V020,R03,P003,Telecommunications expense - Information Technology,Invoice,Posted,487.28,48.73,536.01,PO-65547,INV-980333,AUD,1.0
TX004633,2025-07-27,2025,3,7,July,D005,C009,V030,R04,P008,Advertising expense - Sales,Invoice,Posted,2935.99,293.6,3229.59,PO-64397,INV-191655,AUD,1.0
TX004634,2025-12-07,2025,4,12,December,D008,C013,V012,R03,P007,Rent expense - Facilities,Corporate Card,Posted,2873.0,287.3,3160.3,,,AUD,1.0
TX004635,2025-08-23,2025,3,8,August,D008,C011,V006,R04,P008,Office Supplies expense - Facilities,Invoice,Posted,528.84,52.88,581.72,PO-29666,INV-460800,AUD,1.0
TX004636,2025-08-29,2025,3,8,August,D003,C004,V008,R01,P005,Contractors expense - Human Resources,Direct Debit,Posted,1566.8,156.68,1723.48,,INV-259371,AUD,1.0
TX004637,2026-03-24,2026,1,3,March,D001,C001,V002,R01,P008,Software & SaaS expense - Information Technology,Invoice,Posted,2451.97,245.2,2697.17,PO-49396,INV-774458,AUD,1.0
TX004638,2025-10-21,2025,4,10,October,D006,C019,V001,R05,P008,Vehicle Expenses expense - Operations,Invoice,Posted,371.51,37.15,408.66,PO-67673,INV-686054,AUD,1.0
TX004639,2025-07-10,2025,3,7,July,D008,C011,V011,R05,P006,Office Supplies expense - Facilities,Direct Debit,Posted,45,4.5,49.5,,INV-811696,AUD,1.0
TX004640,2024-07-15,2024,3,7,July,D006,C018,V005,R03,P008,Freight & Logistics expense - Operations,Invoice,Posted,522.83,52.28,575.11,PO-38119,INV-433088,AUD,1.0
TX004641,2025-07-09,2025,3,7,July,D003,C004,V002,R01,P008,Contractors expense - Human Resources,Corporate Card,Posted,1429.7,142.97,1572.67,,,AUD,1.0
TX004642,2025-01-13,2025,1,1,January,D008,C003,V034,R04,P008,Hardware expense - Facilities,Invoice,Posted,407.73,40.77,448.5,PO-23096,INV-426740,AUD,1.0
TX004643,2024-08-18,2024,3,8,August,D006,C006,V008,R01,P008,Travel expense - Operations,Invoice,Posted,1481.63,148.16,1629.79,PO-55346,INV-796589,AUD,1.0
TX004644,2024-11-18,2024,4,11,November,D008,C015,V019,R01,P007,Repairs & Maintenance expense - Facilities,Invoice,Posted,794.26,79.43,873.69,PO-15779,INV-798744,AUD,1.0
TX004645,2025-11-12,2025,4,11,November,D006,C018,V024,R03,P008,Freight & Logistics expense - Operations,Invoice,Posted,2693.03,269.3,2962.33,PO-88189,INV-942863,USD,1.5303
TX004646,2025-09-03,2025,3,9,September,D005,C012,V017,R01,P008,Telecommunications expense - Sales,Invoice,Posted,731.87,73.19,805.06,PO-90597,INV-314626,AUD,1.0
TX004647,2025-12-14,2025,4,12,December,D007,C007,V022,R01,P008,Training expense - Customer Service,Corporate Card,Posted,166.43,16.64,183.07,,,AUD,1.0
TX004648,2025-12-24,2025,4,12,December,D005,C010,V010,R05,P008,Events expense - Sales,Invoice,Posted,702.2,70.22,772.42,PO-46698,INV-515449,AUD,1.0
TX004649,2024-11-29,2024,4,11,November,D002,C007,V007,R01,P005,Training expense - Finance,Invoice,Posted,194.67,19.47,214.14,PO-69431,INV-718249,AUD,1.0
TX004650,2025-06-02,2025,2,6,June,D004,C006,V029,R01,P007,Travel expense - Marketing,Corporate Card,Posted,3240.4,324.04,3564.44,,,AUD,1.0
TX004651,2024-02-01,2024,1,2,February,D004,C001,V016,R04,P007,Software & SaaS expense - Marketing,Invoice,Posted,535.2,53.52,588.72,PO-57107,INV-332314,AUD,1.0
TX004652,2025-10-28,2025,4,10,October,D004,C010,V021,R04,P008,Events expense - Marketing,Invoice,Accrued,364.43,36.44,400.87,PO-81606,INV-493876,AUD,1.0
TX004653,2024-04-12,2024,2,4,April,D003,C011,V004,R01,P008,Office Supplies expense - Human Resources,Invoice,Posted,92.68,9.27,101.95,PO-80741,INV-187694,AUD,1.0
TX004654,2025-06-29,2025,2,6,June,D004,C006,V010,R01,P001,Travel expense - Marketing,Invoice,Posted,2641.67,264.17,2905.84,PO-94550,INV-611984,USD,1.5296
TX004655,2025-12-21,2025,4,12,December,D005,C006,V003,R04,P005,Travel expense - Sales,Invoice,Posted,687.17,68.72,755.89,PO-86731,INV-246261,AUD,1.0
TX004656,2026-06-11,2026,2,6,June,D005,C001,V018,R02,P004,Software & SaaS expense - Sales,Corporate Card,Posted,2583.48,258.35,2841.83,,,AUD,1.0
TX004657,2025-09-28,2025,3,9,September,D007,C020,V013,R04,P008,Customer Support Tools expense - Customer Service,Invoice,Posted,2105.67,210.57,2316.24,PO-58081,INV-876788,AUD,1.0
TX004658,2025-10-27,2025,4,10,October,D008,C003,V013,R04,P008,Hardware expense - Facilities,Invoice,Posted,1321.04,132.1,1453.14,PO-24630,INV-479234,AUD,1.0
TX004659,2025-08-03,2025,3,8,August,D003,C011,V019,R02,P008,Office Supplies expense - Human Resources,Direct Debit,Pending,73.98,7.4,81.38,,INV-761301,AUD,1.0
TX004660,2024-01-12,2024,1,1,January,D003,C008,V004,R01,P008,Recruitment expense - Human Resources,Direct Debit,Posted,512.88,51.29,564.17,,INV-221805,AUD,1.0
TX004661,2025-10-20,2025,4,10,October,D005,C001,V030,R02,P006,Software & SaaS expense - Sales,Invoice,Posted,1089.68,108.97,1198.65,PO-76316,INV-420504,AUD,1.0
TX004662,2026-01-27,2026,1,1,January,D005,C006,V020,R05,P005,Travel expense - Sales,Invoice,Posted,696.36,69.64,766.0,PO-29375,INV-340330,AUD,1.0
TX004663,2025-07-21,2025,3,7,July,D003,C008,V026,R03,P008,Recruitment expense - Human Resources,Invoice,Posted,622.15,62.22,684.37,PO-13780,INV-614412,AUD,1.0
TX004664,2024-08-19,2024,3,8,August,D003,C007,V023,R01,P006,Training expense - Human Resources,Invoice,Posted,219.55,21.96,241.51,PO-38142,INV-897876,AUD,1.0
TX004665,2025-10-08,2025,4,10,October,D008,C004,V011,R01,P008,Contractors expense - Facilities,Invoice,Posted,1013.21,101.32,1114.53,PO-89900,INV-374292,AUD,1.0
TX004666,2024-09-01,2024,3,9,September,D003,C007,V011,R05,P004,Training expense - Human Resources,Invoice,Posted,219.51,21.95,241.46,PO-16594,INV-273536,AUD,1.0
TX004667,2024-08-29,2024,3,8,August,D004,C001,V023,R01,P002,Software & SaaS expense - Marketing,Corporate Card,Posted,1975.1,197.51,2172.61,,,AUD,1.0
TX004668,2026-03-16,2026,1,3,March,D002,C005,V012,R01,P008,Consulting expense - Finance,Direct Debit,Posted,1144.17,114.42,1258.59,,INV-714770,AUD,1.0
TX004669,2025-08-09,2025,3,8,August,D005,C019,V035,R01,P008,Vehicle Expenses expense - Sales,Direct Debit,Posted,413.96,41.4,455.36,,INV-257063,AUD,1.0
TX004670,2026-06-23,2026,2,6,June,D002,C016,V015,R01,P006,Insurance expense - Finance,Invoice,Posted,271.42,27.14,298.56,PO-32121,INV-904890,AUD,1.0
TX004671,2024-11-25,2024,4,11,November,D006,C006,V026,R03,P008,Travel expense - Operations,Invoice,Posted,230.23,23.02,253.25,PO-94752,INV-470670,AUD,1.0
TX004672,2025-04-19,2025,2,4,April,D008,C015,V029,R01,P008,Repairs & Maintenance expense - Facilities,Invoice,Accrued,1894.89,189.49,2084.38,PO-34707,INV-749096,AUD,1.0
TX004673,2026-05-11,2026,2,5,May,D007,C012,V024,R01,P008,Telecommunications expense - Customer Service,Invoice,Posted,800.78,80.08,880.86,PO-33659,INV-904803,AUD,1.0
TX004674,2025-04-03,2025,2,4,April,D005,C009,V027,R03,P004,Advertising expense - Sales,Corporate Card,Pending,247.67,24.77,272.44,,,AUD,1.0
TX004675,2024-01-19,2024,1,1,January,D008,C013,V031,R04,P008,Rent expense - Facilities,Invoice,Posted,1376.49,137.65,1514.14,PO-24711,INV-289542,AUD,1.0
TX004676,2024-04-10,2024,2,4,April,D005,C010,V004,R01,P008,Events expense - Sales,Invoice,Posted,956.19,95.62,1051.81,PO-80687,INV-511615,AUD,1.0
TX004677,2024-08-10,2024,3,8,August,D003,C004,V023,R01,P003,Contractors expense - Human Resources,Corporate Card,Posted,1655.09,165.51,1820.6,,,AUD,1.0
TX004678,2025-05-17,2025,2,5,May,D004,C006,V002,R05,P002,Travel expense - Marketing,Invoice,Posted,700.58,70.06,770.64,PO-46614,INV-918425,AUD,1.0
TX004679,2024-01-04,2024,1,1,January,D004,C011,V026,R02,P004,Office Supplies expense - Marketing,Corporate Card,Posted,51.87,5.19,57.06,,,AUD,1.0
TX004680,2025-12-28,2025,4,12,December,D006,C011,V021,R01,P002,Office Supplies expense - Operations,Invoice,Posted,89.34,8.93,98.27,PO-20625,INV-651114,AUD,1.0
TX004681,2025-07-05,2025,3,7,July,D003,C007,V014,R03,P001,Training expense - Human Resources,Invoice,Posted,224.57,22.46,247.03,PO-28667,INV-226187,AUD,1.0
TX004682,2025-12-19,2025,4,12,December,D008,C015,V023,R03,P007,Repairs & Maintenance expense - Facilities,Invoice,Posted,1024.32,102.43,1126.75,PO-13161,INV-905346,AUD,1.0
TX004683,2024-10-13,2024,4,10,October,D006,C004,V029,R04,P008,Contractors expense - Operations,Direct Debit,Posted,2709.21,270.92,2980.13,,INV-556334,AUD,1.0
TX004684,2024-05-20,2024,2,5,May,D008,C013,V016,R01,P008,Rent expense - Facilities,Invoice,Posted,3324.05,332.41,3656.46,PO-71040,INV-718143,AUD,1.0
TX004685,2025-06-27,2025,2,6,June,D003,C004,V005,R03,P008,Contractors expense - Human Resources,Invoice,Posted,1560.28,156.03,1716.31,PO-38967,INV-752333,AUD,1.0
TX004686,2024-07-08,2024,3,7,July,D002,C001,V007,R02,P008,Software & SaaS expense - Finance,Corporate Card,Posted,1437.05,143.71,1580.76,,,AUD,1.0
TX004687,2025-03-24,2025,1,3,March,D004,C006,V004,R03,P002,Travel expense - Marketing,Direct Debit,Posted,370.28,37.03,407.31,,INV-414674,AUD,1.0
TX004688,2026-03-10,2026,1,3,March,D007,C020,V003,R01,P008,Customer Support Tools expense - Customer Service,Corporate Card,Posted,955.97,95.6,1051.57,,,AUD,1.0
TX004689,2026-06-10,2026,2,6,June,D003,C008,V007,R01,P008,Recruitment expense - Human Resources,Invoice,Pending,304.39,30.44,334.83,PO-15318,INV-671080,AUD,1.0
TX004690,2025-03-31,2025,1,3,March,D003,C008,V025,R02,P008,Recruitment expense - Human Resources,Invoice,Posted,65.52,6.55,72.07,PO-66056,INV-341875,AUD,1.0
TX004691,2025-09-30,2025,3,9,September,D007,C012,V031,R01,P006,Telecommunications expense - Customer Service,Invoice,Posted,769.83,76.98,846.81,PO-46136,INV-219790,AUD,1.0
TX004692,2025-12-27,2025,4,12,December,D004,C010,V004,R01,P008,Events expense - Marketing,Direct Debit,Posted,298.55,29.86,328.41,,INV-104687,AUD,1.0
TX004693,2026-04-10,2026,2,4,April,D008,C014,V033,R01,P008,Utilities expense - Facilities,Invoice,Posted,1250.49,125.05,1375.54,PO-64296,INV-840518,AUD,1.0
TX004694,2024-03-11,2024,1,3,March,D007,C012,V001,R01,P008,Telecommunications expense - Customer Service,Invoice,Posted,252.3,25.23,277.53,PO-71993,INV-832867,AUD,1.0
TX004695,2026-04-27,2026,2,4,April,D006,C018,V012,R02,P006,Freight & Logistics expense - Operations,Invoice,Accrued,3122.05,312.21,3434.26,PO-81367,INV-951926,AUD,1.0
TX004696,2025-06-26,2025,2,6,June,D004,C004,V034,R03,P003,Contractors expense - Marketing,Corporate Card,Posted,748.13,74.81,822.94,,,AUD,1.0
TX004697,2025-09-05,2025,3,9,September,D002,C006,V024,R02,P004,Travel expense - Finance,Invoice,Posted,45,4.5,49.5,PO-84432,INV-679711,AUD,1.0
TX004698,2024-09-25,2024,3,9,September,D001,C012,V030,R03,P008,Telecommunications expense - Information Technology,Invoice,Posted,252.72,25.27,277.99,PO-60909,INV-821260,AUD,1.0
TX004699,2024-12-01,2024,4,12,December,D003,C008,V017,R05,P008,Recruitment expense - Human Resources,Corporate Card,Posted,3264.69,326.47,3591.16,,,AUD,1.0
TX004700,2024-08-25,2024,3,8,August,D002,C016,V006,R05,P001,Insurance expense - Finance,Invoice,Posted,1546.49,154.65,1701.14,PO-16865,INV-287606,AUD,1.0
TX004701,2024-06-12,2024,2,6,June,D001,C001,V028,R03,P004,Software & SaaS expense - Information Technology,Invoice,Posted,752.57,75.26,827.83,PO-33681,INV-247859,AUD,1.0
TX004702,2024-01-31,2024,1,1,January,D005,C001,V022,R01,P004,Software & SaaS expense - Sales,Corporate Card,Posted,1394.25,139.43,1533.68,,,AUD,1.0
TX004703,2024-01-24,2024,1,1,January,D003,C006,V002,R01,P008,Travel expense - Human Resources,Direct Debit,Posted,558.61,55.86,614.47,,INV-373661,AUD,1.0
TX004704,2024-12-22,2024,4,12,December,D003,C006,V025,R03,P002,Travel expense - Human Resources,Invoice,Posted,220.44,22.04,242.48,PO-52411,INV-127385,AUD,1.0
TX004705,2026-04-28,2026,2,4,April,D003,C007,V031,R01,P008,Training expense - Human Resources,Direct Debit,Posted,259.48,25.95,285.43,,INV-110505,AUD,1.0
TX004706,2025-02-19,2025,1,2,February,D002,C005,V033,R01,P003,Consulting expense - Finance,Invoice,Posted,1406.54,140.65,1547.19,PO-12796,INV-534678,AUD,1.0
TX004707,2025-09-04,2025,3,9,September,D002,C007,V031,R02,P004,Training expense - Finance,Invoice,Posted,132.14,13.21,145.35,PO-39303,INV-791616,AUD,1.0
TX004708,2025-03-08,2025,1,3,March,D005,C010,V025,R02,P008,Events expense - Sales,Direct Debit,Posted,1133.25,113.33,1246.58,,INV-775758,AUD,1.0
TX004709,2026-04-01,2026,2,4,April,D008,C016,V003,R04,P008,Insurance expense - Facilities,Invoice,Posted,494.33,49.43,543.76,PO-91725,INV-457429,AUD,1.0
TX004710,2024-08-05,2024,3,8,August,D005,C006,V004,R05,P008,Travel expense - Sales,Invoice,Posted,173.71,17.37,191.08,PO-40411,INV-638755,AUD,1.0
TX004711,2024-01-04,2024,1,1,January,D001,C003,V013,R04,P004,Hardware expense - Information Technology,Corporate Card,Posted,1631.45,163.15,1794.6,,,AUD,1.0
TX004712,2025-10-12,2025,4,10,October,D005,C001,V009,R04,P008,Software & SaaS expense - Sales,Invoice,Accrued,1114.32,111.43,1225.75,PO-34900,INV-334040,AUD,1.0
TX004713,2024-09-22,2024,3,9,September,D008,C014,V011,R01,P004,Utilities expense - Facilities,Invoice,Accrued,305.69,30.57,336.26,PO-38764,INV-277177,AUD,1.0
TX004714,2025-12-19,2025,4,12,December,D006,C003,V022,R03,P004,Hardware expense - Operations,Invoice,Posted,858.0,85.8,943.8,PO-30164,INV-364962,AUD,1.0
TX004715,2025-04-30,2025,2,4,April,D007,C001,V021,R02,P001,Software & SaaS expense - Customer Service,Invoice,Accrued,1247.28,124.73,1372.01,PO-78250,INV-384055,AUD,1.0
TX004716,2024-05-06,2024,2,5,May,D008,C004,V026,R02,P004,Contractors expense - Facilities,Direct Debit,Posted,4024.21,402.42,4426.63,,INV-911092,AUD,1.0
TX004717,2024-07-05,2024,3,7,July,D007,C004,V007,R03,P001,Contractors expense - Customer Service,Invoice,Posted,2004.12,200.41,2204.53,PO-15875,INV-719145,AUD,1.0
TX004718,2024-06-04,2024,2,6,June,D003,C001,V030,R03,P003,Software & SaaS expense - Human Resources,Expense Claim,Posted,1481.17,148.12,1629.29,,,AUD,1.0
TX004719,2024-07-17,2024,3,7,July,D001,C004,V018,R01,P008,Contractors expense - Information Technology,Invoice,Posted,1302.71,130.27,1432.98,PO-99669,INV-252982,AUD,1.0
TX004720,2025-07-03,2025,3,7,July,D006,C006,V016,R02,P008,Travel expense - Operations,Expense Claim,Posted,470.52,47.05,517.57,,,AUD,1.0
TX004721,2025-03-27,2025,1,3,March,D007,C007,V007,R03,P008,Training expense - Customer Service,Direct Debit,Posted,1002.4,100.24,1102.64,,INV-231040,AUD,1.0
TX004722,2024-04-17,2024,2,4,April,D001,C012,V014,R04,P008,Telecommunications expense - Information Technology,Invoice,Posted,127.04,12.7,139.74,PO-68147,INV-891042,AUD,1.0
TX004723,2024-04-17,2024,2,4,April,D004,C006,V009,R01,P008,Travel expense - Marketing,Corporate Card,Posted,728.24,72.82,801.06,,,AUD,1.0
TX004724,2024-06-21,2024,2,6,June,D004,C010,V012,R03,P005,Events expense - Marketing,Invoice,Posted,523.26,52.33,575.59,PO-56590,INV-145168,AUD,1.0
TX004725,2026-04-05,2026,2,4,April,D006,C006,V022,R01,P008,Travel expense - Operations,Expense Claim,Posted,1227.1,122.71,1349.81,,,AUD,1.0
TX004726,2026-05-29,2026,2,5,May,D001,C004,V031,R02,P005,Contractors expense - Information Technology,Corporate Card,Posted,1738.27,173.83,1912.1,,,AUD,1.0
TX004727,2026-05-02,2026,2,5,May,D005,C009,V010,R04,P006,Advertising expense - Sales,Direct Debit,Posted,3492.86,349.29,3842.15,,INV-422408,AUD,1.0
TX004728,2024-02-19,2024,1,2,February,D006,C019,V034,R03,P002,Vehicle Expenses expense - Operations,Direct Debit,Posted,918.02,91.8,1009.82,,INV-622996,AUD,1.0
TX004729,2024-07-17,2024,3,7,July,D001,C005,V006,R05,P008,Consulting expense - Information Technology,Direct Debit,Posted,654.79,65.48,720.27,,INV-691775,AUD,1.0
TX004730,2025-05-20,2025,2,5,May,D003,C006,V010,R01,P005,Travel expense - Human Resources,Invoice,Accrued,765.85,76.59,842.44,PO-28337,INV-836887,AUD,1.0
TX004731,2025-01-01,2025,1,1,January,D005,C019,V020,R04,P008,Vehicle Expenses expense - Sales,Invoice,Posted,1480.28,148.03,1628.31,PO-98045,INV-966969,AUD,1.0
TX004732,2024-04-24,2024,2,4,April,D002,C016,V021,R04,P008,Insurance expense - Finance,Corporate Card,Posted,312.77,31.28,344.05,,,AUD,1.0
TX004733,2024-05-29,2024,2,5,May,D005,C010,V005,R03,P001,Events expense - Sales,Direct Debit,Posted,572.25,57.23,629.48,,INV-605440,AUD,1.0
TX004734,2025-05-11,2025,2,5,May,D008,C004,V022,R01,P008,Contractors expense - Facilities,Invoice,Posted,3774.38,377.44,4151.82,PO-17473,INV-422600,AUD,1.0
TX004735,2024-02-10,2024,1,2,February,D004,C011,V020,R01,P008,Office Supplies expense - Marketing,Invoice,Posted,199.53,19.95,219.48,PO-36900,INV-787862,AUD,1.0
TX004736,2026-02-13,2026,1,2,February,D005,C006,V024,R02,P004,Travel expense - Sales,Invoice,Pending,801.68,80.17,881.85,PO-80273,INV-545481,AUD,1.0
TX004737,2025-03-14,2025,1,3,March,D008,C013,V033,R01,P004,Rent expense - Facilities,Invoice,Posted,3871.74,387.17,4258.91,PO-84528,INV-395938,AUD,1.0
TX004738,2025-06-19,2025,2,6,June,D002,C006,V006,R02,P005,Travel expense - Finance,Direct Debit,Posted,914.98,91.5,1006.48,,INV-218517,AUD,1.0
TX004739,2025-06-11,2025,2,6,June,D008,C003,V031,R04,P008,Hardware expense - Facilities,Corporate Card,Posted,2038.57,203.86,2242.43,,,AUD,1.0
TX004740,2025-07-05,2025,3,7,July,D004,C001,V025,R01,P008,Software & SaaS expense - Marketing,Invoice,Posted,654.06,65.41,719.47,PO-41162,INV-248224,AUD,1.0
TX004741,2026-03-03,2026,1,3,March,D005,C019,V028,R01,P007,Vehicle Expenses expense - Sales,Expense Claim,Posted,4254.35,425.44,4679.79,,,AUD,1.0
TX004742,2025-05-17,2025,2,5,May,D004,C004,V011,R01,P003,Contractors expense - Marketing,Invoice,Accrued,2444.88,244.49,2689.37,PO-61567,INV-175412,AUD,1.0
TX004743,2025-06-13,2025,2,6,June,D007,C020,V023,R03,P006,Customer Support Tools expense - Customer Service,Invoice,Accrued,353.42,35.34,388.76,PO-13537,INV-484207,AUD,1.0
TX004744,2026-01-08,2026,1,1,January,D007,C020,V025,R01,P008,Customer Support Tools expense - Customer Service,Invoice,Posted,581.01,58.1,639.11,PO-19255,INV-263728,USD,1.5443
TX004745,2026-02-22,2026,1,2,February,D006,C018,V026,R05,P003,Freight & Logistics expense - Operations,Invoice,Posted,537.43,53.74,591.17,PO-48936,INV-161126,AUD,1.0
TX004746,2024-10-31,2024,4,10,October,D003,C006,V027,R01,P002,Travel expense - Human Resources,Invoice,Posted,509.37,50.94,560.31,PO-48914,INV-358239,AUD,1.0
TX004747,2024-01-28,2024,1,1,January,D001,C004,V026,R01,P008,Contractors expense - Information Technology,Direct Debit,Posted,2621.8,262.18,2883.98,,INV-654617,AUD,1.0
TX004748,2024-08-02,2024,3,8,August,D008,C011,V015,R02,P006,Office Supplies expense - Facilities,Direct Debit,Posted,214.95,21.5,236.45,,INV-284803,AUD,1.0
TX004749,2024-09-20,2024,3,9,September,D003,C007,V005,R02,P008,Training expense - Human Resources,Invoice,Accrued,112.55,11.26,123.81,PO-23891,INV-240117,AUD,1.0
TX004750,2026-02-11,2026,1,2,February,D003,C007,V030,R05,P003,Training expense - Human Resources,Direct Debit,Posted,171.5,17.15,188.65,,INV-629542,AUD,1.0
TX004751,2024-03-16,2024,1,3,March,D005,C019,V008,R04,P006,Vehicle Expenses expense - Sales,Invoice,Posted,387.5,38.75,426.25,PO-14825,INV-686182,AUD,1.0
TX004752,2025-03-11,2025,1,3,March,D008,C016,V034,R05,P002,Insurance expense - Facilities,Invoice,Posted,1377.84,137.78,1515.62,PO-30934,INV-389305,AUD,1.0
TX004753,2025-04-16,2025,2,4,April,D002,C006,V013,R01,P006,Travel expense - Finance,Direct Debit,Posted,988.52,98.85,1087.37,,INV-432327,AUD,1.0
TX004754,2024-03-12,2024,1,3,March,D003,C001,V009,R01,P002,Software & SaaS expense - Human Resources,Invoice,Posted,1011.11,101.11,1112.22,PO-73368,INV-108130,AUD,1.0
TX004755,2024-04-26,2024,2,4,April,D007,C020,V002,R01,P002,Customer Support Tools expense - Customer Service,Invoice,Posted,1294.24,129.42,1423.66,PO-13972,INV-519457,AUD,1.0
TX004756,2025-01-15,2025,1,1,January,D004,C011,V031,R02,P003,Office Supplies expense - Marketing,Invoice,Posted,240.02,24.0,264.02,PO-48616,INV-336830,AUD,1.0
TX004757,2025-01-09,2025,1,1,January,D002,C004,V024,R02,P001,Contractors expense - Finance,Invoice,Posted,1904.17,190.42,2094.59,PO-89041,INV-481562,AUD,1.0
TX004758,2024-05-21,2024,2,5,May,D005,C001,V018,R01,P001,Software & SaaS expense - Sales,Direct Debit,Posted,2311.06,231.11,2542.17,,INV-146422,AUD,1.0
TX004759,2025-08-15,2025,3,8,August,D006,C018,V033,R01,P004,Freight & Logistics expense - Operations,Invoice,Posted,1928.8,192.88,2121.68,PO-32093,INV-216112,AUD,1.0
TX004760,2024-04-19,2024,2,4,April,D007,C020,V003,R03,P006,Customer Support Tools expense - Customer Service,Corporate Card,Posted,280.18,28.02,308.2,,,AUD,1.0
TX004761,2026-05-22,2026,2,5,May,D002,C005,V023,R03,P008,Consulting expense - Finance,Direct Debit,Posted,2669.44,266.94,2936.38,,INV-902591,AUD,1.0
TX004762,2025-01-09,2025,1,1,January,D005,C019,V025,R03,P008,Vehicle Expenses expense - Sales,Invoice,Posted,3743.77,374.38,4118.15,PO-59525,INV-507498,AUD,1.0
TX004763,2026-02-19,2026,1,2,February,D005,C009,V019,R02,P004,Advertising expense - Sales,Corporate Card,Accrued,916.46,91.65,1008.11,,,AUD,1.0
TX004764,2025-07-14,2025,3,7,July,D005,C009,V005,R04,P007,Advertising expense - Sales,Invoice,Posted,682.32,68.23,750.55,PO-63616,INV-103513,AUD,1.0
TX004765,2025-09-02,2025,3,9,September,D007,C007,V033,R03,P006,Training expense - Customer Service,Invoice,Pending,273.68,27.37,301.05,PO-71735,INV-671351,AUD,1.0
TX004766,2024-06-10,2024,2,6,June,D007,C001,V031,R04,P004,Software & SaaS expense - Customer Service,Direct Debit,Posted,527.13,52.71,579.84,,INV-727639,AUD,1.0
TX004767,2025-05-24,2025,2,5,May,D003,C007,V028,R01,P002,Training expense - Human Resources,Invoice,Posted,942.19,94.22,1036.41,PO-29988,INV-210830,AUD,1.0
TX004768,2025-05-01,2025,2,5,May,D005,C009,V035,R03,P005,Advertising expense - Sales,Invoice,Posted,1529.05,152.91,1681.96,PO-39666,INV-822052,AUD,1.0
TX004769,2025-07-24,2025,3,7,July,D001,C012,V007,R02,P008,Telecommunications expense - Information Technology,Direct Debit,Posted,758.79,75.88,834.67,,INV-872269,AUD,1.0
TX004770,2026-04-11,2026,2,4,April,D008,C004,V028,R02,P001,Contractors expense - Facilities,Corporate Card,Posted,3231.26,323.13,3554.39,,,AUD,1.0
TX004771,2024-03-23,2024,1,3,March,D006,C011,V009,R01,P008,Office Supplies expense - Operations,Corporate Card,Posted,495.95,49.59,545.54,,,AUD,1.0
TX004772,2026-03-06,2026,1,3,March,D005,C012,V029,R02,P008,Telecommunications expense - Sales,Corporate Card,Accrued,301.02,30.1,331.12,,,AUD,1.0
TX004773,2024-10-29,2024,4,10,October,D008,C003,V031,R02,P008,Hardware expense - Facilities,Invoice,Pending,699.91,69.99,769.9,PO-85270,INV-769847,AUD,1.0
TX004774,2025-09-24,2025,3,9,September,D008,C016,V006,R03,P005,Insurance expense - Facilities,Expense Claim,Posted,786.49,78.65,865.14,,,AUD,1.0
TX004775,2024-10-13,2024,4,10,October,D001,C004,V007,R01,P002,Contractors expense - Information Technology,Invoice,Posted,3827.89,382.79,4210.68,PO-69629,INV-926447,USD,1.5885
TX004776,2025-05-31,2025,2,5,May,D004,C004,V025,R01,P008,Contractors expense - Marketing,Direct Debit,Posted,685.85,68.59,754.44,,INV-709833,AUD,1.0
TX004777,2025-05-27,2025,2,5,May,D002,C017,V028,R01,P001,Legal & Compliance expense - Finance,Invoice,Posted,546.03,54.6,600.63,PO-58557,INV-542490,AUD,1.0
TX004778,2025-08-21,2025,3,8,August,D002,C016,V001,R01,P008,Insurance expense - Finance,Expense Claim,Posted,105.2,10.52,115.72,,,AUD,1.0
TX004779,2025-08-24,2025,3,8,August,D005,C019,V025,R01,P001,Vehicle Expenses expense - Sales,Invoice,Posted,1204.67,120.47,1325.14,PO-55515,INV-273912,AUD,1.0
TX004780,2025-07-15,2025,3,7,July,D006,C004,V024,R01,P004,Contractors expense - Operations,Direct Debit,Posted,1487.83,148.78,1636.61,,INV-748606,AUD,1.0
TX004781,2024-07-05,2024,3,7,July,D003,C004,V004,R04,P008,Contractors expense - Human Resources,Direct Debit,Posted,608.69,60.87,669.56,,INV-601554,AUD,1.0
TX004782,2025-10-24,2025,4,10,October,D008,C011,V009,R03,P004,Office Supplies expense - Facilities,Corporate Card,Accrued,269.9,26.99,296.89,,,AUD,1.0
TX004783,2024-05-27,2024,2,5,May,D001,C012,V030,R01,P008,Telecommunications expense - Information Technology,Direct Debit,Posted,668.25,66.83,735.08,,INV-549897,AUD,1.0
TX004784,2025-03-03,2025,1,3,March,D008,C015,V008,R04,P008,Repairs & Maintenance expense - Facilities,Invoice,Posted,1494.15,149.42,1643.57,PO-24246,INV-253970,AUD,1.0
TX004785,2024-08-28,2024,3,8,August,D001,C003,V015,R02,P005,Hardware expense - Information Technology,Invoice,Posted,2475.51,247.55,2723.06,PO-98388,INV-762942,AUD,1.0
TX004786,2026-01-09,2026,1,1,January,D002,C006,V007,R03,P005,Travel expense - Finance,Invoice,Posted,1046.16,104.62,1150.78,PO-30069,INV-977380,AUD,1.0
TX004787,2024-02-09,2024,1,2,February,D007,C001,V016,R03,P002,Software & SaaS expense - Customer Service,Invoice,Accrued,4866.98,486.7,5353.68,PO-40962,INV-731537,AUD,1.0
TX004788,2025-08-10,2025,3,8,August,D005,C010,V034,R02,P008,Events expense - Sales,Invoice,Pending,948.69,94.87,1043.56,PO-83206,INV-252516,AUD,1.0
TX004789,2024-09-23,2024,3,9,September,D008,C011,V020,R01,P008,Office Supplies expense - Facilities,Invoice,Pending,491.73,49.17,540.9,PO-58361,INV-494916,AUD,1.0
TX004790,2025-03-15,2025,1,3,March,D007,C001,V012,R04,P008,Software & SaaS expense - Customer Service,Expense Claim,Posted,527.53,52.75,580.28,,,AUD,1.0
TX004791,2025-01-17,2025,1,1,January,D001,C001,V031,R04,P008,Software & SaaS expense - Information Technology,Direct Debit,Posted,1544.18,154.42,1698.6,,INV-456175,AUD,1.0
TX004792,2026-05-21,2026,2,5,May,D001,C005,V031,R02,P006,Consulting expense - Information Technology,Invoice,Posted,7433.08,743.31,8176.39,PO-39409,INV-986051,AUD,1.0
TX004793,2025-06-20,2025,2,6,June,D004,C011,V022,R01,P001,Office Supplies expense - Marketing,Corporate Card,Posted,265.69,26.57,292.26,,,AUD,1.0
TX004794,2026-05-30,2026,2,5,May,D002,C007,V009,R05,P001,Training expense - Finance,Invoice,Posted,704.47,70.45,774.92,PO-24556,INV-182006,AUD,1.0
TX004795,2026-02-22,2026,1,2,February,D008,C013,V012,R01,P007,Rent expense - Facilities,Invoice,Posted,1780.03,178.0,1958.03,PO-42555,INV-987374,AUD,1.0
TX004796,2025-06-12,2025,2,6,June,D005,C001,V023,R01,P008,Software & SaaS expense - Sales,Corporate Card,Posted,2551.77,255.18,2806.95,,,AUD,1.0
TX004797,2024-09-27,2024,3,9,September,D003,C011,V017,R04,P004,Office Supplies expense - Human Resources,Invoice,Posted,89.13,8.91,98.04,PO-26771,INV-240799,AUD,1.0
TX004798,2024-02-23,2024,1,2,February,D008,C016,V035,R02,P008,Insurance expense - Facilities,Corporate Card,Posted,321.02,32.1,353.12,,,AUD,1.0
TX004799,2026-06-20,2026,2,6,June,D006,C019,V012,R02,P004,Vehicle Expenses expense - Operations,Invoice,Posted,1151.24,115.12,1266.36,PO-20101,INV-636604,AUD,1.0
TX004800,2024-06-28,2024,2,6,June,D001,C005,V008,R03,P008,Consulting expense - Information Technology,Invoice,Accrued,2517.42,251.74,2769.16,PO-36178,INV-456659,AUD,1.0
TX004801,2024-08-17,2024,3,8,August,D005,C010,V017,R04,P002,Events expense - Sales,Invoice,Posted,648.66,64.87,713.53,PO-34484,INV-431276,AUD,1.0
TX004802,2025-05-04,2025,2,5,May,D001,C004,V031,R03,P008,Contractors expense - Information Technology,Invoice,Posted,9216.35,921.64,10137.99,PO-66421,INV-882124,AUD,1.0
TX004803,2025-08-12,2025,3,8,August,D002,C017,V006,R01,P007,Legal & Compliance expense - Finance,Invoice,Posted,783.91,78.39,862.3,PO-60189,INV-612927,AUD,1.0
TX004804,2024-04-04,2024,2,4,April,D007,C012,V010,R01,P008,Telecommunications expense - Customer Service,Invoice,Posted,203.9,20.39,224.29,PO-12169,INV-660464,AUD,1.0
TX004805,2024-07-30,2024,3,7,July,D001,C005,V006,R01,P003,Consulting expense - Information Technology,Invoice,Posted,881.99,88.2,970.19,PO-43450,INV-984222,AUD,1.0
TX004806,2024-03-09,2024,1,3,March,D006,C004,V034,R05,P008,Contractors expense - Operations,Invoice,Posted,1950.36,195.04,2145.4,PO-70640,INV-249599,AUD,1.0
TX004807,2025-08-04,2025,3,8,August,D008,C016,V030,R01,P008,Insurance expense - Facilities,Invoice,Accrued,243.37,24.34,267.71,PO-87005,INV-107214,AUD,1.0
TX004808,2024-01-15,2024,1,1,January,D008,C016,V028,R03,P008,Insurance expense - Facilities,Direct Debit,Posted,164.16,16.42,180.58,,INV-584991,AUD,1.0
TX004809,2025-06-26,2025,2,6,June,D006,C004,V005,R01,P008,Contractors expense - Operations,Direct Debit,Posted,718.22,71.82,790.04,,INV-849775,AUD,1.0
TX004810,2025-04-16,2025,2,4,April,D005,C009,V008,R02,P008,Advertising expense - Sales,Invoice,Posted,2611.26,261.13,2872.39,PO-44104,INV-367922,AUD,1.0
TX004811,2024-02-12,2024,1,2,February,D003,C006,V024,R03,P008,Travel expense - Human Resources,Invoice,Posted,3034.5,303.45,3337.95,PO-88881,INV-975681,AUD,1.0
TX004812,2025-10-08,2025,4,10,October,D007,C007,V001,R03,P006,Training expense - Customer Service,Invoice,Posted,318.86,31.89,350.75,PO-74999,INV-622636,AUD,1.0
TX004813,2024-12-04,2024,4,12,December,D004,C010,V029,R03,P008,Events expense - Marketing,Invoice,Posted,1759.88,175.99,1935.87,PO-20445,INV-946968,AUD,1.0
TX004814,2026-05-13,2026,2,5,May,D002,C001,V008,R04,P008,Software & SaaS expense - Finance,Expense Claim,Posted,1559.35,155.94,1715.29,,,AUD,1.0
TX004815,2025-05-06,2025,2,5,May,D005,C009,V013,R02,P008,Advertising expense - Sales,Invoice,Posted,435.79,43.58,479.37,PO-98850,INV-807650,USD,1.5826
TX004816,2024-03-16,2024,1,3,March,D007,C007,V002,R03,P008,Training expense - Customer Service,Direct Debit,Posted,271.53,27.15,298.68,,INV-495029,AUD,1.0
TX004817,2024-10-22,2024,4,10,October,D003,C004,V028,R03,P006,Contractors expense - Human Resources,Corporate Card,Accrued,1974.92,197.49,2172.41,,,AUD,1.0
TX004818,2026-06-06,2026,2,6,June,D005,C006,V027,R05,P003,Travel expense - Sales,Invoice,Posted,267.28,26.73,294.01,PO-48854,INV-965096,AUD,1.0
TX004819,2025-05-14,2025,2,5,May,D004,C011,V031,R02,P008,Office Supplies expense - Marketing,Corporate Card,Posted,166.74,16.67,183.41,,,AUD,1.0
TX004820,2024-10-06,2024,4,10,October,D004,C006,V024,R03,P008,Travel expense - Marketing,Invoice,Posted,365.08,36.51,401.59,PO-88329,INV-490816,AUD,1.0
TX004821,2024-10-01,2024,4,10,October,D004,C004,V015,R01,P004,Contractors expense - Marketing,Corporate Card,Posted,1338.8,133.88,1472.68,,,AUD,1.0
TX004822,2025-11-03,2025,4,11,November,D008,C016,V011,R04,P008,Insurance expense - Facilities,Direct Debit,Posted,720.84,72.08,792.92,,INV-675424,USD,1.5784
TX004823,2025-11-26,2025,4,11,November,D005,C006,V025,R02,P002,Travel expense - Sales,Invoice,Posted,1115.61,111.56,1227.17,PO-38568,INV-928095,AUD,1.0
TX004824,2025-09-05,2025,3,9,September,D003,C008,V018,R01,P008,Recruitment expense - Human Resources,Invoice,Posted,299.7,29.97,329.67,PO-50136,INV-100464,AUD,1.0
TX004825,2025-03-03,2025,1,3,March,D007,C020,V020,R05,P008,Customer Support Tools expense - Customer Service,Invoice,Posted,406.08,40.61,446.69,PO-92028,INV-680194,AUD,1.0
TX004826,2024-01-31,2024,1,1,January,D002,C001,V032,R03,P008,Software & SaaS expense - Finance,Invoice,Posted,301.79,30.18,331.97,PO-31551,INV-137531,AUD,1.0
TX004827,2025-12-12,2025,4,12,December,D001,C020,V022,R01,P007,Customer Support Tools expense - Information Technology,Corporate Card,Posted,489.48,48.95,538.43,,,AUD,1.0
TX004828,2025-02-21,2025,1,2,February,D001,C001,V007,R02,P007,Software & SaaS expense - Information Technology,Direct Debit,Posted,1923.03,192.3,2115.33,,INV-988497,AUD,1.0
TX004829,2025-03-17,2025,1,3,March,D005,C001,V035,R03,P008,Software & SaaS expense - Sales,Direct Debit,Posted,1406.39,140.64,1547.03,,INV-611499,AUD,1.0
TX004830,2024-09-04,2024,3,9,September,D006,C003,V034,R01,P002,Hardware expense - Operations,Invoice,Posted,554.57,55.46,610.03,PO-78993,INV-427948,AUD,1.0
TX004831,2024-12-29,2024,4,12,December,D007,C004,V027,R04,P004,Contractors expense - Customer Service,Direct Debit,Posted,903.41,90.34,993.75,,INV-761273,AUD,1.0
TX004832,2025-08-10,2025,3,8,August,D003,C001,V035,R01,P008,Software & SaaS expense - Human Resources,Direct Debit,Posted,1134.81,113.48,1248.29,,INV-575398,AUD,1.0
TX004833,2024-03-28,2024,1,3,March,D001,C003,V017,R04,P008,Hardware expense - Information Technology,Invoice,Posted,601.76,60.18,661.94,PO-59412,INV-247418,AUD,1.0
TX004834,2024-09-06,2024,3,9,September,D004,C001,V029,R02,P008,Software & SaaS expense - Marketing,Invoice,Posted,775.02,77.5,852.52,PO-94302,INV-504223,AUD,1.0
TX004835,2026-03-28,2026,1,3,March,D005,C009,V017,R02,P008,Advertising expense - Sales,Direct Debit,Posted,1913.02,191.3,2104.32,,INV-110339,AUD,1.0
TX004836,2024-02-12,2024,1,2,February,D004,C011,V025,R01,P008,Office Supplies expense - Marketing,Invoice,Posted,700.74,70.07,770.81,PO-57968,INV-359471,AUD,1.0
TX004837,2026-02-01,2026,1,2,February,D001,C001,V006,R04,P008,Software & SaaS expense - Information Technology,Invoice,Posted,1557.61,155.76,1713.37,PO-27590,INV-154065,AUD,1.0
TX004838,2025-05-14,2025,2,5,May,D002,C007,V007,R02,P008,Training expense - Finance,Direct Debit,Posted,188.44,18.84,207.28,,INV-617568,AUD,1.0
TX004839,2024-02-08,2024,1,2,February,D005,C019,V013,R01,P008,Vehicle Expenses expense - Sales,Invoice,Posted,1561.24,156.12,1717.36,PO-41378,INV-436770,AUD,1.0
TX004840,2024-12-25,2024,4,12,December,D005,C010,V035,R03,P002,Events expense - Sales,Direct Debit,Posted,1577.76,157.78,1735.54,,INV-741013,AUD,1.0
TX004841,2025-05-13,2025,2,5,May,D005,C012,V006,R01,P008,Telecommunications expense - Sales,Corporate Card,Posted,527.15,52.72,579.87,,,AUD,1.0
TX004842,2024-04-13,2024,2,4,April,D005,C001,V020,R02,P008,Software & SaaS expense - Sales,Invoice,Posted,437.11,43.71,480.82,PO-66981,INV-108164,AUD,1.0
TX004843,2025-07-19,2025,3,7,July,D005,C010,V018,R02,P004,Events expense - Sales,Invoice,Posted,933.87,93.39,1027.26,PO-71187,INV-584844,AUD,1.0
TX004844,2025-01-04,2025,1,1,January,D006,C011,V011,R04,P008,Office Supplies expense - Operations,Invoice,Posted,169.69,16.97,186.66,PO-56833,INV-126870,AUD,1.0
TX004845,2025-05-09,2025,2,5,May,D007,C004,V011,R02,P008,Contractors expense - Customer Service,Invoice,Posted,617.95,61.8,679.75,PO-28013,INV-411549,AUD,1.0
TX004846,2026-06-04,2026,2,6,June,D002,C016,V030,R02,P008,Insurance expense - Finance,Invoice,Posted,395.3,39.53,434.83,PO-68445,INV-256291,AUD,1.0
TX004847,2024-07-31,2024,3,7,July,D001,C012,V032,R03,P004,Telecommunications expense - Information Technology,Corporate Card,Posted,202.25,20.23,222.48,,,AUD,1.0
TX004848,2025-08-14,2025,3,8,August,D008,C014,V014,R04,P008,Utilities expense - Facilities,Invoice,Posted,532.41,53.24,585.65,PO-91051,INV-698255,AUD,1.0
TX004849,2024-12-14,2024,4,12,December,D002,C005,V016,R01,P008,Consulting expense - Finance,Invoice,Posted,1097.71,109.77,1207.48,PO-40839,INV-102388,AUD,1.0
TX004850,2025-07-07,2025,3,7,July,D005,C012,V028,R03,P008,Telecommunications expense - Sales,Direct Debit,Posted,1415.49,141.55,1557.04,,INV-480413,AUD,1.0
TX004851,2026-02-03,2026,1,2,February,D001,C005,V013,R04,P006,Consulting expense - Information Technology,Corporate Card,Posted,641.97,64.2,706.17,,,AUD,1.0
TX004852,2024-11-30,2024,4,11,November,D006,C003,V028,R02,P001,Hardware expense - Operations,Invoice,Posted,497.4,49.74,547.14,PO-52024,INV-840818,AUD,1.0
TX004853,2025-11-07,2025,4,11,November,D003,C008,V003,R02,P004,Recruitment expense - Human Resources,Direct Debit,Posted,344.45,34.45,378.9,,INV-515638,AUD,1.0
TX004854,2025-07-15,2025,3,7,July,D004,C006,V034,R01,P002,Travel expense - Marketing,Invoice,Posted,306.73,30.67,337.4,PO-93160,INV-614196,AUD,1.0
TX004855,2025-11-23,2025,4,11,November,D001,C001,V022,R04,P003,Software & SaaS expense - Information Technology,Invoice,Posted,884.3,88.43,972.73,PO-23450,INV-229208,AUD,1.0
TX004856,2024-01-30,2024,1,1,January,D005,C009,V003,R01,P008,Advertising expense - Sales,Direct Debit,Posted,3893.33,389.33,4282.66,,INV-476949,AUD,1.0
TX004857,2024-07-11,2024,3,7,July,D005,C019,V028,R02,P001,Vehicle Expenses expense - Sales,Direct Debit,Posted,679.66,67.97,747.63,,INV-494215,AUD,1.0
TX004858,2026-06-05,2026,2,6,June,D001,C003,V013,R03,P008,Hardware expense - Information Technology,Invoice,Posted,4228.66,422.87,4651.53,PO-64561,INV-295214,AUD,1.0
TX004859,2026-04-04,2026,2,4,April,D004,C004,V014,R01,P008,Contractors expense - Marketing,Expense Claim,Posted,364.65,36.46,401.11,,,AUD,1.0
TX004860,2024-07-14,2024,3,7,July,D001,C001,V034,R05,P008,Software & SaaS expense - Information Technology,Invoice,Posted,295.67,29.57,325.24,PO-11423,INV-827274,AUD,1.0
TX004861,2025-03-02,2025,1,3,March,D007,C012,V013,R02,P008,Telecommunications expense - Customer Service,Invoice,Posted,355.99,35.6,391.59,PO-97009,INV-288668,AUD,1.0
TX004862,2025-05-17,2025,2,5,May,D003,C006,V018,R03,P001,Travel expense - Human Resources,Expense Claim,Posted,295.9,29.59,325.49,,,AUD,1.0
TX004863,2025-09-28,2025,3,9,September,D005,C010,V019,R03,P008,Events expense - Sales,Invoice,Pending,750.35,75.04,825.39,PO-77796,INV-113307,AUD,1.0
TX004864,2024-04-02,2024,2,4,April,D006,C004,V019,R03,P005,Contractors expense - Operations,Invoice,Posted,1856.59,185.66,2042.25,PO-14626,INV-270284,AUD,1.0
TX004865,2024-01-12,2024,1,1,January,D002,C016,V035,R03,P006,Insurance expense - Finance,Corporate Card,Posted,258.94,25.89,284.83,,,AUD,1.0
TX004866,2024-04-07,2024,2,4,April,D002,C017,V025,R03,P008,Legal & Compliance expense - Finance,Invoice,Posted,312.77,31.28,344.05,PO-43709,INV-760000,AUD,1.0
TX004867,2026-02-24,2026,1,2,February,D002,C001,V012,R01,P001,Software & SaaS expense - Finance,Invoice,Accrued,1357.64,135.76,1493.4,PO-96032,INV-717639,AUD,1.0
TX004868,2025-05-03,2025,2,5,May,D005,C012,V018,R02,P008,Telecommunications expense - Sales,Invoice,Posted,225.38,22.54,247.92,PO-86569,INV-173587,AUD,1.0
TX004869,2024-01-07,2024,1,1,January,D006,C004,V027,R02,P008,Contractors expense - Operations,Invoice,Posted,1286.96,128.7,1415.66,PO-50290,INV-673231,AUD,1.0
TX004870,2025-07-20,2025,3,7,July,D002,C007,V002,R01,P008,Training expense - Finance,Invoice,Posted,219.86,21.99,241.85,PO-58921,INV-802339,AUD,1.0
TX004871,2025-08-19,2025,3,8,August,D006,C011,V008,R02,P004,Office Supplies expense - Operations,Invoice,Posted,157.9,15.79,173.69,PO-43226,INV-906753,USD,1.4763
TX004872,2025-10-08,2025,4,10,October,D003,C001,V004,R05,P008,Software & SaaS expense - Human Resources,Expense Claim,Posted,6093.16,609.32,6702.48,,,AUD,1.0
TX004873,2026-05-19,2026,2,5,May,D002,C004,V005,R02,P002,Contractors expense - Finance,Invoice,Posted,2373.83,237.38,2611.21,PO-92380,INV-885467,AUD,1.0
TX004874,2025-08-03,2025,3,8,August,D002,C016,V034,R01,P008,Insurance expense - Finance,Direct Debit,Posted,586.2,58.62,644.82,,INV-776676,AUD,1.0
TX004875,2026-03-19,2026,1,3,March,D006,C003,V014,R02,P004,Hardware expense - Operations,Invoice,Posted,2510.27,251.03,2761.3,PO-45906,INV-982019,AUD,1.0
TX004876,2024-06-23,2024,2,6,June,D006,C019,V029,R01,P001,Vehicle Expenses expense - Operations,Invoice,Posted,1030.7,103.07,1133.77,PO-37464,INV-945093,AUD,1.0
TX004877,2025-11-05,2025,4,11,November,D005,C010,V028,R01,P004,Events expense - Sales,Invoice,Posted,3429.78,342.98,3772.76,PO-58802,INV-233283,AUD,1.0
TX004878,2026-05-07,2026,2,5,May,D003,C011,V034,R01,P008,Office Supplies expense - Human Resources,Invoice,Posted,1281.57,128.16,1409.73,PO-83517,INV-652368,AUD,1.0
TX004879,2025-02-25,2025,1,2,February,D007,C001,V012,R02,P008,Software & SaaS expense - Customer Service,Invoice,Posted,636.55,63.66,700.21,PO-53080,INV-844817,AUD,1.0
TX004880,2024-06-18,2024,2,6,June,D003,C006,V019,R03,P008,Travel expense - Human Resources,Invoice,Posted,416.98,41.7,458.68,PO-17330,INV-958351,AUD,1.0
TX004881,2026-05-03,2026,2,5,May,D002,C017,V018,R03,P008,Legal & Compliance expense - Finance,Invoice,Posted,472.14,47.21,519.35,PO-46359,INV-289265,AUD,1.0
TX004882,2024-08-16,2024,3,8,August,D008,C011,V022,R02,P004,Office Supplies expense - Facilities,Corporate Card,Posted,343.3,34.33,377.63,,,AUD,1.0
TX004883,2025-12-15,2025,4,12,December,D005,C012,V034,R02,P005,Telecommunications expense - Sales,Invoice,Posted,540.22,54.02,594.24,PO-93360,INV-805507,USD,1.5839
TX004884,2024-04-05,2024,2,4,April,D008,C004,V010,R04,P006,Contractors expense - Facilities,Invoice,Posted,831.33,83.13,914.46,PO-49847,INV-607206,AUD,1.0
TX004885,2026-05-11,2026,2,5,May,D003,C004,V019,R04,P002,Contractors expense - Human Resources,Invoice,Posted,2208.06,220.81,2428.87,PO-22908,INV-673819,AUD,1.0
TX004886,2025-11-08,2025,4,11,November,D001,C020,V002,R01,P008,Customer Support Tools expense - Information Technology,Invoice,Posted,789.79,78.98,868.77,PO-96914,INV-734799,AUD,1.0
TX004887,2024-10-06,2024,4,10,October,D003,C001,V026,R04,P008,Software & SaaS expense - Human Resources,Corporate Card,Posted,2265.88,226.59,2492.47,,,AUD,1.0
TX004888,2025-08-28,2025,3,8,August,D007,C007,V015,R03,P008,Training expense - Customer Service,Invoice,Posted,87.33,8.73,96.06,PO-78068,INV-877098,USD,1.5495
TX004889,2024-03-19,2024,1,3,March,D006,C011,V008,R04,P008,Office Supplies expense - Operations,Invoice,Posted,182.93,18.29,201.22,PO-98540,INV-703235,AUD,1.0
TX004890,2025-06-22,2025,2,6,June,D007,C012,V035,R02,P008,Telecommunications expense - Customer Service,Invoice,Accrued,172.1,17.21,189.31,PO-58191,INV-253043,AUD,1.0
TX004891,2025-11-01,2025,4,11,November,D006,C011,V005,R03,P008,Office Supplies expense - Operations,Direct Debit,Posted,455.63,45.56,501.19,,INV-485561,AUD,1.0
TX004892,2024-01-19,2024,1,1,January,D007,C020,V006,R04,P008,Customer Support Tools expense - Customer Service,Invoice,Posted,232.07,23.21,255.28,PO-74248,INV-985047,AUD,1.0
TX004893,2025-07-01,2025,3,7,July,D008,C004,V021,R01,P008,Contractors expense - Facilities,Direct Debit,Posted,861.76,86.18,947.94,,INV-580273,AUD,1.0
TX004894,2025-11-05,2025,4,11,November,D002,C016,V019,R05,P008,Insurance expense - Finance,Invoice,Posted,711.61,71.16,782.77,PO-95732,INV-916978,AUD,1.0
TX004895,2025-11-18,2025,4,11,November,D007,C020,V015,R03,P008,Customer Support Tools expense - Customer Service,Corporate Card,Posted,2178.75,217.88,2396.63,,,AUD,1.0
TX004896,2024-04-18,2024,2,4,April,D007,C020,V010,R05,P005,Customer Support Tools expense - Customer Service,Corporate Card,Posted,402.25,40.23,442.48,,,AUD,1.0
TX004897,2026-02-17,2026,1,2,February,D008,C016,V013,R05,P008,Insurance expense - Facilities,Direct Debit,Posted,125.16,12.52,137.68,,INV-964459,AUD,1.0
TX004898,2024-02-22,2024,1,2,February,D005,C001,V012,R02,P008,Software & SaaS expense - Sales,Direct Debit,Posted,1697.4,169.74,1867.14,,INV-695420,USD,1.4726
TX004899,2026-03-13,2026,1,3,March,D006,C004,V001,R02,P003,Contractors expense - Operations,Invoice,Posted,4049.43,404.94,4454.37,PO-67593,INV-940887,AUD,1.0
TX004900,2024-05-19,2024,2,5,May,D001,C004,V018,R02,P005,Contractors expense - Information Technology,Invoice,Posted,6685.35,668.54,7353.89,PO-12168,INV-352188,AUD,1.0
TX004901,2025-04-12,2025,2,4,April,D006,C019,V024,R01,P008,Vehicle Expenses expense - Operations,Invoice,Posted,1700.31,170.03,1870.34,PO-83881,INV-373002,AUD,1.0
TX004902,2025-06-12,2025,2,6,June,D002,C017,V018,R02,P008,Legal & Compliance expense - Finance,Invoice,Posted,589.06,58.91,647.97,PO-86590,INV-173724,AUD,1.0
TX004903,2025-03-15,2025,1,3,March,D004,C009,V002,R03,P008,Advertising expense - Marketing,Invoice,Pending,3798.22,379.82,4178.04,PO-85798,INV-564200,AUD,1.0
TX004904,2025-07-30,2025,3,7,July,D008,C003,V029,R03,P008,Hardware expense - Facilities,Invoice,Posted,711.69,71.17,782.86,PO-99931,INV-281287,AUD,1.0
TX004905,2024-09-30,2024,3,9,September,D005,C006,V009,R01,P008,Travel expense - Sales,Invoice,Posted,609.64,60.96,670.6,PO-62948,INV-594666,AUD,1.0
TX004906,2025-10-30,2025,4,10,October,D005,C001,V022,R01,P003,Software & SaaS expense - Sales,Invoice,Posted,3476.72,347.67,3824.39,PO-77492,INV-325698,AUD,1.0
TX004907,2024-04-20,2024,2,4,April,D002,C007,V013,R01,P008,Training expense - Finance,Invoice,Posted,91.08,9.11,100.19,PO-38473,INV-143940,AUD,1.0
TX004908,2024-12-04,2024,4,12,December,D005,C009,V009,R01,P008,Advertising expense - Sales,Corporate Card,Posted,6501.17,650.12,7151.29,,,AUD,1.0
TX004909,2025-02-10,2025,1,2,February,D006,C018,V018,R01,P008,Freight & Logistics expense - Operations,Direct Debit,Posted,1595.19,159.52,1754.71,,INV-673319,AUD,1.0
TX004910,2026-06-20,2026,2,6,June,D003,C004,V026,R01,P008,Contractors expense - Human Resources,Direct Debit,Posted,3751.81,375.18,4126.99,,INV-584184,AUD,1.0
TX004911,2024-04-05,2024,2,4,April,D008,C011,V035,R01,P005,Office Supplies expense - Facilities,Direct Debit,Posted,297.01,29.7,326.71,,INV-257422,USD,1.5111
TX004912,2024-10-03,2024,4,10,October,D006,C003,V003,R01,P007,Hardware expense - Operations,Corporate Card,Pending,1427.7,142.77,1570.47,,,AUD,1.0
TX004913,2026-05-03,2026,2,5,May,D002,C001,V026,R03,P001,Software & SaaS expense - Finance,Corporate Card,Posted,631.22,63.12,694.34,,,AUD,1.0
TX004914,2026-01-07,2026,1,1,January,D003,C007,V018,R03,P002,Training expense - Human Resources,Invoice,Posted,172.4,17.24,189.64,PO-50895,INV-171055,AUD,1.0
TX004915,2026-04-04,2026,2,4,April,D001,C005,V012,R01,P004,Consulting expense - Information Technology,Expense Claim,Posted,1884.37,188.44,2072.81,,,AUD,1.0
TX004916,2025-03-22,2025,1,3,March,D007,C007,V026,R01,P008,Training expense - Customer Service,Invoice,Posted,817.86,81.79,899.65,PO-70023,INV-919290,AUD,1.0
TX004917,2024-05-20,2024,2,5,May,D008,C015,V032,R01,P008,Repairs & Maintenance expense - Facilities,Invoice,Accrued,371.27,37.13,408.4,PO-56379,INV-598628,AUD,1.0
TX004918,2024-03-16,2024,1,3,March,D002,C016,V019,R02,P008,Insurance expense - Finance,Invoice,Posted,2521.2,252.12,2773.32,PO-46494,INV-125938,AUD,1.0
TX004919,2025-04-19,2025,2,4,April,D002,C017,V025,R01,P007,Legal & Compliance expense - Finance,Direct Debit,Posted,1707.08,170.71,1877.79,,INV-642759,AUD,1.0
TX004920,2026-04-11,2026,2,4,April,D004,C010,V015,R01,P008,Events expense - Marketing,Invoice,Accrued,1093.95,109.4,1203.35,PO-97225,INV-800427,AUD,1.0
TX004921,2025-08-05,2025,3,8,August,D003,C004,V029,R04,P005,Contractors expense - Human Resources,Invoice,Posted,8238.07,823.81,9061.88,PO-13706,INV-393780,AUD,1.0
TX004922,2026-05-20,2026,2,5,May,D006,C004,V018,R01,P004,Contractors expense - Operations,Invoice,Posted,3288.97,328.9,3617.87,PO-73057,INV-183360,AUD,1.0
TX004923,2026-04-13,2026,2,4,April,D001,C020,V003,R01,P008,Customer Support Tools expense - Information Technology,Direct Debit,Posted,594.97,59.5,654.47,,INV-742184,AUD,1.0
TX004924,2025-12-30,2025,4,12,December,D008,C014,V026,R01,P008,Utilities expense - Facilities,Invoice,Posted,610.98,61.1,672.08,PO-67824,INV-943484,AUD,1.0
TX004925,2024-09-18,2024,3,9,September,D002,C004,V026,R01,P008,Contractors expense - Finance,Invoice,Posted,3254.22,325.42,3579.64,PO-43535,INV-878992,AUD,1.0
TX004926,2024-12-27,2024,4,12,December,D004,C011,V019,R01,P008,Office Supplies expense - Marketing,Invoice,Posted,295.14,29.51,324.65,PO-84998,INV-638645,AUD,1.0
TX004927,2024-07-15,2024,3,7,July,D006,C018,V033,R01,P001,Freight & Logistics expense - Operations,Invoice,Posted,404.48,40.45,444.93,PO-48381,INV-519768,AUD,1.0
TX004928,2025-08-18,2025,3,8,August,D001,C003,V015,R02,P002,Hardware expense - Information Technology,Corporate Card,Posted,856.38,85.64,942.02,,,AUD,1.0
TX004929,2024-11-24,2024,4,11,November,D008,C014,V002,R01,P004,Utilities expense - Facilities,Invoice,Posted,744.19,74.42,818.61,PO-96228,INV-321946,AUD,1.0
TX004930,2024-11-27,2024,4,11,November,D005,C009,V018,R01,P008,Advertising expense - Sales,Expense Claim,Posted,2727.3,272.73,3000.03,,,AUD,1.0
TX004931,2025-11-12,2025,4,11,November,D006,C018,V007,R01,P008,Freight & Logistics expense - Operations,Direct Debit,Posted,3058.52,305.85,3364.37,,INV-876534,AUD,1.0
TX004932,2025-01-12,2025,1,1,January,D003,C006,V008,R01,P008,Travel expense - Human Resources,Direct Debit,Posted,439.27,43.93,483.2,,INV-223817,AUD,1.0
TX004933,2025-07-12,2025,3,7,July,D002,C001,V014,R03,P008,Software & SaaS expense - Finance,Invoice,Posted,348.03,34.8,382.83,PO-47610,INV-380510,AUD,1.0
TX004934,2026-04-26,2026,2,4,April,D002,C006,V027,R02,P008,Travel expense - Finance,Direct Debit,Posted,369.34,36.93,406.27,,INV-204336,AUD,1.0
TX004935,2026-06-04,2026,2,6,June,D005,C010,V025,R02,P008,Events expense - Sales,Invoice,Posted,453.84,45.38,499.22,PO-81442,INV-973135,AUD,1.0
TX004936,2026-02-21,2026,1,2,February,D005,C009,V021,R01,P003,Advertising expense - Sales,Direct Debit,Posted,2171.18,217.12,2388.3,,INV-212470,AUD,1.0
TX004937,2024-06-04,2024,2,6,June,D002,C004,V005,R04,P008,Contractors expense - Finance,Corporate Card,Posted,1005.01,100.5,1105.51,,,AUD,1.0
TX004938,2024-05-11,2024,2,5,May,D002,C004,V012,R05,P008,Contractors expense - Finance,Invoice,Posted,826.02,82.6,908.62,PO-60334,INV-102319,AUD,1.0
TX004939,2024-03-19,2024,1,3,March,D005,C010,V001,R03,P008,Events expense - Sales,Invoice,Posted,626.75,62.68,689.43,PO-36226,INV-546336,AUD,1.0
TX004940,2024-03-04,2024,1,3,March,D001,C004,V013,R01,P002,Contractors expense - Information Technology,Invoice,Posted,2905.21,290.52,3195.73,PO-91512,INV-388692,USD,1.4867
TX004941,2024-03-05,2024,1,3,March,D008,C011,V001,R01,P001,Office Supplies expense - Facilities,Invoice,Accrued,200.63,20.06,220.69,PO-44198,INV-635465,AUD,1.0
TX004942,2026-01-25,2026,1,1,January,D004,C010,V025,R02,P008,Events expense - Marketing,Expense Claim,Posted,401.51,40.15,441.66,,,AUD,1.0
TX004943,2025-09-16,2025,3,9,September,D001,C003,V003,R01,P008,Hardware expense - Information Technology,Invoice,Posted,1694.8,169.48,1864.28,PO-99488,INV-805513,AUD,1.0
TX004944,2025-06-25,2025,2,6,June,D006,C011,V028,R05,P004,Office Supplies expense - Operations,Direct Debit,Posted,190.6,19.06,209.66,,INV-524038,AUD,1.0
TX004945,2026-02-05,2026,1,2,February,D003,C011,V035,R02,P004,Office Supplies expense - Human Resources,Invoice,Posted,258.04,25.8,283.84,PO-20945,INV-401301,AUD,1.0
TX004946,2024-07-20,2024,3,7,July,D006,C018,V015,R04,P008,Freight & Logistics expense - Operations,Invoice,Posted,1731.97,173.2,1905.17,PO-29542,INV-933508,AUD,1.0
TX004947,2025-06-29,2025,2,6,June,D002,C017,V025,R01,P007,Legal & Compliance expense - Finance,Invoice,Posted,697.91,69.79,767.7,PO-46776,INV-669339,AUD,1.0
TX004948,2024-03-21,2024,1,3,March,D004,C004,V011,R01,P008,Contractors expense - Marketing,Invoice,Posted,2410.44,241.04,2651.48,PO-27129,INV-343048,AUD,1.0
TX004949,2026-06-30,2026,2,6,June,D006,C003,V014,R02,P008,Hardware expense - Operations,Direct Debit,Posted,2279.14,227.91,2507.05,,INV-936343,AUD,1.0
TX004950,2025-09-28,2025,3,9,September,D007,C001,V028,R02,P002,Software & SaaS expense - Customer Service,Invoice,Posted,267.78,26.78,294.56,PO-48754,INV-593100,AUD,1.0
TX004951,2025-12-16,2025,4,12,December,D008,C011,V024,R01,P004,Office Supplies expense - Facilities,Direct Debit,Posted,160.88,16.09,176.97,,INV-780561,AUD,1.0
TX004952,2025-10-12,2025,4,10,October,D007,C020,V012,R04,P006,Customer Support Tools expense - Customer Service,Direct Debit,Posted,599.33,59.93,659.26,,INV-761889,AUD,1.0
TX004953,2024-06-29,2024,2,6,June,D007,C007,V034,R01,P008,Training expense - Customer Service,Corporate Card,Posted,262.15,26.21,288.36,,,AUD,1.0
TX004954,2025-10-11,2025,4,10,October,D002,C007,V015,R03,P004,Training expense - Finance,Invoice,Posted,230.19,23.02,253.21,PO-81090,INV-626881,AUD,1.0
TX004955,2024-10-17,2024,4,10,October,D005,C001,V017,R03,P002,Software & SaaS expense - Sales,Invoice,Posted,799.13,79.91,879.04,PO-59415,INV-215622,USD,1.4632
TX004956,2025-04-28,2025,2,4,April,D003,C006,V034,R02,P008,Travel expense - Human Resources,Corporate Card,Posted,328.07,32.81,360.88,,,USD,1.5959
TX004957,2025-06-03,2025,2,6,June,D001,C003,V006,R01,P008,Hardware expense - Information Technology,Invoice,Posted,4890.34,489.03,5379.37,PO-98381,INV-600590,AUD,1.0
TX004958,2024-11-09,2024,4,11,November,D005,C010,V015,R05,P008,Events expense - Sales,Invoice,Posted,1027.99,102.8,1130.79,PO-49722,INV-580997,AUD,1.0
TX004959,2024-02-13,2024,1,2,February,D003,C004,V011,R04,P008,Contractors expense - Human Resources,Invoice,Accrued,1255.48,125.55,1381.03,PO-10968,INV-329633,AUD,1.0
TX004960,2026-05-27,2026,2,5,May,D006,C018,V029,R01,P004,Freight & Logistics expense - Operations,Direct Debit,Accrued,874.65,87.47,962.12,,INV-764786,AUD,1.0
TX004961,2024-07-05,2024,3,7,July,D005,C009,V024,R01,P001,Advertising expense - Sales,Invoice,Posted,1466.97,146.7,1613.67,PO-84488,INV-798993,AUD,1.0
TX004962,2025-10-01,2025,4,10,October,D006,C006,V010,R01,P003,Travel expense - Operations,Invoice,Posted,890.44,89.04,979.48,PO-82268,INV-397242,AUD,1.0
TX004963,2024-12-29,2024,4,12,December,D006,C006,V003,R04,P002,Travel expense - Operations,Invoice,Accrued,214.35,21.44,235.79,PO-85736,INV-216009,AUD,1.0
TX004964,2024-07-09,2024,3,7,July,D007,C012,V016,R01,P008,Telecommunications expense - Customer Service,Invoice,Posted,270.52,27.05,297.57,PO-10462,INV-756842,AUD,1.0
TX004965,2024-03-17,2024,1,3,March,D008,C003,V023,R03,P008,Hardware expense - Facilities,Direct Debit,Posted,2256.91,225.69,2482.6,,INV-724335,AUD,1.0
TX004966,2026-06-24,2026,2,6,June,D006,C019,V027,R04,P006,Vehicle Expenses expense - Operations,Direct Debit,Posted,1633.23,163.32,1796.55,,INV-494723,AUD,1.0
TX004967,2024-07-29,2024,3,7,July,D008,C011,V002,R04,P001,Office Supplies expense - Facilities,Expense Claim,Posted,120.82,12.08,132.9,,,AUD,1.0
TX004968,2024-02-25,2024,1,2,February,D003,C007,V008,R03,P008,Training expense - Human Resources,Invoice,Posted,393.84,39.38,433.22,PO-39672,INV-902069,AUD,1.0
TX004969,2024-03-09,2024,1,3,March,D007,C007,V033,R02,P003,Training expense - Customer Service,Corporate Card,Posted,287.53,28.75,316.28,,,AUD,1.0
TX004970,2026-06-26,2026,2,6,June,D007,C001,V006,R01,P008,Software & SaaS expense - Customer Service,Invoice,Posted,1468.03,146.8,1614.83,PO-40881,INV-491138,AUD,1.0
TX004971,2024-03-31,2024,1,3,March,D008,C003,V029,R02,P004,Hardware expense - Facilities,Expense Claim,Accrued,843.64,84.36,928.0,,,USD,1.4576
TX004972,2025-04-29,2025,2,4,April,D002,C016,V019,R01,P005,Insurance expense - Finance,Corporate Card,Posted,102.49,10.25,112.74,,,AUD,1.0
TX004973,2025-10-06,2025,4,10,October,D001,C020,V012,R01,P007,Customer Support Tools expense - Information Technology,Invoice,Posted,293.74,29.37,323.11,PO-77364,INV-783733,AUD,1.0
TX004974,2024-08-21,2024,3,8,August,D006,C004,V021,R01,P008,Contractors expense - Operations,Invoice,Posted,4926.95,492.69,5419.64,PO-36883,INV-375665,AUD,1.0
TX004975,2024-12-01,2024,4,12,December,D001,C020,V002,R04,P008,Customer Support Tools expense - Information Technology,Expense Claim,Posted,1781.37,178.14,1959.51,,,AUD,1.0
TX004976,2024-01-13,2024,1,1,January,D001,C004,V022,R03,P007,Contractors expense - Information Technology,Invoice,Posted,2242.72,224.27,2466.99,PO-80830,INV-340241,AUD,1.0
TX004977,2024-07-01,2024,3,7,July,D005,C001,V019,R04,P008,Software & SaaS expense - Sales,Corporate Card,Accrued,1352.52,135.25,1487.77,,,AUD,1.0
TX004978,2025-08-01,2025,3,8,August,D004,C006,V010,R01,P008,Travel expense - Marketing,Invoice,Posted,1543.08,154.31,1697.39,PO-48050,INV-782691,AUD,1.0
TX004979,2025-12-27,2025,4,12,December,D002,C001,V019,R01,P004,Software & SaaS expense - Finance,Invoice,Posted,418.65,41.87,460.52,PO-58485,INV-665736,AUD,1.0
TX004980,2025-12-13,2025,4,12,December,D004,C006,V016,R05,P003,Travel expense - Marketing,Corporate Card,Posted,684.88,68.49,753.37,,,USD,1.5115
TX004981,2024-11-27,2024,4,11,November,D007,C001,V018,R03,P006,Software & SaaS expense - Customer Service,Corporate Card,Posted,684.71,68.47,753.18,,,AUD,1.0
TX004982,2025-09-13,2025,3,9,September,D004,C001,V028,R03,P008,Software & SaaS expense - Marketing,Expense Claim,Posted,783.9,78.39,862.29,,,AUD,1.0
TX004983,2026-06-10,2026,2,6,June,D005,C019,V014,R03,P008,Vehicle Expenses expense - Sales,Direct Debit,Posted,922.45,92.25,1014.7,,INV-782642,AUD,1.0
TX004984,2026-01-06,2026,1,1,January,D001,C012,V015,R04,P008,Telecommunications expense - Information Technology,Direct Debit,Posted,296.24,29.62,325.86,,INV-820826,AUD,1.0
TX004985,2024-02-02,2024,1,2,February,D003,C008,V005,R02,P008,Recruitment expense - Human Resources,Direct Debit,Posted,395.85,39.59,435.44,,INV-673393,USD,1.4547
TX004986,2025-12-29,2025,4,12,December,D002,C016,V034,R03,P003,Insurance expense - Finance,Corporate Card,Posted,583.2,58.32,641.52,,,AUD,1.0
TX004987,2026-06-17,2026,2,6,June,D004,C011,V009,R01,P006,Office Supplies expense - Marketing,Direct Debit,Posted,393.82,39.38,433.2,,INV-107940,AUD,1.0
TX004988,2025-08-04,2025,3,8,August,D005,C009,V009,R03,P008,Advertising expense - Sales,Invoice,Posted,417.65,41.77,459.42,PO-54752,INV-474028,AUD,1.0
TX004989,2024-03-31,2024,1,3,March,D005,C010,V001,R01,P008,Events expense - Sales,Invoice,Posted,3402.77,340.28,3743.05,PO-23999,INV-423277,AUD,1.0
TX004990,2024-09-02,2024,3,9,September,D008,C013,V024,R01,P003,Rent expense - Facilities,Corporate Card,Posted,3235.9,323.59,3559.49,,,AUD,1.0
TX004991,2025-07-03,2025,3,7,July,D002,C016,V013,R01,P008,Insurance expense - Finance,Direct Debit,Posted,202.41,20.24,222.65,,INV-808067,AUD,1.0
TX004992,2025-09-14,2025,3,9,September,D001,C002,V016,R02,P008,Cloud Services expense - Information Technology,Invoice,Posted,1806.23,180.62,1986.85,PO-86091,INV-329937,AUD,1.0
TX004993,2024-08-01,2024,3,8,August,D006,C018,V023,R01,P008,Freight & Logistics expense - Operations,Invoice,Posted,2763.92,276.39,3040.31,PO-44708,INV-959933,AUD,1.0
TX004994,2025-03-17,2025,1,3,March,D008,C004,V034,R01,P008,Contractors expense - Facilities,Invoice,Posted,1753.88,175.39,1929.27,PO-16156,INV-560568,AUD,1.0
TX004995,2025-01-21,2025,1,1,January,D001,C003,V024,R03,P008,Hardware expense - Information Technology,Corporate Card,Pending,2632.34,263.23,2895.57,,,AUD,1.0
TX004996,2024-02-16,2024,1,2,February,D005,C006,V030,R01,P008,Travel expense - Sales,Invoice,Posted,441.4,44.14,485.54,PO-58921,INV-384395,AUD,1.0
TX004997,2025-08-24,2025,3,8,August,D007,C012,V032,R01,P008,Telecommunications expense - Customer Service,Corporate Card,Posted,606.68,60.67,667.35,,,AUD,1.0
TX004998,2025-05-22,2025,2,5,May,D003,C004,V008,R02,P005,Contractors expense - Human Resources,Direct Debit,Posted,853.61,85.36,938.97,,INV-290122,AUD,1.0
TX004999,2025-05-04,2025,2,5,May,D004,C006,V004,R01,P008,Travel expense - Marketing,Invoice,Posted,883.61,88.36,971.97,PO-48088,INV-513275,AUD,1.0
TX005000,2026-04-23,2026,2,4,April,D001,C012,V026,R03,P008,Telecommunications expense - Information Technology,Corporate Card,Posted,250.87,25.09,275.96,,,AUD,1.0
TX005001,2024-05-29,2024,2,5,May,D002,C007,V015,R01,P008,Training expense - Finance,Invoice,Posted,200.28,20.03,220.31,PO-79729,INV-916782,AUD,1.0
TX005002,2024-12-20,2024,4,12,December,D007,C007,V019,R04,P008,Training expense - Customer Service,Invoice,Posted,207.73,20.77,228.5,PO-95064,INV-405335,AUD,1.0
TX005003,2024-04-08,2024,2,4,April,D007,C004,V025,R01,P008,Contractors expense - Customer Service,Invoice,Posted,2704.69,270.47,2975.16,PO-38697,INV-562036,AUD,1.0
TX005004,2025-08-23,2025,3,8,August,D001,C003,V018,R05,P008,Hardware expense - Information Technology,Corporate Card,Posted,1371.76,137.18,1508.94,,,AUD,1.0
TX005005,2025-11-20,2025,4,11,November,D007,C001,V033,R01,P008,Software & SaaS expense - Customer Service,Direct Debit,Posted,1806.69,180.67,1987.36,,INV-799033,AUD,1.0
TX005006,2025-08-18,2025,3,8,August,D002,C016,V033,R02,P008,Insurance expense - Finance,Invoice,Posted,446.56,44.66,491.22,PO-53188,INV-346395,AUD,1.0
TX005007,2024-01-19,2024,1,1,January,D008,C016,V028,R02,P003,Insurance expense - Facilities,Corporate Card,Posted,909.16,90.92,1000.08,,,AUD,1.0
TX005008,2026-03-16,2026,1,3,March,D007,C001,V003,R01,P005,Software & SaaS expense - Customer Service,Invoice,Posted,393.77,39.38,433.15,PO-48169,INV-823285,AUD,1.0
TX005009,2025-02-02,2025,1,2,February,D006,C003,V011,R02,P008,Hardware expense - Operations,Direct Debit,Posted,217.31,21.73,239.04,,INV-228543,AUD,1.0
TX005010,2025-06-09,2025,2,6,June,D007,C012,V033,R01,P008,Telecommunications expense - Customer Service,Corporate Card,Posted,128.28,12.83,141.11,,,AUD,1.0
TX005011,2024-03-10,2024,1,3,March,D007,C007,V017,R02,P008,Training expense - Customer Service,Invoice,Posted,260.6,26.06,286.66,PO-86680,INV-838858,AUD,1.0
TX005012,2025-02-21,2025,1,2,February,D004,C006,V002,R02,P002,Travel expense - Marketing,Expense Claim,Posted,1272.47,127.25,1399.72,,,AUD,1.0
TX005013,2024-05-27,2024,2,5,May,D006,C019,V022,R05,P008,Vehicle Expenses expense - Operations,Corporate Card,Posted,228.14,22.81,250.95,,,AUD,1.0
TX005014,2024-12-17,2024,4,12,December,D002,C007,V019,R02,P006,Training expense - Finance,Invoice,Posted,236.35,23.64,259.99,PO-18530,INV-700505,AUD,1.0
TX005015,2024-12-21,2024,4,12,December,D002,C017,V013,R01,P008,Legal & Compliance expense - Finance,Invoice,Pending,1172.06,117.21,1289.27,PO-60450,INV-911150,AUD,1.0
TX005016,2024-04-25,2024,2,4,April,D005,C009,V005,R01,P001,Advertising expense - Sales,Direct Debit,Posted,1728.05,172.81,1900.86,,INV-847892,USD,1.5722
TX005017,2024-07-26,2024,3,7,July,D007,C001,V011,R01,P001,Software & SaaS expense - Customer Service,Corporate Card,Accrued,2653.46,265.35,2918.81,,,AUD,1.0
TX005018,2025-06-22,2025,2,6,June,D002,C004,V011,R01,P005,Contractors expense - Finance,Invoice,Posted,2812.37,281.24,3093.61,PO-37108,INV-118017,AUD,1.0
TX005019,2024-02-16,2024,1,2,February,D007,C001,V033,R04,P008,Software & SaaS expense - Customer Service,Expense Claim,Posted,1335.11,133.51,1468.62,,,AUD,1.0
TX005020,2025-04-24,2025,2,4,April,D008,C011,V019,R02,P008,Office Supplies expense - Facilities,Corporate Card,Posted,268.36,26.84,295.2,,,AUD,1.0
TX005021,2025-05-05,2025,2,5,May,D003,C006,V001,R03,P004,Travel expense - Human Resources,Corporate Card,Posted,355.04,35.5,390.54,,,AUD,1.0
TX005022,2024-08-30,2024,3,8,August,D001,C005,V017,R02,P008,Consulting expense - Information Technology,Corporate Card,Posted,1949.79,194.98,2144.77,,,AUD,1.0
TX005023,2024-10-24,2024,4,10,October,D005,C006,V005,R01,P005,Travel expense - Sales,Invoice,Posted,2313.79,231.38,2545.17,PO-66515,INV-998381,AUD,1.0
TX005024,2024-04-21,2024,2,4,April,D004,C004,V014,R03,P008,Contractors expense - Marketing,Direct Debit,Posted,555.02,55.5,610.52,,INV-181685,AUD,1.0
TX005025,2024-05-06,2024,2,5,May,D004,C009,V027,R01,P003,Advertising expense - Marketing,Invoice,Accrued,1272.97,127.3,1400.27,PO-37695,INV-877280,AUD,1.0
TX005026,2026-06-08,2026,2,6,June,D006,C019,V010,R03,P008,Vehicle Expenses expense - Operations,Expense Claim,Posted,243.42,24.34,267.76,,,AUD,1.0
TX005027,2024-02-20,2024,1,2,February,D008,C014,V014,R02,P008,Utilities expense - Facilities,Corporate Card,Posted,233.66,23.37,257.03,,,AUD,1.0
TX005028,2025-07-29,2025,3,7,July,D007,C001,V033,R01,P008,Software & SaaS expense - Customer Service,Corporate Card,Posted,359.59,35.96,395.55,,,AUD,1.0
TX005029,2024-05-01,2024,2,5,May,D002,C005,V034,R01,P008,Consulting expense - Finance,Invoice,Pending,1242.05,124.2,1366.25,PO-69232,INV-609584,AUD,1.0
TX005030,2025-11-05,2025,4,11,November,D007,C020,V032,R01,P006,Customer Support Tools expense - Customer Service,Invoice,Posted,804.47,80.45,884.92,PO-36166,INV-787954,AUD,1.0
TX005031,2024-12-18,2024,4,12,December,D007,C007,V012,R02,P001,Training expense - Customer Service,Direct Debit,Posted,437.4,43.74,481.14,,INV-490743,AUD,1.0
TX005032,2024-09-18,2024,3,9,September,D003,C004,V003,R05,P008,Contractors expense - Human Resources,Invoice,Posted,624.28,62.43,686.71,PO-37150,INV-964906,AUD,1.0
TX005033,2025-02-15,2025,1,2,February,D004,C011,V022,R03,P008,Office Supplies expense - Marketing,Direct Debit,Posted,513.0,51.3,564.3,,INV-855416,AUD,1.0
TX005034,2024-04-19,2024,2,4,April,D005,C001,V035,R04,P008,Software & SaaS expense - Sales,Invoice,Posted,2415.9,241.59,2657.49,PO-34678,INV-783585,AUD,1.0
TX005035,2026-02-12,2026,1,2,February,D003,C007,V029,R01,P004,Training expense - Human Resources,Expense Claim,Posted,70.15,7.02,77.17,,,AUD,1.0
TX005036,2026-04-04,2026,2,4,April,D002,C016,V025,R01,P008,Insurance expense - Finance,Direct Debit,Posted,272.08,27.21,299.29,,INV-939761,AUD,1.0
TX005037,2025-12-30,2025,4,12,December,D006,C011,V025,R01,P008,Office Supplies expense - Operations,Invoice,Posted,114.37,11.44,125.81,PO-93946,INV-455882,AUD,1.0
TX005038,2026-05-09,2026,2,5,May,D007,C001,V022,R01,P005,Software & SaaS expense - Customer Service,Direct Debit,Posted,1735.36,173.54,1908.9,,INV-479817,AUD,1.0
TX005039,2024-01-24,2024,1,1,January,D005,C009,V018,R01,P001,Advertising expense - Sales,Invoice,Posted,1823.39,182.34,2005.73,PO-61760,INV-854873,AUD,1.0
TX005040,2026-02-19,2026,1,2,February,D002,C007,V029,R01,P004,Training expense - Finance,Invoice,Posted,491.65,49.16,540.81,PO-66836,INV-727475,AUD,1.0
TX005041,2025-12-15,2025,4,12,December,D001,C012,V031,R01,P008,Telecommunications expense - Information Technology,Invoice,Posted,475.15,47.52,522.67,PO-70968,INV-591147,USD,1.555
TX005042,2024-10-08,2024,4,10,October,D007,C012,V013,R04,P004,Telecommunications expense - Customer Service,Invoice,Posted,634.61,63.46,698.07,PO-98096,INV-961677,AUD,1.0
TX005043,2024-07-23,2024,3,7,July,D004,C004,V019,R04,P008,Contractors expense - Marketing,Corporate Card,Posted,1593.83,159.38,1753.21,,,AUD,1.0
TX005044,2025-03-08,2025,1,3,March,D004,C001,V016,R02,P008,Software & SaaS expense - Marketing,Invoice,Posted,636.45,63.65,700.1,PO-32180,INV-318136,AUD,1.0
TX005045,2024-03-26,2024,1,3,March,D001,C004,V022,R03,P008,Contractors expense - Information Technology,Invoice,Accrued,1538.05,153.81,1691.86,PO-58729,INV-979805,AUD,1.0
TX005046,2024-10-24,2024,4,10,October,D003,C001,V034,R03,P002,Software & SaaS expense - Human Resources,Invoice,Posted,437.21,43.72,480.93,PO-49768,INV-148448,AUD,1.0
TX005047,2024-03-22,2024,1,3,March,D002,C005,V029,R02,P008,Consulting expense - Finance,Direct Debit,Posted,1685.88,168.59,1854.47,,INV-232479,AUD,1.0
TX005048,2025-04-19,2025,2,4,April,D002,C016,V007,R01,P008,Insurance expense - Finance,Corporate Card,Posted,1827.08,182.71,2009.79,,,AUD,1.0
TX005049,2025-07-27,2025,3,7,July,D003,C007,V014,R02,P003,Training expense - Human Resources,Invoice,Posted,465.27,46.53,511.8,PO-79294,INV-521416,AUD,1.0
TX005050,2025-10-14,2025,4,10,October,D004,C006,V015,R05,P008,Travel expense - Marketing,Invoice,Posted,1240.26,124.03,1364.29,PO-68609,INV-294041,AUD,1.0
TX005051,2025-04-04,2025,2,4,April,D005,C019,V013,R03,P008,Vehicle Expenses expense - Sales,Direct Debit,Posted,176.68,17.67,194.35,,INV-234268,AUD,1.0
TX005052,2024-09-10,2024,3,9,September,D004,C009,V010,R02,P002,Advertising expense - Marketing,Invoice,Posted,3445.9,344.59,3790.49,PO-38760,INV-560256,AUD,1.0
TX005053,2024-09-08,2024,3,9,September,D008,C013,V018,R03,P008,Rent expense - Facilities,Corporate Card,Posted,3393.49,339.35,3732.84,,,AUD,1.0
TX005054,2025-02-27,2025,1,2,February,D002,C004,V016,R02,P003,Contractors expense - Finance,Direct Debit,Posted,839.67,83.97,923.64,,INV-630307,AUD,1.0
TX005055,2025-04-13,2025,2,4,April,D008,C011,V033,R03,P008,Office Supplies expense - Facilities,Invoice,Posted,45,4.5,49.5,PO-99796,INV-725902,AUD,1.0
TX005056,2025-08-13,2025,3,8,August,D008,C014,V030,R03,P008,Utilities expense - Facilities,Invoice,Posted,1100.04,110.0,1210.04,PO-67964,INV-700104,AUD,1.0
TX005057,2024-07-28,2024,3,7,July,D003,C007,V013,R05,P008,Training expense - Human Resources,Direct Debit,Accrued,168.09,16.81,184.9,,INV-709823,AUD,1.0
TX005058,2025-06-15,2025,2,6,June,D001,C012,V035,R04,P008,Telecommunications expense - Information Technology,Direct Debit,Pending,870.39,87.04,957.43,,INV-833533,AUD,1.0
TX005059,2024-09-06,2024,3,9,September,D002,C001,V026,R01,P008,Software & SaaS expense - Finance,Invoice,Posted,1970.52,197.05,2167.57,PO-99115,INV-257176,AUD,1.0
TX005060,2026-01-02,2026,1,1,January,D007,C007,V017,R03,P008,Training expense - Customer Service,Direct Debit,Posted,704.91,70.49,775.4,,INV-251568,AUD,1.0
TX005061,2025-10-21,2025,4,10,October,D006,C003,V030,R01,P008,Hardware expense - Operations,Direct Debit,Posted,1613.19,161.32,1774.51,,INV-888560,AUD,1.0
TX005062,2026-04-29,2026,2,4,April,D006,C018,V012,R01,P008,Freight & Logistics expense - Operations,Invoice,Pending,268.94,26.89,295.83,PO-48820,INV-284100,AUD,1.0
TX005063,2026-05-21,2026,2,5,May,D005,C006,V004,R03,P008,Travel expense - Sales,Corporate Card,Posted,1105.13,110.51,1215.64,,,AUD,1.0
TX005064,2024-10-06,2024,4,10,October,D003,C008,V003,R02,P004,Recruitment expense - Human Resources,Invoice,Posted,2271.45,227.14,2498.59,PO-39214,INV-654596,AUD,1.0
TX005065,2025-12-04,2025,4,12,December,D006,C004,V007,R03,P005,Contractors expense - Operations,Invoice,Posted,1019.69,101.97,1121.66,PO-84754,INV-812605,AUD,1.0
TX005066,2025-07-10,2025,3,7,July,D001,C003,V012,R02,P003,Hardware expense - Information Technology,Invoice,Accrued,363.87,36.39,400.26,PO-21020,INV-348312,AUD,1.0
TX005067,2026-03-11,2026,1,3,March,D004,C009,V004,R02,P008,Advertising expense - Marketing,Corporate Card,Pending,1491.35,149.13,1640.48,,,AUD,1.0
TX005068,2024-05-31,2024,2,5,May,D004,C010,V024,R05,P005,Events expense - Marketing,Direct Debit,Posted,126.1,12.61,138.71,,INV-865709,AUD,1.0
TX005069,2025-06-26,2025,2,6,June,D003,C011,V018,R01,P008,Office Supplies expense - Human Resources,Invoice,Posted,509.24,50.92,560.16,PO-23240,INV-100152,AUD,1.0
TX005070,2025-06-08,2025,2,6,June,D006,C006,V018,R03,P008,Travel expense - Operations,Invoice,Posted,274.26,27.43,301.69,PO-45931,INV-203383,AUD,1.0
TX005071,2025-01-18,2025,1,1,January,D002,C001,V019,R02,P003,Software & SaaS expense - Finance,Direct Debit,Posted,220.19,22.02,242.21,,INV-164732,AUD,1.0
TX005072,2024-03-20,2024,1,3,March,D001,C002,V011,R01,P003,Cloud Services expense - Information Technology,Invoice,Posted,4231.94,423.19,4655.13,PO-27792,INV-851543,AUD,1.0
TX005073,2025-07-07,2025,3,7,July,D006,C018,V012,R04,P004,Freight & Logistics expense - Operations,Invoice,Posted,1540.71,154.07,1694.78,PO-90951,INV-188938,AUD,1.0
TX005074,2025-02-05,2025,1,2,February,D002,C001,V022,R03,P002,Software & SaaS expense - Finance,Invoice,Posted,660.76,66.08,726.84,PO-94086,INV-411611,AUD,1.0
TX005075,2025-11-09,2025,4,11,November,D003,C011,V016,R02,P008,Office Supplies expense - Human Resources,Corporate Card,Posted,666.06,66.61,732.67,,,AUD,1.0
TX005076,2025-12-24,2025,4,12,December,D002,C007,V035,R04,P008,Training expense - Finance,Invoice,Posted,698.68,69.87,768.55,PO-95913,INV-883596,AUD,1.0
TX005077,2026-05-22,2026,2,5,May,D002,C001,V014,R01,P008,Software & SaaS expense - Finance,Corporate Card,Posted,4958.07,495.81,5453.88,,,USD,1.4618
TX005078,2024-01-02,2024,1,1,January,D005,C019,V034,R05,P008,Vehicle Expenses expense - Sales,Expense Claim,Posted,521.41,52.14,573.55,,,AUD,1.0
TX005079,2024-01-27,2024,1,1,January,D004,C011,V028,R01,P008,Office Supplies expense - Marketing,Corporate Card,Posted,331.97,33.2,365.17,,,AUD,1.0
TX005080,2025-04-11,2025,2,4,April,D003,C006,V009,R05,P008,Travel expense - Human Resources,Corporate Card,Posted,346.81,34.68,381.49,,,AUD,1.0
TX005081,2026-06-20,2026,2,6,June,D007,C012,V010,R05,P001,Telecommunications expense - Customer Service,Direct Debit,Posted,305.49,30.55,336.04,,INV-119850,AUD,1.0
TX005082,2024-04-09,2024,2,4,April,D004,C001,V009,R01,P008,Software & SaaS expense - Marketing,Corporate Card,Posted,749.48,74.95,824.43,,,AUD,1.0
TX005083,2025-08-20,2025,3,8,August,D008,C016,V002,R01,P008,Insurance expense - Facilities,Invoice,Posted,352.15,35.21,387.36,PO-67268,INV-967653,AUD,1.0
TX005084,2024-04-28,2024,2,4,April,D003,C001,V009,R03,P008,Software & SaaS expense - Human Resources,Corporate Card,Posted,1613.09,161.31,1774.4,,,AUD,1.0
TX005085,2024-05-24,2024,2,5,May,D007,C001,V034,R02,P006,Software & SaaS expense - Customer Service,Invoice,Posted,1344.66,134.47,1479.13,PO-95521,INV-236314,AUD,1.0
TX005086,2024-06-18,2024,2,6,June,D006,C018,V002,R01,P002,Freight & Logistics expense - Operations,Direct Debit,Posted,1315.29,131.53,1446.82,,INV-840795,AUD,1.0
TX005087,2025-03-25,2025,1,3,March,D002,C005,V022,R04,P008,Consulting expense - Finance,Corporate Card,Posted,1773.99,177.4,1951.39,,,AUD,1.0
TX005088,2025-05-10,2025,2,5,May,D003,C008,V033,R01,P006,Recruitment expense - Human Resources,Invoice,Posted,310.85,31.09,341.94,PO-28129,INV-537776,AUD,1.0
TX005089,2025-09-07,2025,3,9,September,D008,C014,V008,R02,P003,Utilities expense - Facilities,Invoice,Posted,676.02,67.6,743.62,PO-90525,INV-649029,AUD,1.0
TX005090,2024-01-10,2024,1,1,January,D004,C006,V023,R01,P005,Travel expense - Marketing,Direct Debit,Posted,368.77,36.88,405.65,,INV-883170,AUD,1.0
TX005091,2024-09-20,2024,3,9,September,D004,C010,V017,R03,P008,Events expense - Marketing,Corporate Card,Posted,2699.62,269.96,2969.58,,,AUD,1.0
TX005092,2025-12-17,2025,4,12,December,D003,C011,V021,R01,P006,Office Supplies expense - Human Resources,Direct Debit,Posted,252.2,25.22,277.42,,INV-237754,AUD,1.0
TX005093,2024-07-07,2024,3,7,July,D004,C004,V033,R03,P008,Contractors expense - Marketing,Expense Claim,Posted,1044.27,104.43,1148.7,,,AUD,1.0
TX005094,2025-02-24,2025,1,2,February,D004,C001,V021,R04,P008,Software & SaaS expense - Marketing,Invoice,Posted,1881.06,188.11,2069.17,PO-67864,INV-657276,AUD,1.0
TX005095,2025-10-29,2025,4,10,October,D007,C007,V035,R01,P007,Training expense - Customer Service,Corporate Card,Pending,301.53,30.15,331.68,,,AUD,1.0
TX005096,2024-12-10,2024,4,12,December,D003,C006,V033,R01,P002,Travel expense - Human Resources,Invoice,Posted,1281.44,128.14,1409.58,PO-20947,INV-555151,AUD,1.0
TX005097,2025-01-20,2025,1,1,January,D006,C006,V028,R02,P008,Travel expense - Operations,Corporate Card,Posted,1106.2,110.62,1216.82,,,AUD,1.0
TX005098,2026-05-23,2026,2,5,May,D001,C001,V001,R01,P008,Software & SaaS expense - Information Technology,Invoice,Posted,827.03,82.7,909.73,PO-47449,INV-990582,USD,1.4994
TX005099,2024-04-03,2024,2,4,April,D005,C010,V014,R05,P008,Events expense - Sales,Corporate Card,Posted,309.87,30.99,340.86,,,AUD,1.0
TX005100,2024-06-01,2024,2,6,June,D006,C011,V007,R04,P004,Office Supplies expense - Operations,Direct Debit,Posted,279.64,27.96,307.6,,INV-536386,AUD,1.0
TX005101,2025-12-04,2025,4,12,December,D007,C007,V001,R04,P006,Training expense - Customer Service,Invoice,Posted,233.31,23.33,256.64,PO-25177,INV-188324,AUD,1.0
TX005102,2024-02-27,2024,1,2,February,D007,C020,V025,R04,P008,Customer Support Tools expense - Customer Service,Expense Claim,Posted,1006.73,100.67,1107.4,,,AUD,1.0
TX005103,2025-02-20,2025,1,2,February,D003,C004,V012,R01,P003,Contractors expense - Human Resources,Invoice,Posted,1676.86,167.69,1844.55,PO-75095,INV-727563,AUD,1.0
TX005104,2026-02-27,2026,1,2,February,D005,C010,V032,R02,P004,Events expense - Sales,Invoice,Posted,1151.55,115.16,1266.71,PO-16975,INV-592596,AUD,1.0
TX005105,2025-07-04,2025,3,7,July,D007,C012,V024,R02,P008,Telecommunications expense - Customer Service,Invoice,Accrued,91.4,9.14,100.54,PO-23083,INV-549004,AUD,1.0
TX005106,2025-11-19,2025,4,11,November,D006,C006,V004,R03,P008,Travel expense - Operations,Invoice,Posted,884.67,88.47,973.14,PO-74750,INV-494682,AUD,1.0
TX005107,2024-01-07,2024,1,1,January,D006,C011,V002,R04,P005,Office Supplies expense - Operations,Direct Debit,Posted,120.65,12.07,132.72,,INV-236604,AUD,1.0
TX005108,2025-07-04,2025,3,7,July,D007,C012,V010,R01,P008,Telecommunications expense - Customer Service,Invoice,Pending,196.19,19.62,215.81,PO-64889,INV-579248,AUD,1.0
TX005109,2024-08-25,2024,3,8,August,D001,C004,V003,R04,P008,Contractors expense - Information Technology,Invoice,Posted,1657.6,165.76,1823.36,PO-58950,INV-847100,AUD,1.0
TX005110,2025-04-01,2025,2,4,April,D007,C001,V028,R05,P008,Software & SaaS expense - Customer Service,Corporate Card,Posted,689.46,68.95,758.41,,,USD,1.5443
TX005111,2024-01-29,2024,1,1,January,D003,C004,V009,R02,P008,Contractors expense - Human Resources,Direct Debit,Posted,2885.73,288.57,3174.3,,INV-455837,AUD,1.0
TX005112,2026-01-14,2026,1,1,January,D008,C004,V006,R01,P004,Contractors expense - Facilities,Corporate Card,Posted,1540.53,154.05,1694.58,,,AUD,1.0
TX005113,2026-03-30,2026,1,3,March,D002,C001,V022,R02,P008,Software & SaaS expense - Finance,Direct Debit,Posted,2805.71,280.57,3086.28,,INV-898039,USD,1.4866
TX005114,2024-01-18,2024,1,1,January,D008,C003,V008,R01,P004,Hardware expense - Facilities,Expense Claim,Posted,393.61,39.36,432.97,,,AUD,1.0
TX005115,2024-09-11,2024,3,9,September,D001,C005,V035,R04,P002,Consulting expense - Information Technology,Invoice,Posted,369.08,36.91,405.99,PO-50315,INV-747846,AUD,1.0
TX005116,2025-07-14,2025,3,7,July,D006,C011,V003,R03,P002,Office Supplies expense - Operations,Invoice,Posted,408.78,40.88,449.66,PO-82784,INV-826351,AUD,1.0
TX005117,2025-11-02,2025,4,11,November,D001,C003,V018,R01,P004,Hardware expense - Information Technology,Invoice,Pending,381.15,38.12,419.27,PO-22805,INV-310983,AUD,1.0
TX005118,2026-03-29,2026,1,3,March,D001,C004,V023,R01,P004,Contractors expense - Information Technology,Invoice,Posted,956.74,95.67,1052.41,PO-95523,INV-601716,AUD,1.0
TX005119,2024-09-25,2024,3,9,September,D008,C011,V004,R02,P008,Office Supplies expense - Facilities,Invoice,Posted,45,4.5,49.5,PO-80577,INV-729106,AUD,1.0
TX005120,2025-09-04,2025,3,9,September,D003,C007,V019,R02,P004,Training expense - Human Resources,Corporate Card,Accrued,1904.51,190.45,2094.96,,,AUD,1.0
TX005121,2026-02-05,2026,1,2,February,D001,C003,V013,R04,P007,Hardware expense - Information Technology,Invoice,Posted,1193.28,119.33,1312.61,PO-56211,INV-931779,AUD,1.0
TX005122,2025-11-26,2025,4,11,November,D008,C015,V024,R02,P008,Repairs & Maintenance expense - Facilities,Invoice,Posted,917.84,91.78,1009.62,PO-28123,INV-641976,AUD,1.0
TX005123,2024-03-26,2024,1,3,March,D007,C004,V028,R04,P008,Contractors expense - Customer Service,Invoice,Accrued,1135.84,113.58,1249.42,PO-83384,INV-975084,AUD,1.0
TX005124,2024-12-26,2024,4,12,December,D007,C020,V022,R03,P006,Customer Support Tools expense - Customer Service,Corporate Card,Posted,561.24,56.12,617.36,,,AUD,1.0
TX005125,2025-11-23,2025,4,11,November,D001,C020,V008,R03,P004,Customer Support Tools expense - Information Technology,Corporate Card,Posted,2201.52,220.15,2421.67,,,AUD,1.0
TX005126,2024-07-07,2024,3,7,July,D002,C017,V016,R01,P008,Legal & Compliance expense - Finance,Direct Debit,Posted,451.27,45.13,496.4,,INV-438370,AUD,1.0
TX005127,2025-05-14,2025,2,5,May,D005,C012,V035,R01,P001,Telecommunications expense - Sales,Invoice,Posted,332.72,33.27,365.99,PO-97416,INV-795939,AUD,1.0
TX005128,2025-06-07,2025,2,6,June,D008,C003,V026,R01,P004,Hardware expense - Facilities,Direct Debit,Posted,669.69,66.97,736.66,,INV-983682,AUD,1.0
TX005129,2024-02-21,2024,1,2,February,D008,C013,V031,R03,P008,Rent expense - Facilities,Invoice,Posted,4026.93,402.69,4429.62,PO-39861,INV-775668,AUD,1.0
TX005130,2024-11-26,2024,4,11,November,D004,C006,V032,R01,P008,Travel expense - Marketing,Corporate Card,Posted,1678.0,167.8,1845.8,,,AUD,1.0
TX005131,2025-10-27,2025,4,10,October,D007,C004,V006,R01,P001,Contractors expense - Customer Service,Invoice,Posted,814.83,81.48,896.31,PO-39885,INV-518462,AUD,1.0
TX005132,2025-05-23,2025,2,5,May,D003,C007,V003,R02,P007,Training expense - Human Resources,Expense Claim,Posted,304.8,30.48,335.28,,,AUD,1.0
TX005133,2026-01-11,2026,1,1,January,D005,C006,V022,R01,P002,Travel expense - Sales,Invoice,Accrued,1604.87,160.49,1765.36,PO-53266,INV-953258,AUD,1.0
TX005134,2024-04-12,2024,2,4,April,D002,C016,V015,R02,P008,Insurance expense - Finance,Invoice,Posted,499.9,49.99,549.89,PO-59475,INV-619634,AUD,1.0
TX005135,2025-07-17,2025,3,7,July,D006,C018,V017,R02,P003,Freight & Logistics expense - Operations,Expense Claim,Posted,155.89,15.59,171.48,,,AUD,1.0
TX005136,2025-06-27,2025,2,6,June,D003,C008,V032,R01,P008,Recruitment expense - Human Resources,Invoice,Posted,664.07,66.41,730.48,PO-12209,INV-650307,USD,1.4848
TX005137,2025-06-14,2025,2,6,June,D003,C006,V018,R03,P001,Travel expense - Human Resources,Invoice,Posted,811.32,81.13,892.45,PO-72833,INV-759217,AUD,1.0
TX005138,2024-09-17,2024,3,9,September,D003,C001,V035,R01,P004,Software & SaaS expense - Human Resources,Direct Debit,Posted,1551.78,155.18,1706.96,,INV-635725,AUD,1.0
TX005139,2025-08-27,2025,3,8,August,D004,C001,V028,R04,P008,Software & SaaS expense - Marketing,Invoice,Posted,550.32,55.03,605.35,PO-87324,INV-679296,AUD,1.0
TX005140,2026-06-10,2026,2,6,June,D006,C011,V028,R02,P008,Office Supplies expense - Operations,Invoice,Posted,1071.92,107.19,1179.11,PO-88942,INV-531170,AUD,1.0
TX005141,2026-02-07,2026,1,2,February,D006,C006,V020,R03,P008,Travel expense - Operations,Invoice,Posted,1150.89,115.09,1265.98,PO-11086,INV-866694,AUD,1.0
TX005142,2025-01-10,2025,1,1,January,D004,C009,V006,R01,P007,Advertising expense - Marketing,Direct Debit,Accrued,1435.57,143.56,1579.13,,INV-783591,AUD,1.0
TX005143,2025-11-12,2025,4,11,November,D001,C003,V020,R03,P008,Hardware expense - Information Technology,Corporate Card,Posted,196.51,19.65,216.16,,,AUD,1.0
TX005144,2024-09-25,2024,3,9,September,D002,C005,V017,R02,P008,Consulting expense - Finance,Corporate Card,Posted,932.9,93.29,1026.19,,,AUD,1.0
TX005145,2025-12-30,2025,4,12,December,D001,C003,V034,R02,P008,Hardware expense - Information Technology,Invoice,Posted,1061.38,106.14,1167.52,PO-46647,INV-986683,AUD,1.0
TX005146,2024-03-25,2024,1,3,March,D007,C007,V007,R03,P001,Training expense - Customer Service,Corporate Card,Accrued,2247.71,224.77,2472.48,,,AUD,1.0
TX005147,2026-02-28,2026,1,2,February,D002,C001,V009,R01,P007,Software & SaaS expense - Finance,Invoice,Accrued,870.69,87.07,957.76,PO-33623,INV-905154,AUD,1.0
TX005148,2024-12-14,2024,4,12,December,D008,C014,V015,R03,P005,Utilities expense - Facilities,Invoice,Posted,415.47,41.55,457.02,PO-13685,INV-329553,AUD,1.0
TX005149,2024-05-28,2024,2,5,May,D002,C001,V018,R03,P008,Software & SaaS expense - Finance,Invoice,Posted,668.66,66.87,735.53,PO-76477,INV-999327,AUD,1.0
TX005150,2026-06-27,2026,2,6,June,D005,C009,V023,R03,P002,Advertising expense - Sales,Invoice,Posted,565.8,56.58,622.38,PO-64915,INV-247980,AUD,1.0
TX005151,2026-03-19,2026,1,3,March,D001,C005,V008,R01,P003,Consulting expense - Information Technology,Invoice,Pending,498.05,49.81,547.86,PO-29967,INV-614573,AUD,1.0
TX005152,2026-03-16,2026,1,3,March,D003,C004,V032,R01,P008,Contractors expense - Human Resources,Invoice,Posted,5065.01,506.5,5571.51,PO-90522,INV-980218,AUD,1.0
TX005153,2026-02-01,2026,1,2,February,D008,C003,V018,R02,P001,Hardware expense - Facilities,Invoice,Posted,564.51,56.45,620.96,PO-35999,INV-649045,AUD,1.0
TX005154,2024-02-21,2024,1,2,February,D007,C004,V033,R03,P008,Contractors expense - Customer Service,Invoice,Posted,589.9,58.99,648.89,PO-99953,INV-849649,AUD,1.0
TX005155,2024-10-14,2024,4,10,October,D005,C001,V003,R04,P007,Software & SaaS expense - Sales,Invoice,Accrued,6773.72,677.37,7451.09,PO-81064,INV-882763,AUD,1.0
TX005156,2025-08-03,2025,3,8,August,D008,C011,V020,R03,P003,Office Supplies expense - Facilities,Direct Debit,Posted,1225.42,122.54,1347.96,,INV-101493,AUD,1.0
TX005157,2024-11-02,2024,4,11,November,D006,C019,V033,R01,P008,Vehicle Expenses expense - Operations,Corporate Card,Posted,768.72,76.87,845.59,,,AUD,1.0
TX005158,2026-02-07,2026,1,2,February,D007,C012,V022,R02,P001,Telecommunications expense - Customer Service,Invoice,Posted,445.37,44.54,489.91,PO-36201,INV-878934,AUD,1.0
TX005159,2026-06-28,2026,2,6,June,D004,C009,V026,R01,P008,Advertising expense - Marketing,Invoice,Posted,6551.47,655.15,7206.62,PO-47558,INV-689335,AUD,1.0
TX005160,2025-08-07,2025,3,8,August,D001,C020,V019,R05,P001,Customer Support Tools expense - Information Technology,Invoice,Posted,302.94,30.29,333.23,PO-26750,INV-197592,AUD,1.0
TX005161,2024-11-19,2024,4,11,November,D008,C015,V017,R02,P008,Repairs & Maintenance expense - Facilities,Direct Debit,Accrued,1384.53,138.45,1522.98,,INV-183142,AUD,1.0
TX005162,2026-04-05,2026,2,4,April,D003,C001,V033,R04,P005,Software & SaaS expense - Human Resources,Invoice,Pending,932.18,93.22,1025.4,PO-65928,INV-889408,AUD,1.0
TX005163,2025-01-16,2025,1,1,January,D003,C001,V010,R03,P008,Software & SaaS expense - Human Resources,Invoice,Posted,799.45,79.95,879.4,PO-89895,INV-263831,AUD,1.0
TX005164,2026-01-10,2026,1,1,January,D001,C004,V024,R02,P005,Contractors expense - Information Technology,Invoice,Posted,4329.69,432.97,4762.66,PO-16289,INV-561212,AUD,1.0
TX005165,2024-02-18,2024,1,2,February,D002,C017,V024,R01,P008,Legal & Compliance expense - Finance,Invoice,Posted,293.86,29.39,323.25,PO-26926,INV-459313,AUD,1.0
TX005166,2026-03-04,2026,1,3,March,D008,C014,V006,R01,P003,Utilities expense - Facilities,Direct Debit,Posted,2140.07,214.01,2354.08,,INV-683339,AUD,1.0
TX005167,2024-12-24,2024,4,12,December,D007,C020,V031,R01,P001,Customer Support Tools expense - Customer Service,Invoice,Posted,1905.35,190.53,2095.88,PO-76176,INV-898284,AUD,1.0
TX005168,2024-03-31,2024,1,3,March,D006,C018,V028,R02,P002,Freight & Logistics expense - Operations,Invoice,Posted,484.2,48.42,532.62,PO-70676,INV-170955,AUD,1.0
TX005169,2025-08-11,2025,3,8,August,D006,C011,V012,R01,P008,Office Supplies expense - Operations,Invoice,Posted,61.14,6.11,67.25,PO-66795,INV-640969,AUD,1.0
TX005170,2024-12-13,2024,4,12,December,D001,C020,V001,R01,P008,Customer Support Tools expense - Information Technology,Direct Debit,Posted,1585.58,158.56,1744.14,,INV-928671,AUD,1.0
TX005171,2026-05-31,2026,2,5,May,D008,C015,V033,R01,P003,Repairs & Maintenance expense - Facilities,Invoice,Posted,205.0,20.5,225.5,PO-10541,INV-197331,AUD,1.0
TX005172,2024-05-29,2024,2,5,May,D007,C001,V011,R03,P008,Software & SaaS expense - Customer Service,Invoice,Pending,841.56,84.16,925.72,PO-40422,INV-403147,AUD,1.0
TX005173,2024-05-24,2024,2,5,May,D002,C005,V028,R03,P008,Consulting expense - Finance,Corporate Card,Posted,812.28,81.23,893.51,,,AUD,1.0
TX005174,2025-05-29,2025,2,5,May,D002,C001,V026,R02,P003,Software & SaaS expense - Finance,Invoice,Posted,1696.29,169.63,1865.92,PO-55763,INV-629081,AUD,1.0
TX005175,2024-07-10,2024,3,7,July,D007,C004,V019,R02,P008,Contractors expense - Customer Service,Direct Debit,Posted,717.49,71.75,789.24,,INV-447366,AUD,1.0
TX005176,2025-12-02,2025,4,12,December,D002,C007,V014,R02,P008,Training expense - Finance,Invoice,Posted,182.64,18.26,200.9,PO-77999,INV-265414,AUD,1.0
TX005177,2025-10-20,2025,4,10,October,D004,C010,V030,R01,P008,Events expense - Marketing,Invoice,Posted,602.25,60.23,662.48,PO-51798,INV-399487,AUD,1.0
TX005178,2026-04-05,2026,2,4,April,D005,C001,V020,R04,P005,Software & SaaS expense - Sales,Invoice,Posted,973.15,97.31,1070.46,PO-91209,INV-142534,USD,1.5881
TX005179,2026-04-11,2026,2,4,April,D008,C003,V020,R04,P003,Hardware expense - Facilities,Invoice,Posted,7400.45,740.05,8140.5,PO-22851,INV-594900,AUD,1.0
TX005180,2026-04-17,2026,2,4,April,D008,C014,V023,R02,P008,Utilities expense - Facilities,Direct Debit,Posted,1793.69,179.37,1973.06,,INV-428622,AUD,1.0
TX005181,2026-02-07,2026,1,2,February,D005,C009,V032,R02,P004,Advertising expense - Sales,Invoice,Accrued,2643.32,264.33,2907.65,PO-85431,INV-462057,AUD,1.0
TX005182,2024-07-24,2024,3,7,July,D008,C004,V031,R01,P004,Contractors expense - Facilities,Direct Debit,Posted,2311.6,231.16,2542.76,,INV-176666,AUD,1.0
TX005183,2024-10-24,2024,4,10,October,D004,C009,V003,R02,P008,Advertising expense - Marketing,Direct Debit,Posted,716.79,71.68,788.47,,INV-880629,AUD,1.0
TX005184,2024-02-22,2024,1,2,February,D003,C008,V023,R02,P001,Recruitment expense - Human Resources,Direct Debit,Posted,643.02,64.3,707.32,,INV-315295,AUD,1.0
TX005185,2026-06-01,2026,2,6,June,D008,C011,V032,R02,P006,Office Supplies expense - Facilities,Direct Debit,Posted,241.68,24.17,265.85,,INV-232495,AUD,1.0
TX005186,2024-09-26,2024,3,9,September,D007,C001,V016,R01,P008,Software & SaaS expense - Customer Service,Invoice,Posted,685.41,68.54,753.95,PO-14990,INV-936050,AUD,1.0
TX005187,2026-01-27,2026,1,1,January,D006,C003,V001,R01,P004,Hardware expense - Operations,Direct Debit,Posted,784.87,78.49,863.36,,INV-269019,AUD,1.0
TX005188,2025-04-17,2025,2,4,April,D001,C004,V003,R01,P008,Contractors expense - Information Technology,Invoice,Posted,1216.96,121.7,1338.66,PO-44352,INV-106377,AUD,1.0
TX005189,2025-07-25,2025,3,7,July,D005,C010,V014,R02,P005,Events expense - Sales,Invoice,Posted,1349.41,134.94,1484.35,PO-79300,INV-236739,AUD,1.0
TX005190,2025-06-16,2025,2,6,June,D004,C009,V001,R04,P008,Advertising expense - Marketing,Direct Debit,Posted,756.56,75.66,832.22,,INV-535279,AUD,1.0
TX005191,2025-07-18,2025,3,7,July,D003,C008,V032,R03,P008,Recruitment expense - Human Resources,Invoice,Posted,694.9,69.49,764.39,PO-70271,INV-962951,AUD,1.0
TX005192,2024-07-10,2024,3,7,July,D004,C001,V023,R03,P005,Software & SaaS expense - Marketing,Invoice,Posted,709.89,70.99,780.88,PO-35760,INV-976265,AUD,1.0
TX005193,2024-01-07,2024,1,1,January,D001,C012,V011,R04,P003,Telecommunications expense - Information Technology,Invoice,Posted,187.45,18.75,206.2,PO-73977,INV-280338,AUD,1.0
TX005194,2025-09-22,2025,3,9,September,D004,C009,V020,R04,P008,Advertising expense - Marketing,Invoice,Posted,6046.64,604.66,6651.3,PO-33272,INV-725700,AUD,1.0
TX005195,2025-02-16,2025,1,2,February,D004,C011,V012,R03,P008,Office Supplies expense - Marketing,Direct Debit,Posted,157.87,15.79,173.66,,INV-903161,AUD,1.0
TX005196,2025-07-26,2025,3,7,July,D001,C002,V011,R01,P002,Cloud Services expense - Information Technology,Corporate Card,Posted,632.01,63.2,695.21,,,AUD,1.0
TX005197,2025-03-28,2025,1,3,March,D008,C004,V012,R02,P008,Contractors expense - Facilities,Invoice,Posted,1088.98,108.9,1197.88,PO-12274,INV-441192,USD,1.5297
TX005198,2025-12-08,2025,4,12,December,D004,C004,V004,R04,P002,Contractors expense - Marketing,Invoice,Accrued,1764.13,176.41,1940.54,PO-72935,INV-322772,AUD,1.0
TX005199,2025-06-21,2025,2,6,June,D001,C020,V006,R01,P002,Customer Support Tools expense - Information Technology,Corporate Card,Posted,206.92,20.69,227.61,,,AUD,1.0
TX005200,2025-03-01,2025,1,3,March,D006,C004,V005,R05,P002,Contractors expense - Operations,Direct Debit,Posted,1167.57,116.76,1284.33,,INV-136104,AUD,1.0
TX005201,2025-08-26,2025,3,8,August,D002,C001,V008,R03,P008,Software & SaaS expense - Finance,Direct Debit,Posted,789.59,78.96,868.55,,INV-827434,AUD,1.0
TX005202,2024-03-05,2024,1,3,March,D006,C003,V011,R03,P005,Hardware expense - Operations,Invoice,Posted,4100.14,410.01,4510.15,PO-31831,INV-628128,AUD,1.0
TX005203,2025-04-11,2025,2,4,April,D006,C003,V030,R05,P003,Hardware expense - Operations,Invoice,Posted,1440.68,144.07,1584.75,PO-67517,INV-746418,AUD,1.0
TX005204,2025-08-26,2025,3,8,August,D002,C005,V007,R03,P004,Consulting expense - Finance,Invoice,Posted,1396.47,139.65,1536.12,PO-80526,INV-626057,AUD,1.0
TX005205,2026-03-23,2026,1,3,March,D002,C017,V005,R02,P008,Legal & Compliance expense - Finance,Invoice,Posted,247.12,24.71,271.83,PO-88138,INV-168600,USD,1.5309
TX005206,2026-04-16,2026,2,4,April,D003,C007,V027,R01,P004,Training expense - Human Resources,Direct Debit,Posted,314.03,31.4,345.43,,INV-158680,AUD,1.0
TX005207,2024-12-28,2024,4,12,December,D003,C004,V020,R03,P008,Contractors expense - Human Resources,Direct Debit,Posted,1616.3,161.63,1777.93,,INV-607538,AUD,1.0
TX005208,2025-07-17,2025,3,7,July,D004,C006,V025,R03,P003,Travel expense - Marketing,Invoice,Posted,1067.13,106.71,1173.84,PO-58378,INV-653073,AUD,1.0
TX005209,2024-12-04,2024,4,12,December,D002,C001,V031,R02,P005,Software & SaaS expense - Finance,Invoice,Posted,873.88,87.39,961.27,PO-70540,INV-174782,USD,1.515
TX005210,2024-02-29,2024,1,2,February,D007,C001,V003,R05,P004,Software & SaaS expense - Customer Service,Direct Debit,Posted,543.15,54.31,597.46,,INV-509495,AUD,1.0
TX005211,2025-06-25,2025,2,6,June,D003,C008,V030,R01,P008,Recruitment expense - Human Resources,Invoice,Posted,407.7,40.77,448.47,PO-60349,INV-222089,AUD,1.0
TX005212,2026-06-24,2026,2,6,June,D007,C020,V021,R01,P008,Customer Support Tools expense - Customer Service,Invoice,Posted,229.59,22.96,252.55,PO-78798,INV-204287,AUD,1.0
TX005213,2024-09-21,2024,3,9,September,D005,C009,V018,R01,P008,Advertising expense - Sales,Invoice,Posted,1677.36,167.74,1845.1,PO-88232,INV-460517,AUD,1.0
TX005214,2024-04-08,2024,2,4,April,D002,C016,V015,R04,P008,Insurance expense - Finance,Expense Claim,Posted,1719.2,171.92,1891.12,,,AUD,1.0
TX005215,2024-07-03,2024,3,7,July,D003,C007,V030,R02,P008,Training expense - Human Resources,Corporate Card,Posted,120.07,12.01,132.08,,,USD,1.5471
TX005216,2026-04-08,2026,2,4,April,D007,C001,V008,R01,P003,Software & SaaS expense - Customer Service,Direct Debit,Posted,982.92,98.29,1081.21,,INV-923544,AUD,1.0
TX005217,2025-04-17,2025,2,4,April,D003,C008,V004,R04,P001,Recruitment expense - Human Resources,Invoice,Posted,1046.54,104.65,1151.19,PO-16375,INV-955278,AUD,1.0
TX005218,2026-03-21,2026,1,3,March,D001,C005,V012,R03,P008,Consulting expense - Information Technology,Expense Claim,Posted,1457.72,145.77,1603.49,,,AUD,1.0
TX005219,2025-11-13,2025,4,11,November,D007,C001,V001,R01,P008,Software & SaaS expense - Customer Service,Direct Debit,Posted,779.73,77.97,857.7,,INV-876955,AUD,1.0
TX005220,2025-01-13,2025,1,1,January,D003,C008,V030,R02,P008,Recruitment expense - Human Resources,Invoice,Posted,132.67,13.27,145.94,PO-25078,INV-709751,AUD,1.0
TX005221,2024-01-28,2024,1,1,January,D003,C006,V007,R04,P007,Travel expense - Human Resources,Corporate Card,Posted,226.24,22.62,248.86,,,AUD,1.0
TX005222,2026-05-16,2026,2,5,May,D001,C003,V013,R04,P008,Hardware expense - Information Technology,Corporate Card,Posted,1297.96,129.8,1427.76,,,AUD,1.0
TX005223,2025-06-23,2025,2,6,June,D007,C007,V024,R02,P004,Training expense - Customer Service,Invoice,Posted,437.41,43.74,481.15,PO-48502,INV-843866,AUD,1.0
TX005224,2024-10-04,2024,4,10,October,D008,C003,V023,R04,P008,Hardware expense - Facilities,Invoice,Posted,849.24,84.92,934.16,PO-28970,INV-966673,AUD,1.0
TX005225,2024-02-26,2024,1,2,February,D002,C004,V007,R01,P008,Contractors expense - Finance,Invoice,Posted,709.51,70.95,780.46,PO-65776,INV-818538,AUD,1.0
TX005226,2025-04-28,2025,2,4,April,D006,C019,V030,R04,P005,Vehicle Expenses expense - Operations,Expense Claim,Posted,672.44,67.24,739.68,,,AUD,1.0
TX005227,2024-01-28,2024,1,1,January,D007,C020,V033,R02,P007,Customer Support Tools expense - Customer Service,Corporate Card,Posted,570.71,57.07,627.78,,,AUD,1.0
TX005228,2026-05-22,2026,2,5,May,D004,C001,V001,R03,P002,Software & SaaS expense - Marketing,Invoice,Posted,1468.03,146.8,1614.83,PO-70103,INV-174379,AUD,1.0
TX005229,2025-09-25,2025,3,9,September,D001,C005,V027,R03,P008,Consulting expense - Information Technology,Expense Claim,Pending,1097.04,109.7,1206.74,,,AUD,1.0
TX005230,2024-03-28,2024,1,3,March,D004,C009,V027,R04,P008,Advertising expense - Marketing,Invoice,Posted,1803.7,180.37,1984.07,PO-89878,INV-222367,AUD,1.0
TX005231,2026-04-02,2026,2,4,April,D008,C014,V027,R01,P008,Utilities expense - Facilities,Invoice,Accrued,484.26,48.43,532.69,PO-45808,INV-421786,AUD,1.0
TX005232,2024-07-31,2024,3,7,July,D005,C001,V022,R01,P008,Software & SaaS expense - Sales,Corporate Card,Posted,5052.51,505.25,5557.76,,,USD,1.4585
TX005233,2024-04-20,2024,2,4,April,D008,C011,V016,R04,P006,Office Supplies expense - Facilities,Direct Debit,Posted,125.17,12.52,137.69,,INV-665147,AUD,1.0
TX005234,2025-03-10,2025,1,3,March,D004,C004,V014,R01,P008,Contractors expense - Marketing,Invoice,Posted,2073.99,207.4,2281.39,PO-23834,INV-228476,AUD,1.0
TX005235,2024-05-15,2024,2,5,May,D007,C020,V030,R02,P008,Customer Support Tools expense - Customer Service,Invoice,Posted,899.94,89.99,989.93,PO-90060,INV-917338,AUD,1.0
TX005236,2025-11-26,2025,4,11,November,D004,C006,V025,R04,P008,Travel expense - Marketing,Invoice,Posted,557.83,55.78,613.61,PO-81432,INV-246081,AUD,1.0
TX005237,2026-03-01,2026,1,3,March,D007,C007,V008,R01,P008,Training expense - Customer Service,Invoice,Posted,419.85,41.99,461.84,PO-67182,INV-474697,AUD,1.0
TX005238,2026-05-29,2026,2,5,May,D007,C007,V012,R02,P001,Training expense - Customer Service,Invoice,Posted,784.91,78.49,863.4,PO-68003,INV-379999,AUD,1.0
TX005239,2025-08-20,2025,3,8,August,D008,C004,V032,R02,P005,Contractors expense - Facilities,Invoice,Posted,2784.15,278.42,3062.57,PO-52140,INV-468847,AUD,1.0
TX005240,2025-04-30,2025,2,4,April,D003,C001,V005,R03,P008,Software & SaaS expense - Human Resources,Invoice,Posted,1942.23,194.22,2136.45,PO-87448,INV-835329,USD,1.5288
TX005241,2026-06-26,2026,2,6,June,D001,C002,V029,R04,P008,Cloud Services expense - Information Technology,Invoice,Posted,1345.16,134.52,1479.68,PO-21042,INV-907521,AUD,1.0
TX005242,2025-10-20,2025,4,10,October,D002,C004,V015,R05,P001,Contractors expense - Finance,Corporate Card,Posted,843.07,84.31,927.38,,,AUD,1.0
TX005243,2024-10-21,2024,4,10,October,D003,C007,V031,R02,P007,Training expense - Human Resources,Invoice,Posted,159.06,15.91,174.97,PO-85011,INV-446247,AUD,1.0
TX005244,2026-05-29,2026,2,5,May,D006,C006,V035,R02,P008,Travel expense - Operations,Invoice,Posted,462.96,46.3,509.26,PO-32813,INV-669854,AUD,1.0
TX005245,2024-04-04,2024,2,4,April,D008,C013,V019,R01,P002,Rent expense - Facilities,Expense Claim,Posted,1743.21,174.32,1917.53,,,AUD,1.0
TX005246,2026-05-01,2026,2,5,May,D003,C006,V020,R02,P008,Travel expense - Human Resources,Expense Claim,Posted,176.11,17.61,193.72,,,USD,1.5909
TX005247,2024-10-04,2024,4,10,October,D008,C003,V015,R01,P001,Hardware expense - Facilities,Invoice,Posted,1037.26,103.73,1140.99,PO-42143,INV-748725,AUD,1.0
TX005248,2025-10-11,2025,4,10,October,D008,C015,V021,R02,P008,Repairs & Maintenance expense - Facilities,Invoice,Posted,670.71,67.07,737.78,PO-54636,INV-736730,AUD,1.0
TX005249,2025-08-10,2025,3,8,August,D001,C003,V008,R02,P005,Hardware expense - Information Technology,Corporate Card,Posted,1207.09,120.71,1327.8,,,AUD,1.0
TX005250,2026-04-25,2026,2,4,April,D005,C019,V005,R04,P008,Vehicle Expenses expense - Sales,Direct Debit,Posted,2239.73,223.97,2463.7,,INV-147877,AUD,1.0
TX005251,2025-12-20,2025,4,12,December,D001,C004,V014,R01,P007,Contractors expense - Information Technology,Invoice,Posted,1787.25,178.73,1965.98,PO-61946,INV-357268,AUD,1.0
TX005252,2025-05-25,2025,2,5,May,D001,C012,V024,R02,P001,Telecommunications expense - Information Technology,Invoice,Posted,309.4,30.94,340.34,PO-90176,INV-631993,AUD,1.0
TX005253,2024-11-30,2024,4,11,November,D001,C020,V011,R01,P005,Customer Support Tools expense - Information Technology,Corporate Card,Posted,605.29,60.53,665.82,,,AUD,1.0
TX005254,2024-04-27,2024,2,4,April,D005,C001,V032,R01,P008,Software & SaaS expense - Sales,Expense Claim,Posted,1481.93,148.19,1630.12,,,AUD,1.0
TX005255,2024-05-18,2024,2,5,May,D004,C010,V010,R01,P002,Events expense - Marketing,Invoice,Posted,1794.98,179.5,1974.48,PO-74267,INV-391476,AUD,1.0
TX005256,2025-10-30,2025,4,10,October,D001,C001,V010,R04,P004,Software & SaaS expense - Information Technology,Corporate Card,Posted,730.03,73.0,803.03,,,AUD,1.0
TX005257,2024-08-17,2024,3,8,August,D008,C013,V014,R01,P008,Rent expense - Facilities,Invoice,Accrued,1800.55,180.06,1980.61,PO-47450,INV-958743,AUD,1.0
TX005258,2025-05-07,2025,2,5,May,D003,C004,V031,R01,P007,Contractors expense - Human Resources,Corporate Card,Posted,2104.98,210.5,2315.48,,,AUD,1.0
TX005259,2026-03-02,2026,1,3,March,D004,C004,V022,R01,P008,Contractors expense - Marketing,Direct Debit,Posted,1210.56,121.06,1331.62,,INV-814901,USD,1.5031
TX005260,2024-10-05,2024,4,10,October,D002,C017,V033,R02,P001,Legal & Compliance expense - Finance,Corporate Card,Posted,2186.47,218.65,2405.12,,,AUD,1.0
TX005261,2026-01-31,2026,1,1,January,D003,C006,V010,R03,P008,Travel expense - Human Resources,Invoice,Posted,110.47,11.05,121.52,PO-88970,INV-616191,AUD,1.0
TX005262,2025-01-14,2025,1,1,January,D003,C004,V010,R02,P008,Contractors expense - Human Resources,Corporate Card,Posted,2727.33,272.73,3000.06,,,AUD,1.0
TX005263,2026-03-18,2026,1,3,March,D003,C008,V035,R01,P007,Recruitment expense - Human Resources,Direct Debit,Posted,323.03,32.3,355.33,,INV-722942,AUD,1.0
TX005264,2024-11-15,2024,4,11,November,D005,C009,V030,R03,P002,Advertising expense - Sales,Invoice,Posted,6472.71,647.27,7119.98,PO-36764,INV-939946,AUD,1.0
TX005265,2024-09-16,2024,3,9,September,D004,C004,V029,R02,P005,Contractors expense - Marketing,Direct Debit,Posted,5420.92,542.09,5963.01,,INV-343124,AUD,1.0
TX005266,2025-08-31,2025,3,8,August,D004,C001,V025,R01,P008,Software & SaaS expense - Marketing,Direct Debit,Posted,781.16,78.12,859.28,,INV-499747,AUD,1.0
TX005267,2025-12-12,2025,4,12,December,D007,C012,V003,R04,P008,Telecommunications expense - Customer Service,Direct Debit,Posted,315.26,31.53,346.79,,INV-191071,AUD,1.0
TX005268,2025-10-29,2025,4,10,October,D004,C004,V024,R04,P004,Contractors expense - Marketing,Corporate Card,Posted,922.93,92.29,1015.22,,,AUD,1.0
TX005269,2024-07-29,2024,3,7,July,D006,C018,V004,R01,P008,Freight & Logistics expense - Operations,Invoice,Posted,2211.24,221.12,2432.36,PO-35239,INV-961702,AUD,1.0
TX005270,2025-11-08,2025,4,11,November,D003,C001,V009,R05,P008,Software & SaaS expense - Human Resources,Direct Debit,Posted,2092.21,209.22,2301.43,,INV-912289,USD,1.5775
TX005271,2024-02-10,2024,1,2,February,D007,C020,V027,R02,P008,Customer Support Tools expense - Customer Service,Expense Claim,Posted,675.79,67.58,743.37,,,AUD,1.0
TX005272,2025-07-06,2025,3,7,July,D007,C004,V033,R05,P008,Contractors expense - Customer Service,Invoice,Posted,3239.5,323.95,3563.45,PO-91918,INV-696956,AUD,1.0
TX005273,2026-02-18,2026,1,2,February,D006,C018,V002,R04,P002,Freight & Logistics expense - Operations,Invoice,Posted,760.52,76.05,836.57,PO-84525,INV-356713,AUD,1.0
TX005274,2024-05-29,2024,2,5,May,D008,C011,V025,R01,P008,Office Supplies expense - Facilities,Corporate Card,Posted,548.38,54.84,603.22,,,AUD,1.0
TX005275,2024-05-08,2024,2,5,May,D001,C012,V001,R05,P008,Telecommunications expense - Information Technology,Invoice,Posted,611.01,61.1,672.11,PO-89839,INV-174218,AUD,1.0
TX005276,2026-04-25,2026,2,4,April,D002,C016,V008,R02,P006,Insurance expense - Finance,Expense Claim,Posted,1133.03,113.3,1246.33,,,AUD,1.0
TX005277,2026-03-04,2026,1,3,March,D005,C010,V010,R04,P008,Events expense - Sales,Invoice,Posted,611.92,61.19,673.11,PO-29836,INV-553540,AUD,1.0
TX005278,2025-08-21,2025,3,8,August,D001,C001,V030,R02,P001,Software & SaaS expense - Information Technology,Direct Debit,Posted,657.5,65.75,723.25,,INV-420912,AUD,1.0
TX005279,2026-05-29,2026,2,5,May,D004,C010,V018,R01,P008,Events expense - Marketing,Direct Debit,Accrued,953.71,95.37,1049.08,,INV-322997,AUD,1.0
TX005280,2025-07-29,2025,3,7,July,D004,C001,V001,R03,P008,Software & SaaS expense - Marketing,Invoice,Posted,134.98,13.5,148.48,PO-28982,INV-349759,AUD,1.0
TX005281,2026-01-25,2026,1,1,January,D007,C001,V002,R02,P008,Software & SaaS expense - Customer Service,Invoice,Posted,1745.14,174.51,1919.65,PO-91761,INV-761817,AUD,1.0
TX005282,2024-07-30,2024,3,7,July,D003,C001,V007,R01,P008,Software & SaaS expense - Human Resources,Corporate Card,Posted,891.54,89.15,980.69,,,AUD,1.0
TX005283,2025-07-30,2025,3,7,July,D008,C015,V010,R01,P008,Repairs & Maintenance expense - Facilities,Corporate Card,Posted,1026.51,102.65,1129.16,,,USD,1.575
TX005284,2025-03-12,2025,1,3,March,D004,C001,V020,R05,P001,Software & SaaS expense - Marketing,Corporate Card,Posted,793.56,79.36,872.92,,,AUD,1.0
TX005285,2024-10-12,2024,4,10,October,D003,C004,V016,R04,P006,Contractors expense - Human Resources,Corporate Card,Posted,4373.3,437.33,4810.63,,,AUD,1.0
TX005286,2025-05-08,2025,2,5,May,D007,C004,V030,R01,P008,Contractors expense - Customer Service,Corporate Card,Posted,3864.04,386.4,4250.44,,,AUD,1.0
TX005287,2026-06-22,2026,2,6,June,D005,C012,V019,R01,P008,Telecommunications expense - Sales,Direct Debit,Posted,207.34,20.73,228.07,,INV-849558,AUD,1.0
TX005288,2025-06-08,2025,2,6,June,D008,C015,V015,R04,P008,Repairs & Maintenance expense - Facilities,Direct Debit,Posted,350.43,35.04,385.47,,INV-671735,AUD,1.0
TX005289,2024-09-24,2024,3,9,September,D004,C009,V003,R01,P002,Advertising expense - Marketing,Invoice,Posted,1169.72,116.97,1286.69,PO-28821,INV-696626,AUD,1.0
TX005290,2024-11-25,2024,4,11,November,D008,C014,V014,R02,P003,Utilities expense - Facilities,Expense Claim,Accrued,1375.66,137.57,1513.23,,,AUD,1.0
TX005291,2024-12-10,2024,4,12,December,D007,C004,V010,R01,P008,Contractors expense - Customer Service,Invoice,Posted,2163.38,216.34,2379.72,PO-49597,INV-179836,AUD,1.0
TX005292,2024-01-18,2024,1,1,January,D002,C005,V010,R03,P008,Consulting expense - Finance,Invoice,Posted,950.79,95.08,1045.87,PO-62931,INV-213278,AUD,1.0
TX005293,2025-10-09,2025,4,10,October,D003,C006,V016,R05,P008,Travel expense - Human Resources,Invoice,Posted,504.39,50.44,554.83,PO-77103,INV-690276,AUD,1.0
TX005294,2026-06-23,2026,2,6,June,D004,C011,V007,R05,P001,Office Supplies expense - Marketing,Invoice,Posted,192.88,19.29,212.17,PO-29661,INV-966053,AUD,1.0
TX005295,2026-04-30,2026,2,4,April,D007,C020,V023,R02,P008,Customer Support Tools expense - Customer Service,Invoice,Posted,189.01,18.9,207.91,PO-65971,INV-220094,AUD,1.0
TX005296,2024-05-30,2024,2,5,May,D005,C010,V025,R05,P008,Events expense - Sales,Invoice,Posted,377.07,37.71,414.78,PO-83871,INV-265258,AUD,1.0
TX005297,2025-03-19,2025,1,3,March,D006,C018,V003,R03,P008,Freight & Logistics expense - Operations,Corporate Card,Pending,865.04,86.5,951.54,,,AUD,1.0
TX005298,2024-10-11,2024,4,10,October,D003,C006,V030,R03,P008,Travel expense - Human Resources,Direct Debit,Pending,541.39,54.14,595.53,,INV-142820,AUD,1.0
TX005299,2024-02-18,2024,1,2,February,D002,C004,V016,R02,P006,Contractors expense - Finance,Invoice,Posted,282.12,28.21,310.33,PO-20136,INV-345924,AUD,1.0
TX005300,2025-05-11,2025,2,5,May,D003,C011,V003,R01,P008,Office Supplies expense - Human Resources,Invoice,Posted,600.54,60.05,660.59,PO-74553,INV-767142,USD,1.497
TX005301,2024-03-04,2024,1,3,March,D006,C011,V030,R01,P008,Office Supplies expense - Operations,Invoice,Posted,249.38,24.94,274.32,PO-16417,INV-301656,AUD,1.0
TX005302,2024-02-09,2024,1,2,February,D005,C006,V032,R01,P008,Travel expense - Sales,Corporate Card,Posted,503.89,50.39,554.28,,,AUD,1.0
TX005303,2024-04-01,2024,2,4,April,D006,C004,V020,R01,P008,Contractors expense - Operations,Invoice,Accrued,449.85,44.99,494.84,PO-66265,INV-974256,AUD,1.0
TX005304,2024-06-14,2024,2,6,June,D008,C003,V013,R02,P001,Hardware expense - Facilities,Invoice,Posted,447.89,44.79,492.68,PO-60985,INV-571818,AUD,1.0
TX005305,2026-01-17,2026,1,1,January,D007,C007,V003,R03,P007,Training expense - Customer Service,Invoice,Pending,416.12,41.61,457.73,PO-51840,INV-362219,AUD,1.0
TX005306,2025-05-02,2025,2,5,May,D004,C009,V005,R01,P003,Advertising expense - Marketing,Invoice,Posted,2193.57,219.36,2412.93,PO-79284,INV-616731,AUD,1.0
TX005307,2026-03-27,2026,1,3,March,D001,C020,V022,R01,P008,Customer Support Tools expense - Information Technology,Invoice,Posted,460.38,46.04,506.42,PO-91984,INV-597878,AUD,1.0
TX005308,2025-02-12,2025,1,2,February,D004,C011,V008,R01,P008,Office Supplies expense - Marketing,Expense Claim,Posted,313.72,31.37,345.09,,,AUD,1.0
TX005309,2025-02-26,2025,1,2,February,D001,C002,V032,R03,P001,Cloud Services expense - Information Technology,Direct Debit,Posted,762.22,76.22,838.44,,INV-975016,AUD,1.0
TX005310,2025-09-15,2025,3,9,September,D008,C013,V001,R01,P008,Rent expense - Facilities,Invoice,Posted,1541.11,154.11,1695.22,PO-40993,INV-875357,AUD,1.0
TX005311,2024-03-07,2024,1,3,March,D005,C012,V018,R05,P008,Telecommunications expense - Sales,Corporate Card,Posted,563.76,56.38,620.14,,,AUD,1.0
TX005312,2024-02-14,2024,1,2,February,D003,C008,V010,R02,P008,Recruitment expense - Human Resources,Expense Claim,Posted,341.52,34.15,375.67,,,AUD,1.0
TX005313,2026-06-28,2026,2,6,June,D005,C001,V023,R03,P004,Software & SaaS expense - Sales,Invoice,Posted,1291.1,129.11,1420.21,PO-86296,INV-776504,AUD,1.0
TX005314,2024-03-31,2024,1,3,March,D007,C001,V008,R04,P008,Software & SaaS expense - Customer Service,Invoice,Posted,535.21,53.52,588.73,PO-14070,INV-381829,AUD,1.0
TX005315,2025-11-12,2025,4,11,November,D004,C004,V017,R01,P008,Contractors expense - Marketing,Direct Debit,Posted,355.84,35.58,391.42,,INV-386654,AUD,1.0
TX005316,2025-03-01,2025,1,3,March,D002,C017,V033,R01,P003,Legal & Compliance expense - Finance,Expense Claim,Posted,536.37,53.64,590.01,,,AUD,1.0
TX005317,2025-04-22,2025,2,4,April,D005,C019,V017,R03,P008,Vehicle Expenses expense - Sales,Corporate Card,Posted,981.01,98.1,1079.11,,,AUD,1.0
TX005318,2025-03-09,2025,1,3,March,D001,C012,V007,R03,P008,Telecommunications expense - Information Technology,Invoice,Posted,169.83,16.98,186.81,PO-79596,INV-856875,AUD,1.0
TX005319,2024-06-18,2024,2,6,June,D003,C006,V029,R04,P008,Travel expense - Human Resources,Expense Claim,Posted,172.66,17.27,189.93,,,AUD,1.0
TX005320,2026-04-15,2026,2,4,April,D006,C003,V002,R05,P008,Hardware expense - Operations,Invoice,Posted,560.84,56.08,616.92,PO-65237,INV-418169,AUD,1.0
TX005321,2026-03-26,2026,1,3,March,D008,C003,V027,R03,P008,Hardware expense - Facilities,Invoice,Posted,1116.69,111.67,1228.36,PO-63965,INV-241040,AUD,1.0
TX005322,2024-12-06,2024,4,12,December,D007,C020,V024,R01,P002,Customer Support Tools expense - Customer Service,Corporate Card,Accrued,1852.38,185.24,2037.62,,,AUD,1.0
TX005323,2026-03-16,2026,1,3,March,D005,C006,V019,R04,P008,Travel expense - Sales,Invoice,Posted,673.78,67.38,741.16,PO-65343,INV-653185,AUD,1.0
TX005324,2024-03-16,2024,1,3,March,D005,C012,V025,R01,P004,Telecommunications expense - Sales,Invoice,Posted,231.23,23.12,254.35,PO-93608,INV-780515,AUD,1.0
TX005325,2024-05-17,2024,2,5,May,D008,C016,V007,R01,P002,Insurance expense - Facilities,Invoice,Posted,317.69,31.77,349.46,PO-55435,INV-647401,AUD,1.0
TX005326,2025-05-29,2025,2,5,May,D005,C001,V026,R02,P003,Software & SaaS expense - Sales,Invoice,Posted,1850.08,185.01,2035.09,PO-37578,INV-195224,AUD,1.0
TX005327,2026-03-03,2026,1,3,March,D004,C011,V002,R01,P004,Office Supplies expense - Marketing,Invoice,Accrued,212.06,21.21,233.27,PO-26779,INV-213744,AUD,1.0
TX005328,2025-08-26,2025,3,8,August,D004,C010,V011,R05,P003,Events expense - Marketing,Expense Claim,Posted,1563.27,156.33,1719.6,,,AUD,1.0
TX005329,2024-08-18,2024,3,8,August,D002,C001,V031,R01,P008,Software & SaaS expense - Finance,Invoice,Posted,2659.08,265.91,2924.99,PO-43762,INV-754164,AUD,1.0
TX005330,2026-01-19,2026,1,1,January,D004,C001,V012,R04,P008,Software & SaaS expense - Marketing,Invoice,Posted,733.04,73.3,806.34,PO-31879,INV-639350,AUD,1.0
TX005331,2024-10-10,2024,4,10,October,D006,C019,V014,R01,P002,Vehicle Expenses expense - Operations,Direct Debit,Posted,969.56,96.96,1066.52,,INV-559491,AUD,1.0
TX005332,2024-10-26,2024,4,10,October,D002,C005,V027,R05,P008,Consulting expense - Finance,Invoice,Posted,2059.62,205.96,2265.58,PO-16836,INV-973614,AUD,1.0
TX005333,2026-02-10,2026,1,2,February,D002,C007,V027,R02,P008,Training expense - Finance,Corporate Card,Posted,430.92,43.09,474.01,,,AUD,1.0
TX005334,2024-05-31,2024,2,5,May,D005,C001,V033,R01,P006,Software & SaaS expense - Sales,Direct Debit,Accrued,588.26,58.83,647.09,,INV-643747,AUD,1.0
TX005335,2024-04-17,2024,2,4,April,D008,C011,V003,R03,P008,Office Supplies expense - Facilities,Invoice,Posted,207.47,20.75,228.22,PO-12424,INV-551778,AUD,1.0
TX005336,2025-03-05,2025,1,3,March,D006,C019,V024,R01,P005,Vehicle Expenses expense - Operations,Expense Claim,Posted,1587.53,158.75,1746.28,,,AUD,1.0
TX005337,2024-06-02,2024,2,6,June,D007,C012,V009,R01,P001,Telecommunications expense - Customer Service,Invoice,Posted,781.04,78.1,859.14,PO-53391,INV-371662,AUD,1.0
TX005338,2026-06-17,2026,2,6,June,D004,C011,V028,R01,P008,Office Supplies expense - Marketing,Direct Debit,Accrued,173.52,17.35,190.87,,INV-783682,AUD,1.0
TX005339,2026-06-08,2026,2,6,June,D002,C007,V016,R01,P003,Training expense - Finance,Corporate Card,Posted,326.67,32.67,359.34,,,AUD,1.0
TX005340,2025-10-01,2025,4,10,October,D008,C013,V027,R03,P006,Rent expense - Facilities,Invoice,Posted,3736.56,373.66,4110.22,PO-12665,INV-987879,AUD,1.0
TX005341,2025-08-10,2025,3,8,August,D003,C001,V015,R05,P008,Software & SaaS expense - Human Resources,Invoice,Posted,426.25,42.62,468.87,PO-72042,INV-220895,AUD,1.0
TX005342,2025-09-15,2025,3,9,September,D006,C006,V013,R02,P008,Travel expense - Operations,Invoice,Posted,209.37,20.94,230.31,PO-60430,INV-620635,AUD,1.0
TX005343,2025-11-25,2025,4,11,November,D004,C011,V011,R02,P008,Office Supplies expense - Marketing,Corporate Card,Posted,136.53,13.65,150.18,,,AUD,1.0
TX005344,2025-09-19,2025,3,9,September,D004,C001,V024,R01,P002,Software & SaaS expense - Marketing,Direct Debit,Pending,1175.47,117.55,1293.02,,INV-954226,AUD,1.0
TX005345,2024-10-06,2024,4,10,October,D007,C001,V001,R01,P002,Software & SaaS expense - Customer Service,Invoice,Posted,553.25,55.33,608.58,PO-21208,INV-159420,AUD,1.0
TX005346,2025-08-27,2025,3,8,August,D002,C004,V022,R01,P008,Contractors expense - Finance,Invoice,Posted,4747.11,474.71,5221.82,PO-59363,INV-336741,AUD,1.0
TX005347,2025-06-18,2025,2,6,June,D005,C009,V026,R01,P008,Advertising expense - Sales,Invoice,Posted,2396.38,239.64,2636.02,PO-99024,INV-149564,AUD,1.0
TX005348,2024-01-10,2024,1,1,January,D004,C009,V023,R01,P003,Advertising expense - Marketing,Invoice,Posted,1290.88,129.09,1419.97,PO-80530,INV-969099,AUD,1.0
TX005349,2025-12-27,2025,4,12,December,D001,C012,V035,R04,P008,Telecommunications expense - Information Technology,Invoice,Posted,83.62,8.36,91.98,PO-49695,INV-515786,AUD,1.0
TX005350,2024-09-27,2024,3,9,September,D006,C006,V005,R02,P008,Travel expense - Operations,Invoice,Posted,225.96,22.6,248.56,PO-50608,INV-989472,AUD,1.0
TX005351,2024-07-06,2024,3,7,July,D008,C011,V034,R02,P001,Office Supplies expense - Facilities,Expense Claim,Posted,253.3,25.33,278.63,,,AUD,1.0
TX005352,2025-11-26,2025,4,11,November,D007,C007,V032,R01,P008,Training expense - Customer Service,Invoice,Accrued,313.15,31.31,344.46,PO-53746,INV-678097,AUD,1.0
TX005353,2025-10-24,2025,4,10,October,D007,C012,V011,R02,P008,Telecommunications expense - Customer Service,Invoice,Posted,357.27,35.73,393.0,PO-79434,INV-298485,AUD,1.0
TX005354,2026-05-09,2026,2,5,May,D003,C006,V013,R01,P008,Travel expense - Human Resources,Corporate Card,Posted,191.98,19.2,211.18,,,AUD,1.0
TX005355,2024-06-14,2024,2,6,June,D005,C006,V021,R03,P002,Travel expense - Sales,Invoice,Posted,314.28,31.43,345.71,PO-17353,INV-164723,AUD,1.0
TX005356,2026-06-16,2026,2,6,June,D005,C001,V017,R01,P008,Software & SaaS expense - Sales,Invoice,Posted,5589.35,558.94,6148.29,PO-48763,INV-693762,AUD,1.0
TX005357,2025-01-13,2025,1,1,January,D002,C001,V029,R01,P008,Software & SaaS expense - Finance,Invoice,Posted,3746.52,374.65,4121.17,PO-39263,INV-933282,AUD,1.0
TX005358,2024-11-01,2024,4,11,November,D008,C015,V027,R02,P008,Repairs & Maintenance expense - Facilities,Invoice,Posted,504.67,50.47,555.14,PO-73654,INV-984172,AUD,1.0
TX005359,2025-07-21,2025,3,7,July,D003,C001,V009,R03,P008,Software & SaaS expense - Human Resources,Corporate Card,Posted,907.19,90.72,997.91,,,AUD,1.0
TX005360,2025-10-28,2025,4,10,October,D005,C010,V016,R01,P008,Events expense - Sales,Direct Debit,Pending,365.22,36.52,401.74,,INV-637837,AUD,1.0
TX005361,2026-05-22,2026,2,5,May,D008,C004,V014,R01,P002,Contractors expense - Facilities,Invoice,Posted,882.72,88.27,970.99,PO-51906,INV-527575,AUD,1.0
TX005362,2026-03-23,2026,1,3,March,D005,C009,V011,R05,P002,Advertising expense - Sales,Invoice,Pending,877.58,87.76,965.34,PO-29042,INV-752960,AUD,1.0
TX005363,2025-12-28,2025,4,12,December,D001,C012,V034,R01,P007,Telecommunications expense - Information Technology,Direct Debit,Posted,1043.68,104.37,1148.05,,INV-593029,AUD,1.0
TX005364,2024-05-16,2024,2,5,May,D005,C012,V007,R05,P008,Telecommunications expense - Sales,Corporate Card,Accrued,407.64,40.76,448.4,,,AUD,1.0
TX005365,2025-09-11,2025,3,9,September,D001,C005,V021,R04,P008,Consulting expense - Information Technology,Invoice,Posted,1172.66,117.27,1289.93,PO-52145,INV-836403,AUD,1.0
TX005366,2024-01-15,2024,1,1,January,D008,C015,V028,R03,P003,Repairs & Maintenance expense - Facilities,Invoice,Posted,466.18,46.62,512.8,PO-94240,INV-631001,AUD,1.0
TX005367,2024-04-07,2024,2,4,April,D008,C014,V007,R03,P008,Utilities expense - Facilities,Invoice,Posted,1069.3,106.93,1176.23,PO-88590,INV-838325,USD,1.5081
TX005368,2025-02-18,2025,1,2,February,D008,C003,V028,R02,P008,Hardware expense - Facilities,Invoice,Posted,2206.93,220.69,2427.62,PO-74181,INV-199180,AUD,1.0
TX005369,2026-02-14,2026,1,2,February,D005,C001,V027,R02,P008,Software & SaaS expense - Sales,Invoice,Posted,1393.22,139.32,1532.54,PO-31180,INV-216382,AUD,1.0
TX005370,2026-04-09,2026,2,4,April,D003,C007,V009,R01,P008,Training expense - Human Resources,Direct Debit,Posted,87.51,8.75,96.26,,INV-119964,AUD,1.0
TX005371,2025-09-13,2025,3,9,September,D007,C004,V028,R02,P002,Contractors expense - Customer Service,Expense Claim,Posted,1375.41,137.54,1512.95,,,AUD,1.0
TX005372,2024-09-22,2024,3,9,September,D003,C007,V006,R02,P007,Training expense - Human Resources,Invoice,Posted,640.6,64.06,704.66,PO-95239,INV-218424,AUD,1.0
TX005373,2024-05-11,2024,2,5,May,D001,C004,V033,R01,P008,Contractors expense - Information Technology,Invoice,Pending,1595.99,159.6,1755.59,PO-75824,INV-578393,AUD,1.0
TX005374,2025-05-10,2025,2,5,May,D002,C016,V009,R03,P008,Insurance expense - Finance,Invoice,Posted,1658.32,165.83,1824.15,PO-88107,INV-630563,AUD,1.0
TX005375,2024-08-27,2024,3,8,August,D004,C011,V005,R05,P008,Office Supplies expense - Marketing,Corporate Card,Posted,627.73,62.77,690.5,,,AUD,1.0
TX005376,2026-04-18,2026,2,4,April,D005,C006,V009,R01,P001,Travel expense - Sales,Expense Claim,Posted,774.31,77.43,851.74,,,AUD,1.0
TX005377,2024-05-18,2024,2,5,May,D003,C007,V023,R02,P006,Training expense - Human Resources,Invoice,Posted,110.98,11.1,122.08,PO-92112,INV-758548,AUD,1.0
TX005378,2025-04-23,2025,2,4,April,D004,C004,V020,R02,P008,Contractors expense - Marketing,Invoice,Posted,4111.29,411.13,4522.42,PO-27427,INV-959931,AUD,1.0
TX005379,2024-07-25,2024,3,7,July,D006,C019,V018,R01,P008,Vehicle Expenses expense - Operations,Invoice,Posted,2862.09,286.21,3148.3,PO-44001,INV-604183,AUD,1.0
TX005380,2025-06-25,2025,2,6,June,D005,C012,V025,R02,P008,Telecommunications expense - Sales,Invoice,Posted,117.92,11.79,129.71,PO-30116,INV-742694,AUD,1.0
TX005381,2025-12-19,2025,4,12,December,D008,C004,V013,R03,P005,Contractors expense - Facilities,Invoice,Posted,4354.48,435.45,4789.93,PO-96142,INV-373146,AUD,1.0
TX005382,2026-03-25,2026,1,3,March,D001,C004,V028,R02,P001,Contractors expense - Information Technology,Direct Debit,Posted,5596.66,559.67,6156.33,,INV-313913,AUD,1.0
TX005383,2025-10-18,2025,4,10,October,D007,C004,V011,R03,P002,Contractors expense - Customer Service,Invoice,Posted,5395.36,539.54,5934.9,PO-30189,INV-293822,USD,1.5759
TX005384,2026-01-07,2026,1,1,January,D007,C001,V018,R05,P008,Software & SaaS expense - Customer Service,Invoice,Posted,2132.3,213.23,2345.53,PO-69234,INV-953536,AUD,1.0
TX005385,2024-12-09,2024,4,12,December,D005,C019,V004,R01,P008,Vehicle Expenses expense - Sales,Invoice,Posted,1355.57,135.56,1491.13,PO-53029,INV-495259,AUD,1.0
TX005386,2024-11-09,2024,4,11,November,D001,C012,V020,R01,P008,Telecommunications expense - Information Technology,Invoice,Posted,133.83,13.38,147.21,PO-12961,INV-763854,AUD,1.0
TX005387,2025-07-03,2025,3,7,July,D008,C015,V024,R01,P002,Repairs & Maintenance expense - Facilities,Corporate Card,Posted,266.21,26.62,292.83,,,AUD,1.0
TX005388,2024-04-08,2024,2,4,April,D005,C012,V020,R04,P008,Telecommunications expense - Sales,Direct Debit,Posted,214.97,21.5,236.47,,INV-520017,AUD,1.0
TX005389,2025-01-09,2025,1,1,January,D005,C019,V005,R01,P008,Vehicle Expenses expense - Sales,Invoice,Posted,4814.51,481.45,5295.96,PO-29894,INV-547759,AUD,1.0
TX005390,2025-11-28,2025,4,11,November,D006,C019,V011,R02,P008,Vehicle Expenses expense - Operations,Invoice,Posted,739.84,73.98,813.82,PO-22745,INV-586080,AUD,1.0
TX005391,2026-03-17,2026,1,3,March,D002,C017,V003,R01,P008,Legal & Compliance expense - Finance,Invoice,Posted,718.68,71.87,790.55,PO-23545,INV-413325,USD,1.5475
TX005392,2025-02-21,2025,1,2,February,D003,C011,V008,R05,P008,Office Supplies expense - Human Resources,Invoice,Posted,1125.34,112.53,1237.87,PO-57497,INV-602171,AUD,1.0
TX005393,2024-10-08,2024,4,10,October,D002,C004,V031,R04,P008,Contractors expense - Finance,Invoice,Posted,1518.83,151.88,1670.71,PO-19310,INV-664985,AUD,1.0
TX005394,2025-01-31,2025,1,1,January,D005,C019,V004,R01,P008,Vehicle Expenses expense - Sales,Invoice,Posted,418.82,41.88,460.7,PO-78244,INV-896745,AUD,1.0
TX005395,2026-04-02,2026,2,4,April,D004,C006,V031,R03,P005,Travel expense - Marketing,Invoice,Posted,266.52,26.65,293.17,PO-20907,INV-862264,AUD,1.0
TX005396,2024-07-06,2024,3,7,July,D002,C004,V022,R01,P008,Contractors expense - Finance,Corporate Card,Posted,986.88,98.69,1085.57,,,AUD,1.0
TX005397,2024-06-17,2024,2,6,June,D007,C012,V003,R02,P003,Telecommunications expense - Customer Service,Invoice,Accrued,159.06,15.91,174.97,PO-15695,INV-983534,AUD,1.0
TX005398,2026-06-06,2026,2,6,June,D001,C012,V020,R01,P008,Telecommunications expense - Information Technology,Invoice,Posted,832.53,83.25,915.78,PO-59260,INV-194312,AUD,1.0
TX005399,2026-06-01,2026,2,6,June,D006,C006,V010,R04,P004,Travel expense - Operations,Invoice,Posted,263.5,26.35,289.85,PO-18469,INV-154310,AUD,1.0
TX005400,2024-11-15,2024,4,11,November,D006,C004,V027,R04,P008,Contractors expense - Operations,Expense Claim,Accrued,1036.49,103.65,1140.14,,,AUD,1.0
TX005401,2025-09-25,2025,3,9,September,D001,C012,V021,R03,P008,Telecommunications expense - Information Technology,Corporate Card,Posted,521.84,52.18,574.02,,,AUD,1.0
TX005402,2024-10-27,2024,4,10,October,D007,C007,V032,R05,P008,Training expense - Customer Service,Invoice,Posted,162.31,16.23,178.54,PO-65476,INV-628689,AUD,1.0
TX005403,2024-02-03,2024,1,2,February,D003,C008,V035,R01,P004,Recruitment expense - Human Resources,Expense Claim,Posted,779.82,77.98,857.8,,,AUD,1.0
TX005404,2024-12-03,2024,4,12,December,D003,C007,V032,R01,P008,Training expense - Human Resources,Invoice,Posted,218.12,21.81,239.93,PO-29139,INV-751923,AUD,1.0
TX005405,2025-10-18,2025,4,10,October,D001,C012,V006,R05,P008,Telecommunications expense - Information Technology,Corporate Card,Posted,279.19,27.92,307.11,,,AUD,1.0
TX005406,2024-09-09,2024,3,9,September,D006,C019,V028,R04,P008,Vehicle Expenses expense - Operations,Invoice,Accrued,355.92,35.59,391.51,PO-10945,INV-313487,AUD,1.0
TX005407,2025-05-22,2025,2,5,May,D005,C019,V010,R03,P008,Vehicle Expenses expense - Sales,Invoice,Posted,471.68,47.17,518.85,PO-77185,INV-916406,AUD,1.0
TX005408,2025-01-30,2025,1,1,January,D001,C001,V021,R03,P008,Software & SaaS expense - Information Technology,Invoice,Posted,927.88,92.79,1020.67,PO-34696,INV-703157,AUD,1.0
TX005409,2025-12-01,2025,4,12,December,D005,C010,V005,R02,P008,Events expense - Sales,Invoice,Posted,4910.54,491.05,5401.59,PO-96976,INV-867100,AUD,1.0
TX005410,2024-01-08,2024,1,1,January,D006,C003,V002,R03,P008,Hardware expense - Operations,Direct Debit,Posted,1170.97,117.1,1288.07,,INV-994395,AUD,1.0
TX005411,2024-08-08,2024,3,8,August,D003,C007,V009,R04,P008,Training expense - Human Resources,Invoice,Posted,433.06,43.31,476.37,PO-42515,INV-126431,AUD,1.0
TX005412,2025-06-05,2025,2,6,June,D008,C016,V011,R01,P004,Insurance expense - Facilities,Invoice,Posted,254.45,25.45,279.9,PO-82572,INV-784309,AUD,1.0
TX005413,2025-07-22,2025,3,7,July,D008,C015,V006,R01,P008,Repairs & Maintenance expense - Facilities,Invoice,Posted,193.95,19.39,213.34,PO-74943,INV-279416,AUD,1.0
TX005414,2024-06-29,2024,2,6,June,D005,C012,V029,R01,P002,Telecommunications expense - Sales,Invoice,Posted,228.2,22.82,251.02,PO-97030,INV-152478,AUD,1.0
TX005415,2024-02-24,2024,1,2,February,D004,C011,V032,R03,P005,Office Supplies expense - Marketing,Invoice,Posted,420.03,42.0,462.03,PO-87672,INV-394502,AUD,1.0
TX005416,2024-09-07,2024,3,9,September,D008,C011,V014,R02,P001,Office Supplies expense - Facilities,Invoice,Posted,167.13,16.71,183.84,PO-34127,INV-631932,AUD,1.0
TX005417,2025-02-12,2025,1,2,February,D004,C009,V015,R05,P008,Advertising expense - Marketing,Expense Claim,Posted,541.95,54.2,596.15,,,AUD,1.0
TX005418,2025-03-04,2025,1,3,March,D005,C001,V004,R03,P005,Software & SaaS expense - Sales,Invoice,Accrued,572.35,57.24,629.59,PO-55254,INV-409283,AUD,1.0
TX005419,2024-03-03,2024,1,3,March,D007,C020,V033,R02,P002,Customer Support Tools expense - Customer Service,Invoice,Pending,828.48,82.85,911.33,PO-42305,INV-754963,AUD,1.0
TX005420,2024-09-10,2024,3,9,September,D001,C001,V010,R02,P008,Software & SaaS expense - Information Technology,Invoice,Posted,282.68,28.27,310.95,PO-35167,INV-549874,AUD,1.0
TX005421,2025-05-17,2025,2,5,May,D004,C001,V011,R03,P008,Software & SaaS expense - Marketing,Invoice,Posted,1507.1,150.71,1657.81,PO-86056,INV-756532,AUD,1.0
TX005422,2024-06-11,2024,2,6,June,D007,C020,V032,R04,P007,Customer Support Tools expense - Customer Service,Invoice,Posted,917.27,91.73,1009.0,PO-92590,INV-990615,AUD,1.0
TX005423,2025-08-05,2025,3,8,August,D007,C020,V013,R02,P008,Customer Support Tools expense - Customer Service,Invoice,Posted,532.41,53.24,585.65,PO-56625,INV-497225,AUD,1.0
TX005424,2026-02-15,2026,1,2,February,D008,C011,V032,R01,P008,Office Supplies expense - Facilities,Expense Claim,Posted,82.79,8.28,91.07,,,AUD,1.0
TX005425,2025-06-04,2025,2,6,June,D006,C003,V008,R02,P008,Hardware expense - Operations,Direct Debit,Posted,816.82,81.68,898.5,,INV-159462,AUD,1.0
TX005426,2024-09-07,2024,3,9,September,D003,C007,V017,R03,P002,Training expense - Human Resources,Invoice,Posted,250.02,25.0,275.02,PO-75453,INV-177595,AUD,1.0
TX005427,2025-09-30,2025,3,9,September,D003,C011,V006,R01,P005,Office Supplies expense - Human Resources,Invoice,Posted,303.32,30.33,333.65,PO-73816,INV-632936,AUD,1.0
TX005428,2026-05-06,2026,2,5,May,D004,C004,V021,R03,P008,Contractors expense - Marketing,Invoice,Posted,1065.53,106.55,1172.08,PO-92271,INV-555111,AUD,1.0
TX005429,2025-03-20,2025,1,3,March,D001,C020,V002,R01,P001,Customer Support Tools expense - Information Technology,Direct Debit,Posted,1442.47,144.25,1586.72,,INV-570873,AUD,1.0
TX005430,2024-02-12,2024,1,2,February,D002,C006,V006,R01,P008,Travel expense - Finance,Direct Debit,Posted,715.28,71.53,786.81,,INV-891728,AUD,1.0
TX005431,2024-10-16,2024,4,10,October,D005,C001,V016,R01,P005,Software & SaaS expense - Sales,Corporate Card,Posted,1286.35,128.63,1414.98,,,AUD,1.0
TX005432,2024-07-09,2024,3,7,July,D004,C004,V020,R02,P004,Contractors expense - Marketing,Invoice,Accrued,4425.36,442.54,4867.9,PO-76015,INV-706082,AUD,1.0
TX005433,2024-08-01,2024,3,8,August,D005,C010,V021,R02,P004,Events expense - Sales,Corporate Card,Posted,402.38,40.24,442.62,,,AUD,1.0
TX005434,2024-07-03,2024,3,7,July,D003,C011,V025,R02,P007,Office Supplies expense - Human Resources,Corporate Card,Posted,154.02,15.4,169.42,,,AUD,1.0
TX005435,2024-10-20,2024,4,10,October,D007,C004,V015,R02,P005,Contractors expense - Customer Service,Invoice,Posted,1677.61,167.76,1845.37,PO-84913,INV-718199,AUD,1.0
TX005436,2024-04-10,2024,2,4,April,D001,C002,V017,R05,P008,Cloud Services expense - Information Technology,Invoice,Posted,623.24,62.32,685.56,PO-37731,INV-838447,AUD,1.0
TX005437,2025-09-14,2025,3,9,September,D002,C001,V005,R03,P008,Software & SaaS expense - Finance,Corporate Card,Accrued,1054.9,105.49,1160.39,,,AUD,1.0
TX005438,2024-04-17,2024,2,4,April,D007,C001,V029,R04,P008,Software & SaaS expense - Customer Service,Invoice,Posted,851.47,85.15,936.62,PO-98980,INV-204756,AUD,1.0
TX005439,2025-10-16,2025,4,10,October,D001,C002,V034,R04,P008,Cloud Services expense - Information Technology,Expense Claim,Posted,1682.9,168.29,1851.19,,,AUD,1.0
TX005440,2026-04-06,2026,2,4,April,D003,C011,V004,R02,P001,Office Supplies expense - Human Resources,Direct Debit,Posted,458.1,45.81,503.91,,INV-793098,AUD,1.0
TX005441,2025-10-31,2025,4,10,October,D008,C003,V034,R04,P005,Hardware expense - Facilities,Invoice,Posted,614.53,61.45,675.98,PO-16956,INV-160041,AUD,1.0
TX005442,2025-07-08,2025,3,7,July,D007,C012,V005,R02,P008,Telecommunications expense - Customer Service,Invoice,Posted,287.64,28.76,316.4,PO-41670,INV-908027,USD,1.4733
TX005443,2024-09-03,2024,3,9,September,D004,C009,V023,R01,P007,Advertising expense - Marketing,Invoice,Accrued,879.36,87.94,967.3,PO-83805,INV-999354,AUD,1.0
TX005444,2024-05-26,2024,2,5,May,D001,C003,V024,R01,P008,Hardware expense - Information Technology,Invoice,Posted,384.37,38.44,422.81,PO-99383,INV-159710,AUD,1.0
TX005445,2026-06-08,2026,2,6,June,D008,C013,V024,R01,P008,Rent expense - Facilities,Expense Claim,Posted,2165.81,216.58,2382.39,,,AUD,1.0
TX005446,2024-02-04,2024,1,2,February,D008,C003,V001,R01,P008,Hardware expense - Facilities,Invoice,Posted,1677.5,167.75,1845.25,PO-31084,INV-236663,AUD,1.0
TX005447,2024-05-29,2024,2,5,May,D008,C004,V015,R03,P008,Contractors expense - Facilities,Direct Debit,Posted,4412.1,441.21,4853.31,,INV-793666,AUD,1.0
TX005448,2025-05-10,2025,2,5,May,D004,C006,V035,R01,P005,Travel expense - Marketing,Corporate Card,Accrued,521.93,52.19,574.12,,,AUD,1.0
TX005449,2025-11-23,2025,4,11,November,D004,C009,V029,R04,P008,Advertising expense - Marketing,Invoice,Posted,2580.4,258.04,2838.44,PO-36594,INV-528609,AUD,1.0
TX005450,2025-03-29,2025,1,3,March,D002,C016,V017,R05,P008,Insurance expense - Finance,Direct Debit,Posted,1111.94,111.19,1223.13,,INV-452886,AUD,1.0
TX005451,2025-05-09,2025,2,5,May,D003,C004,V030,R01,P008,Contractors expense - Human Resources,Invoice,Posted,989.39,98.94,1088.33,PO-19599,INV-384354,AUD,1.0
TX005452,2025-07-05,2025,3,7,July,D008,C016,V019,R02,P008,Insurance expense - Facilities,Invoice,Posted,204.71,20.47,225.18,PO-77554,INV-894285,AUD,1.0
TX005453,2026-01-09,2026,1,1,January,D001,C005,V034,R02,P008,Consulting expense - Information Technology,Invoice,Posted,1402.14,140.21,1542.35,PO-79046,INV-902707,AUD,1.0
TX005454,2026-06-07,2026,2,6,June,D002,C006,V023,R04,P008,Travel expense - Finance,Expense Claim,Posted,875.12,87.51,962.63,,,AUD,1.0
TX005455,2024-12-25,2024,4,12,December,D006,C004,V002,R04,P001,Contractors expense - Operations,Invoice,Posted,2518.67,251.87,2770.54,PO-36267,INV-868996,AUD,1.0
TX005456,2025-05-02,2025,2,5,May,D007,C001,V034,R03,P008,Software & SaaS expense - Customer Service,Expense Claim,Posted,484.44,48.44,532.88,,,AUD,1.0
TX005457,2024-04-26,2024,2,4,April,D006,C018,V014,R03,P008,Freight & Logistics expense - Operations,Invoice,Posted,2155.46,215.55,2371.01,PO-45568,INV-334718,AUD,1.0
TX005458,2025-10-06,2025,4,10,October,D007,C001,V034,R01,P008,Software & SaaS expense - Customer Service,Invoice,Posted,1035.63,103.56,1139.19,PO-67511,INV-867864,AUD,1.0
TX005459,2024-11-20,2024,4,11,November,D001,C004,V019,R05,P001,Contractors expense - Information Technology,Expense Claim,Posted,2789.44,278.94,3068.38,,,AUD,1.0
TX005460,2024-01-14,2024,1,1,January,D007,C020,V015,R03,P005,Customer Support Tools expense - Customer Service,Invoice,Posted,1092.43,109.24,1201.67,PO-61256,INV-939135,USD,1.5668
TX005461,2026-04-07,2026,2,4,April,D007,C004,V025,R02,P006,Contractors expense - Customer Service,Corporate Card,Posted,5065.13,506.51,5571.64,,,AUD,1.0
TX005462,2026-05-20,2026,2,5,May,D005,C012,V021,R01,P007,Telecommunications expense - Sales,Direct Debit,Posted,420.4,42.04,462.44,,INV-606018,AUD,1.0
TX005463,2024-02-05,2024,1,2,February,D005,C012,V008,R01,P008,Telecommunications expense - Sales,Invoice,Posted,437.35,43.74,481.09,PO-37041,INV-657722,AUD,1.0
TX005464,2026-05-11,2026,2,5,May,D004,C001,V004,R02,P003,Software & SaaS expense - Marketing,Direct Debit,Posted,335.27,33.53,368.8,,INV-161932,AUD,1.0
TX005465,2026-01-26,2026,1,1,January,D005,C001,V006,R03,P008,Software & SaaS expense - Sales,Invoice,Posted,465.04,46.5,511.54,PO-93206,INV-108422,AUD,1.0
TX005466,2024-07-21,2024,3,7,July,D006,C018,V024,R04,P008,Freight & Logistics expense - Operations,Direct Debit,Posted,6887.4,688.74,7576.14,,INV-815123,AUD,1.0
TX005467,2024-05-14,2024,2,5,May,D003,C007,V014,R01,P008,Training expense - Human Resources,Corporate Card,Posted,87.18,8.72,95.9,,,AUD,1.0
TX005468,2025-10-19,2025,4,10,October,D007,C007,V026,R01,P008,Training expense - Customer Service,Invoice,Posted,69.17,6.92,76.09,PO-80179,INV-795837,AUD,1.0
TX005469,2025-11-07,2025,4,11,November,D002,C017,V008,R03,P003,Legal & Compliance expense - Finance,Corporate Card,Posted,1213.7,121.37,1335.07,,,AUD,1.0
TX005470,2025-11-23,2025,4,11,November,D002,C001,V011,R01,P001,Software & SaaS expense - Finance,Expense Claim,Posted,1566.68,156.67,1723.35,,,USD,1.5709
TX005471,2024-02-26,2024,1,2,February,D003,C007,V032,R04,P001,Training expense - Human Resources,Direct Debit,Posted,296.62,29.66,326.28,,INV-357306,AUD,1.0
TX005472,2024-05-15,2024,2,5,May,D004,C006,V010,R05,P004,Travel expense - Marketing,Corporate Card,Posted,1025.24,102.52,1127.76,,,AUD,1.0
TX005473,2025-06-13,2025,2,6,June,D002,C006,V018,R01,P002,Travel expense - Finance,Invoice,Posted,1519.06,151.91,1670.97,PO-12822,INV-600959,AUD,1.0
TX005474,2025-03-10,2025,1,3,March,D003,C001,V027,R03,P008,Software & SaaS expense - Human Resources,Corporate Card,Posted,590.31,59.03,649.34,,,AUD,1.0
TX005475,2024-01-24,2024,1,1,January,D007,C001,V005,R01,P004,Software & SaaS expense - Customer Service,Invoice,Posted,820.44,82.04,902.48,PO-99509,INV-700515,AUD,1.0
TX005476,2024-09-17,2024,3,9,September,D002,C016,V023,R01,P004,Insurance expense - Finance,Invoice,Posted,866.98,86.7,953.68,PO-29949,INV-328374,AUD,1.0
TX005477,2026-02-02,2026,1,2,February,D008,C014,V012,R04,P008,Utilities expense - Facilities,Corporate Card,Posted,906.52,90.65,997.17,,,AUD,1.0
TX005478,2025-03-27,2025,1,3,March,D008,C016,V024,R01,P008,Insurance expense - Facilities,Invoice,Posted,258.17,25.82,283.99,PO-17865,INV-227683,AUD,1.0
TX005479,2024-07-15,2024,3,7,July,D006,C018,V011,R02,P002,Freight & Logistics expense - Operations,Corporate Card,Posted,713.32,71.33,784.65,,,AUD,1.0
TX005480,2025-07-26,2025,3,7,July,D004,C001,V008,R04,P008,Software & SaaS expense - Marketing,Invoice,Posted,205.31,20.53,225.84,PO-13501,INV-423711,AUD,1.0
TX005481,2026-02-27,2026,1,2,February,D002,C001,V005,R03,P003,Software & SaaS expense - Finance,Invoice,Posted,1399.28,139.93,1539.21,PO-65720,INV-823289,AUD,1.0
TX005482,2024-05-01,2024,2,5,May,D001,C012,V025,R04,P008,Telecommunications expense - Information Technology,Direct Debit,Posted,210.89,21.09,231.98,,INV-126463,AUD,1.0
TX005483,2024-07-17,2024,3,7,July,D005,C012,V015,R04,P002,Telecommunications expense - Sales,Invoice,Posted,558.17,55.82,613.99,PO-13869,INV-668145,AUD,1.0
TX005484,2024-12-15,2024,4,12,December,D008,C011,V032,R05,P008,Office Supplies expense - Facilities,Invoice,Posted,199.33,19.93,219.26,PO-43124,INV-347135,AUD,1.0
TX005485,2024-06-05,2024,2,6,June,D003,C011,V025,R01,P006,Office Supplies expense - Human Resources,Direct Debit,Accrued,45,4.5,49.5,,INV-724222,AUD,1.0
TX005486,2025-09-19,2025,3,9,September,D007,C001,V011,R02,P003,Software & SaaS expense - Customer Service,Invoice,Posted,824.79,82.48,907.27,PO-47067,INV-637297,AUD,1.0
TX005487,2024-05-18,2024,2,5,May,D005,C001,V010,R01,P008,Software & SaaS expense - Sales,Corporate Card,Pending,1055.25,105.53,1160.78,,,AUD,1.0
TX005488,2024-09-01,2024,3,9,September,D004,C011,V031,R03,P004,Office Supplies expense - Marketing,Invoice,Pending,48.63,4.86,53.49,PO-86735,INV-745599,AUD,1.0
TX005489,2025-09-13,2025,3,9,September,D007,C012,V004,R04,P004,Telecommunications expense - Customer Service,Invoice,Posted,76.23,7.62,83.85,PO-23396,INV-665665,AUD,1.0
TX005490,2026-03-03,2026,1,3,March,D006,C019,V030,R04,P004,Vehicle Expenses expense - Operations,Direct Debit,Posted,369.08,36.91,405.99,,INV-758217,AUD,1.0
TX005491,2025-04-03,2025,2,4,April,D004,C006,V034,R02,P008,Travel expense - Marketing,Invoice,Posted,1185.33,118.53,1303.86,PO-72095,INV-163721,AUD,1.0
TX005492,2024-04-05,2024,2,4,April,D006,C019,V010,R03,P004,Vehicle Expenses expense - Operations,Corporate Card,Posted,1255.43,125.54,1380.97,,,AUD,1.0
TX005493,2025-01-18,2025,1,1,January,D008,C013,V011,R04,P008,Rent expense - Facilities,Invoice,Posted,1186.36,118.64,1305.0,PO-88097,INV-154728,AUD,1.0
TX005494,2025-07-21,2025,3,7,July,D007,C007,V016,R01,P008,Training expense - Customer Service,Invoice,Posted,473.83,47.38,521.21,PO-20372,INV-271663,AUD,1.0
TX005495,2026-06-14,2026,2,6,June,D005,C019,V005,R05,P008,Vehicle Expenses expense - Sales,Expense Claim,Posted,529.63,52.96,582.59,,,AUD,1.0
TX005496,2026-01-12,2026,1,1,January,D001,C020,V026,R02,P008,Customer Support Tools expense - Information Technology,Direct Debit,Posted,399.07,39.91,438.98,,INV-392062,AUD,1.0
TX005497,2025-04-10,2025,2,4,April,D001,C020,V028,R02,P008,Customer Support Tools expense - Information Technology,Invoice,Posted,680.45,68.05,748.5,PO-30335,INV-473945,AUD,1.0
TX005498,2024-05-16,2024,2,5,May,D007,C007,V029,R03,P005,Training expense - Customer Service,Invoice,Posted,195.0,19.5,214.5,PO-11016,INV-138021,AUD,1.0
TX005499,2026-06-10,2026,2,6,June,D006,C011,V023,R04,P008,Office Supplies expense - Operations,Corporate Card,Posted,378.12,37.81,415.93,,,AUD,1.0
TX005500,2024-06-10,2024,2,6,June,D008,C016,V024,R01,P008,Insurance expense - Facilities,Invoice,Posted,528.72,52.87,581.59,PO-31918,INV-304438,AUD,1.0
TX005501,2025-07-25,2025,3,7,July,D005,C009,V016,R02,P008,Advertising expense - Sales,Invoice,Posted,2459.3,245.93,2705.23,PO-61973,INV-311096,AUD,1.0
TX005502,2025-05-13,2025,2,5,May,D002,C016,V028,R04,P002,Insurance expense - Finance,Invoice,Posted,476.28,47.63,523.91,PO-55030,INV-906570,AUD,1.0
TX005503,2024-09-23,2024,3,9,September,D004,C006,V032,R03,P008,Travel expense - Marketing,Direct Debit,Posted,656.53,65.65,722.18,,INV-894729,AUD,1.0
TX005504,2025-06-03,2025,2,6,June,D005,C001,V034,R04,P008,Software & SaaS expense - Sales,Direct Debit,Posted,954.35,95.44,1049.79,,INV-694957,AUD,1.0
TX005505,2024-07-22,2024,3,7,July,D002,C007,V015,R03,P003,Training expense - Finance,Invoice,Posted,439.27,43.93,483.2,PO-28404,INV-298185,AUD,1.0
TX005506,2026-05-11,2026,2,5,May,D004,C006,V016,R01,P008,Travel expense - Marketing,Corporate Card,Accrued,2421.39,242.14,2663.53,,,AUD,1.0
TX005507,2024-08-03,2024,3,8,August,D008,C015,V015,R02,P003,Repairs & Maintenance expense - Facilities,Invoice,Posted,347.43,34.74,382.17,PO-92445,INV-971639,AUD,1.0
TX005508,2026-04-08,2026,2,4,April,D006,C018,V034,R03,P001,Freight & Logistics expense - Operations,Corporate Card,Posted,1666.59,166.66,1833.25,,,AUD,1.0
TX005509,2025-05-14,2025,2,5,May,D005,C010,V012,R01,P008,Events expense - Sales,Invoice,Posted,739.27,73.93,813.2,PO-46422,INV-943839,AUD,1.0
TX005510,2025-06-20,2025,2,6,June,D008,C003,V003,R01,P002,Hardware expense - Facilities,Invoice,Posted,9319.07,931.91,10250.98,PO-92501,INV-383229,AUD,1.0
TX005511,2025-03-29,2025,1,3,March,D007,C004,V032,R01,P008,Contractors expense - Customer Service,Invoice,Posted,3778.51,377.85,4156.36,PO-68772,INV-922428,AUD,1.0
TX005512,2024-02-11,2024,1,2,February,D002,C004,V030,R04,P003,Contractors expense - Finance,Invoice,Accrued,1521.3,152.13,1673.43,PO-74636,INV-723693,AUD,1.0
TX005513,2025-08-01,2025,3,8,August,D008,C003,V029,R04,P008,Hardware expense - Facilities,Invoice,Posted,622.99,62.3,685.29,PO-26825,INV-240332,AUD,1.0
TX005514,2024-03-16,2024,1,3,March,D002,C004,V028,R04,P008,Contractors expense - Finance,Invoice,Posted,9003.77,900.38,9904.15,PO-71900,INV-115204,AUD,1.0
TX005515,2025-09-22,2025,3,9,September,D005,C001,V032,R03,P008,Software & SaaS expense - Sales,Direct Debit,Posted,556.36,55.64,612.0,,INV-793129,AUD,1.0
TX005516,2025-10-14,2025,4,10,October,D005,C009,V025,R03,P003,Advertising expense - Sales,Corporate Card,Pending,1719.4,171.94,1891.34,,,AUD,1.0
TX005517,2024-12-23,2024,4,12,December,D004,C011,V015,R04,P001,Office Supplies expense - Marketing,Invoice,Posted,45,4.5,49.5,PO-37807,INV-143619,AUD,1.0
TX005518,2025-12-04,2025,4,12,December,D002,C017,V015,R01,P008,Legal & Compliance expense - Finance,Invoice,Posted,371.51,37.15,408.66,PO-71521,INV-799858,AUD,1.0
TX005519,2024-06-21,2024,2,6,June,D007,C012,V021,R04,P008,Telecommunications expense - Customer Service,Corporate Card,Posted,2045.27,204.53,2249.8,,,AUD,1.0
TX005520,2025-08-30,2025,3,8,August,D002,C006,V012,R04,P008,Travel expense - Finance,Direct Debit,Posted,651.09,65.11,716.2,,INV-835327,AUD,1.0
TX005521,2024-06-14,2024,2,6,June,D003,C007,V034,R01,P008,Training expense - Human Resources,Expense Claim,Posted,306.66,30.67,337.33,,,AUD,1.0
TX005522,2024-04-16,2024,2,4,April,D008,C014,V010,R01,P008,Utilities expense - Facilities,Direct Debit,Posted,267.15,26.71,293.86,,INV-286586,AUD,1.0
TX005523,2024-03-14,2024,1,3,March,D002,C016,V022,R04,P008,Insurance expense - Finance,Invoice,Posted,377.06,37.71,414.77,PO-69995,INV-712686,USD,1.4945
TX005524,2025-08-05,2025,3,8,August,D008,C014,V022,R02,P004,Utilities expense - Facilities,Expense Claim,Posted,328.4,32.84,361.24,,,AUD,1.0
TX005525,2025-04-22,2025,2,4,April,D005,C010,V026,R01,P008,Events expense - Sales,Invoice,Posted,293.86,29.39,323.25,PO-13343,INV-544106,AUD,1.0
TX005526,2025-07-04,2025,3,7,July,D007,C007,V004,R03,P003,Training expense - Customer Service,Corporate Card,Posted,60.73,6.07,66.8,,,AUD,1.0
TX005527,2025-04-21,2025,2,4,April,D001,C003,V019,R01,P008,Hardware expense - Information Technology,Expense Claim,Posted,890.68,89.07,979.75,,,AUD,1.0
TX005528,2024-10-29,2024,4,10,October,D006,C003,V004,R02,P004,Hardware expense - Operations,Direct Debit,Posted,2282.47,228.25,2510.72,,INV-564215,AUD,1.0
TX005529,2024-11-26,2024,4,11,November,D003,C001,V025,R04,P004,Software & SaaS expense - Human Resources,Invoice,Posted,1207.44,120.74,1328.18,PO-87136,INV-221710,AUD,1.0
TX005530,2026-01-26,2026,1,1,January,D003,C001,V022,R02,P007,Software & SaaS expense - Human Resources,Invoice,Posted,1983.87,198.39,2182.26,PO-71628,INV-646314,AUD,1.0
TX005531,2026-02-20,2026,1,2,February,D007,C004,V012,R01,P008,Contractors expense - Customer Service,Corporate Card,Posted,1462.67,146.27,1608.94,,,AUD,1.0
TX005532,2025-08-06,2025,3,8,August,D005,C012,V026,R01,P004,Telecommunications expense - Sales,Invoice,Posted,390.3,39.03,429.33,PO-55633,INV-391221,AUD,1.0
TX005533,2025-04-07,2025,2,4,April,D006,C003,V027,R01,P001,Hardware expense - Operations,Invoice,Posted,2217.64,221.76,2439.4,PO-11837,INV-801961,AUD,1.0
TX005534,2025-09-15,2025,3,9,September,D007,C020,V002,R01,P003,Customer Support Tools expense - Customer Service,Invoice,Posted,2756.44,275.64,3032.08,PO-97949,INV-422060,AUD,1.0
TX005535,2025-03-29,2025,1,3,March,D007,C007,V019,R05,P005,Training expense - Customer Service,Invoice,Posted,879.74,87.97,967.71,PO-74299,INV-270443,AUD,1.0
TX005536,2024-03-10,2024,1,3,March,D004,C001,V002,R01,P002,Software & SaaS expense - Marketing,Invoice,Posted,1037.34,103.73,1141.07,PO-47355,INV-540276,AUD,1.0
TX005537,2024-06-09,2024,2,6,June,D001,C020,V020,R04,P008,Customer Support Tools expense - Information Technology,Invoice,Posted,468.81,46.88,515.69,PO-48871,INV-308777,AUD,1.0
TX005538,2025-09-11,2025,3,9,September,D008,C013,V023,R04,P002,Rent expense - Facilities,Invoice,Posted,1328.23,132.82,1461.05,PO-37483,INV-838145,AUD,1.0
TX005539,2024-06-24,2024,2,6,June,D006,C006,V016,R04,P005,Travel expense - Operations,Invoice,Posted,1101.65,110.17,1211.82,PO-43091,INV-175408,AUD,1.0
TX005540,2024-07-12,2024,3,7,July,D001,C004,V017,R03,P004,Contractors expense - Information Technology,Invoice,Posted,783.44,78.34,861.78,PO-27920,INV-294576,AUD,1.0
TX005541,2024-05-06,2024,2,5,May,D003,C004,V001,R03,P008,Contractors expense - Human Resources,Direct Debit,Posted,2118.41,211.84,2330.25,,INV-659646,AUD,1.0
TX005542,2025-09-14,2025,3,9,September,D008,C016,V028,R01,P003,Insurance expense - Facilities,Direct Debit,Posted,198.55,19.86,218.41,,INV-401195,AUD,1.0
TX005543,2024-04-21,2024,2,4,April,D001,C020,V032,R04,P008,Customer Support Tools expense - Information Technology,Invoice,Posted,657.51,65.75,723.26,PO-61492,INV-301005,AUD,1.0
TX005544,2025-11-11,2025,4,11,November,D008,C013,V019,R01,P006,Rent expense - Facilities,Invoice,Posted,1103.26,110.33,1213.59,PO-32187,INV-639823,USD,1.5782
TX005545,2026-01-06,2026,1,1,January,D001,C020,V015,R03,P008,Customer Support Tools expense - Information Technology,Expense Claim,Posted,623.48,62.35,685.83,,,AUD,1.0
TX005546,2026-01-25,2026,1,1,January,D004,C010,V035,R04,P008,Events expense - Marketing,Corporate Card,Posted,384.18,38.42,422.6,,,AUD,1.0
TX005547,2026-06-19,2026,2,6,June,D002,C006,V009,R01,P005,Travel expense - Finance,Corporate Card,Posted,1672.38,167.24,1839.62,,,AUD,1.0
TX005548,2024-01-25,2024,1,1,January,D005,C001,V013,R04,P003,Software & SaaS expense - Sales,Invoice,Accrued,554.89,55.49,610.38,PO-19002,INV-511158,AUD,1.0
TX005549,2026-06-21,2026,2,6,June,D003,C007,V015,R02,P001,Training expense - Human Resources,Invoice,Accrued,255.85,25.59,281.44,PO-66016,INV-787752,AUD,1.0
TX005550,2024-09-21,2024,3,9,September,D001,C020,V029,R01,P008,Customer Support Tools expense - Information Technology,Corporate Card,Posted,227.15,22.72,249.87,,,AUD,1.0
TX005551,2024-03-14,2024,1,3,March,D001,C001,V023,R01,P002,Software & SaaS expense - Information Technology,Invoice,Posted,2253.46,225.35,2478.81,PO-77635,INV-609661,AUD,1.0
TX005552,2026-06-10,2026,2,6,June,D001,C002,V032,R04,P002,Cloud Services expense - Information Technology,Direct Debit,Posted,1745.02,174.5,1919.52,,INV-742243,AUD,1.0
TX005553,2024-07-05,2024,3,7,July,D004,C004,V031,R02,P003,Contractors expense - Marketing,Invoice,Posted,1140.7,114.07,1254.77,PO-29783,INV-936237,AUD,1.0
TX005554,2025-12-05,2025,4,12,December,D001,C012,V027,R04,P003,Telecommunications expense - Information Technology,Invoice,Posted,1092.25,109.23,1201.48,PO-75631,INV-911486,AUD,1.0
TX005555,2024-12-13,2024,4,12,December,D003,C011,V028,R03,P008,Office Supplies expense - Human Resources,Invoice,Posted,122.96,12.3,135.26,PO-99071,INV-663466,AUD,1.0
TX005556,2025-05-18,2025,2,5,May,D005,C006,V019,R01,P003,Travel expense - Sales,Expense Claim,Posted,882.79,88.28,971.07,,,AUD,1.0
TX005557,2025-01-30,2025,1,1,January,D003,C007,V017,R01,P008,Training expense - Human Resources,Invoice,Posted,200.37,20.04,220.41,PO-50406,INV-453672,AUD,1.0
TX005558,2025-11-02,2025,4,11,November,D007,C001,V030,R01,P004,Software & SaaS expense - Customer Service,Invoice,Posted,904.56,90.46,995.02,PO-62974,INV-875443,USD,1.4975
TX005559,2025-07-04,2025,3,7,July,D001,C020,V030,R02,P005,Customer Support Tools expense - Information Technology,Invoice,Posted,254.15,25.42,279.57,PO-32541,INV-548163,AUD,1.0
TX005560,2024-11-06,2024,4,11,November,D008,C004,V027,R01,P001,Contractors expense - Facilities,Invoice,Posted,5048.92,504.89,5553.81,PO-56965,INV-611069,AUD,1.0
TX005561,2025-08-10,2025,3,8,August,D007,C012,V006,R03,P005,Telecommunications expense - Customer Service,Direct Debit,Posted,552.06,55.21,607.27,,INV-998746,AUD,1.0
TX005562,2025-03-28,2025,1,3,March,D007,C004,V025,R01,P008,Contractors expense - Customer Service,Invoice,Accrued,1423.71,142.37,1566.08,PO-10685,INV-980163,USD,1.468
TX005563,2024-09-24,2024,3,9,September,D006,C018,V031,R02,P008,Freight & Logistics expense - Operations,Direct Debit,Posted,5434.39,543.44,5977.83,,INV-945704,AUD,1.0
TX005564,2024-02-01,2024,1,2,February,D007,C020,V008,R01,P008,Customer Support Tools expense - Customer Service,Direct Debit,Posted,1158.26,115.83,1274.09,,INV-760837,AUD,1.0
TX005565,2024-07-13,2024,3,7,July,D007,C004,V018,R01,P008,Contractors expense - Customer Service,Corporate Card,Posted,1418.25,141.83,1560.08,,,AUD,1.0
TX005566,2025-08-20,2025,3,8,August,D006,C019,V030,R01,P008,Vehicle Expenses expense - Operations,Expense Claim,Posted,6098.49,609.85,6708.34,,,AUD,1.0
TX005567,2026-05-16,2026,2,5,May,D002,C005,V003,R04,P004,Consulting expense - Finance,Invoice,Posted,112.99,11.3,124.29,PO-12071,INV-983521,AUD,1.0
TX005568,2024-03-09,2024,1,3,March,D002,C017,V032,R02,P006,Legal & Compliance expense - Finance,Invoice,Posted,336.59,33.66,370.25,PO-94153,INV-425130,AUD,1.0
TX005569,2025-04-20,2025,2,4,April,D007,C001,V019,R01,P005,Software & SaaS expense - Customer Service,Invoice,Posted,1384.47,138.45,1522.92,PO-11273,INV-103364,AUD,1.0
TX005570,2025-06-15,2025,2,6,June,D002,C001,V010,R04,P005,Software & SaaS expense - Finance,Corporate Card,Posted,489.01,48.9,537.91,,,AUD,1.0
TX005571,2025-05-08,2025,2,5,May,D007,C001,V025,R03,P006,Software & SaaS expense - Customer Service,Invoice,Posted,712.48,71.25,783.73,PO-15990,INV-944195,AUD,1.0
TX005572,2025-03-25,2025,1,3,March,D005,C010,V006,R02,P008,Events expense - Sales,Invoice,Posted,416.14,41.61,457.75,PO-63667,INV-376559,AUD,1.0
TX005573,2024-03-22,2024,1,3,March,D005,C009,V024,R01,P008,Advertising expense - Sales,Invoice,Posted,1918.12,191.81,2109.93,PO-28308,INV-159886,AUD,1.0
TX005574,2025-09-20,2025,3,9,September,D004,C006,V010,R01,P005,Travel expense - Marketing,Invoice,Posted,351.61,35.16,386.77,PO-17380,INV-110993,AUD,1.0
TX005575,2024-10-20,2024,4,10,October,D008,C011,V007,R03,P008,Office Supplies expense - Facilities,Invoice,Posted,1036.61,103.66,1140.27,PO-25781,INV-510923,AUD,1.0
TX005576,2024-07-19,2024,3,7,July,D007,C001,V013,R01,P001,Software & SaaS expense - Customer Service,Invoice,Posted,401.03,40.1,441.13,PO-68843,INV-683574,AUD,1.0
TX005577,2024-01-23,2024,1,1,January,D001,C020,V003,R03,P006,Customer Support Tools expense - Information Technology,Direct Debit,Posted,736.18,73.62,809.8,,INV-503262,USD,1.5701
TX005578,2024-05-23,2024,2,5,May,D005,C001,V029,R04,P004,Software & SaaS expense - Sales,Corporate Card,Posted,476.96,47.7,524.66,,,AUD,1.0
TX005579,2024-06-21,2024,2,6,June,D002,C017,V031,R02,P008,Legal & Compliance expense - Finance,Direct Debit,Posted,482.47,48.25,530.72,,INV-298842,AUD,1.0
TX005580,2024-12-01,2024,4,12,December,D007,C004,V023,R03,P002,Contractors expense - Customer Service,Invoice,Posted,1828.0,182.8,2010.8,PO-77939,INV-498472,AUD,1.0
TX005581,2025-09-25,2025,3,9,September,D006,C011,V025,R02,P008,Office Supplies expense - Operations,Invoice,Posted,552.99,55.3,608.29,PO-90350,INV-480084,AUD,1.0
TX005582,2025-01-27,2025,1,1,January,D001,C012,V027,R05,P005,Telecommunications expense - Information Technology,Direct Debit,Posted,353.51,35.35,388.86,,INV-821577,AUD,1.0
TX005583,2025-10-17,2025,4,10,October,D005,C012,V025,R02,P008,Telecommunications expense - Sales,Invoice,Posted,1207.36,120.74,1328.1,PO-22164,INV-630226,AUD,1.0
TX005584,2024-10-18,2024,4,10,October,D003,C011,V020,R03,P006,Office Supplies expense - Human Resources,Invoice,Posted,177.07,17.71,194.78,PO-78581,INV-122484,USD,1.5454
TX005585,2025-12-13,2025,4,12,December,D004,C006,V029,R01,P008,Travel expense - Marketing,Invoice,Posted,958.39,95.84,1054.23,PO-69752,INV-137772,AUD,1.0
TX005586,2025-02-11,2025,1,2,February,D003,C006,V006,R05,P008,Travel expense - Human Resources,Corporate Card,Posted,1681.27,168.13,1849.4,,,AUD,1.0
TX005587,2024-04-10,2024,2,4,April,D002,C007,V004,R05,P008,Training expense - Finance,Invoice,Posted,342.05,34.21,376.26,PO-85102,INV-739053,AUD,1.0
TX005588,2024-08-31,2024,3,8,August,D003,C004,V032,R01,P003,Contractors expense - Human Resources,Corporate Card,Posted,2311.69,231.17,2542.86,,,AUD,1.0
TX005589,2024-02-18,2024,1,2,February,D002,C017,V014,R02,P008,Legal & Compliance expense - Finance,Invoice,Accrued,258.51,25.85,284.36,PO-74030,INV-409713,AUD,1.0
TX005590,2025-11-15,2025,4,11,November,D002,C007,V009,R02,P004,Training expense - Finance,Expense Claim,Posted,364.67,36.47,401.14,,,AUD,1.0
TX005591,2025-12-29,2025,4,12,December,D006,C018,V028,R02,P005,Freight & Logistics expense - Operations,Invoice,Posted,1801.01,180.1,1981.11,PO-28230,INV-370299,AUD,1.0
TX005592,2024-06-04,2024,2,6,June,D007,C012,V029,R04,P008,Telecommunications expense - Customer Service,Invoice,Accrued,166.56,16.66,183.22,PO-91805,INV-188218,AUD,1.0
TX005593,2024-06-27,2024,2,6,June,D003,C008,V012,R04,P001,Recruitment expense - Human Resources,Invoice,Posted,1248.69,124.87,1373.56,PO-63750,INV-122382,AUD,1.0
TX005594,2025-10-01,2025,4,10,October,D004,C001,V016,R01,P008,Software & SaaS expense - Marketing,Invoice,Posted,1385.56,138.56,1524.12,PO-81750,INV-195352,AUD,1.0
TX005595,2025-07-15,2025,3,7,July,D005,C009,V029,R05,P004,Advertising expense - Sales,Direct Debit,Posted,1172.87,117.29,1290.16,,INV-910401,AUD,1.0
TX005596,2025-06-26,2025,2,6,June,D006,C018,V002,R02,P003,Freight & Logistics expense - Operations,Invoice,Posted,921.36,92.14,1013.5,PO-38855,INV-572336,AUD,1.0
TX005597,2026-04-17,2026,2,4,April,D001,C005,V016,R01,P004,Consulting expense - Information Technology,Invoice,Posted,816.2,81.62,897.82,PO-20953,INV-445012,AUD,1.0
TX005598,2025-11-23,2025,4,11,November,D004,C004,V015,R02,P005,Contractors expense - Marketing,Invoice,Posted,6262.05,626.21,6888.26,PO-25481,INV-282905,AUD,1.0
TX005599,2025-06-24,2025,2,6,June,D002,C007,V015,R01,P008,Training expense - Finance,Corporate Card,Posted,356.91,35.69,392.6,,,AUD,1.0
TX005600,2026-05-22,2026,2,5,May,D001,C020,V005,R01,P008,Customer Support Tools expense - Information Technology,Invoice,Posted,3667.36,366.74,4034.1,PO-92300,INV-938050,AUD,1.0
TX005601,2024-01-29,2024,1,1,January,D007,C007,V032,R02,P002,Training expense - Customer Service,Expense Claim,Posted,638.47,63.85,702.32,,,AUD,1.0
TX005602,2026-05-19,2026,2,5,May,D001,C004,V029,R02,P008,Contractors expense - Information Technology,Direct Debit,Posted,1650.84,165.08,1815.92,,INV-674681,AUD,1.0
TX005603,2025-03-03,2025,1,3,March,D007,C020,V004,R02,P008,Customer Support Tools expense - Customer Service,Invoice,Pending,1661.09,166.11,1827.2,PO-76897,INV-743301,AUD,1.0
TX005604,2025-11-26,2025,4,11,November,D004,C001,V033,R02,P008,Software & SaaS expense - Marketing,Invoice,Posted,3674.26,367.43,4041.69,PO-42032,INV-849425,AUD,1.0
TX005605,2024-11-04,2024,4,11,November,D003,C011,V027,R03,P001,Office Supplies expense - Human Resources,Invoice,Posted,196.39,19.64,216.03,PO-32525,INV-515232,AUD,1.0
TX005606,2025-04-06,2025,2,4,April,D006,C011,V035,R01,P003,Office Supplies expense - Operations,Corporate Card,Posted,539.43,53.94,593.37,,,AUD,1.0
TX005607,2025-02-10,2025,1,2,February,D002,C001,V028,R04,P008,Software & SaaS expense - Finance,Invoice,Accrued,1873.56,187.36,2060.92,PO-91548,INV-458150,AUD,1.0
TX005608,2024-01-04,2024,1,1,January,D001,C005,V031,R04,P008,Consulting expense - Information Technology,Invoice,Posted,681.92,68.19,750.11,PO-69712,INV-468058,AUD,1.0
TX005609,2026-03-30,2026,1,3,March,D003,C001,V022,R01,P004,Software & SaaS expense - Human Resources,Invoice,Posted,5153.2,515.32,5668.52,PO-70732,INV-396828,AUD,1.0
TX005610,2024-06-01,2024,2,6,June,D006,C018,V021,R02,P008,Freight & Logistics expense - Operations,Corporate Card,Posted,5416.34,541.63,5957.97,,,AUD,1.0
TX005611,2025-08-11,2025,3,8,August,D005,C010,V014,R03,P006,Events expense - Sales,Invoice,Posted,406.83,40.68,447.51,PO-87222,INV-370599,AUD,1.0
TX005612,2025-11-18,2025,4,11,November,D008,C014,V007,R04,P008,Utilities expense - Facilities,Invoice,Accrued,978.05,97.81,1075.86,PO-11364,INV-812024,AUD,1.0
TX005613,2025-12-02,2025,4,12,December,D003,C004,V003,R01,P003,Contractors expense - Human Resources,Invoice,Posted,2134.1,213.41,2347.51,PO-85381,INV-890697,AUD,1.0
TX005614,2025-12-08,2025,4,12,December,D001,C003,V003,R01,P007,Hardware expense - Information Technology,Direct Debit,Posted,1652.15,165.22,1817.37,,INV-788784,AUD,1.0
TX005615,2024-01-01,2024,1,1,January,D008,C015,V003,R02,P005,Repairs & Maintenance expense - Facilities,Invoice,Posted,790.06,79.01,869.07,PO-25874,INV-581638,AUD,1.0
TX005616,2025-06-24,2025,2,6,June,D002,C006,V026,R03,P006,Travel expense - Finance,Corporate Card,Posted,657.44,65.74,723.18,,,AUD,1.0
TX005617,2026-06-17,2026,2,6,June,D004,C010,V020,R05,P008,Events expense - Marketing,Invoice,Posted,3321.26,332.13,3653.39,PO-51540,INV-416555,AUD,1.0
TX005618,2025-08-31,2025,3,8,August,D006,C019,V006,R02,P001,Vehicle Expenses expense - Operations,Corporate Card,Posted,771.89,77.19,849.08,,,AUD,1.0
TX005619,2025-10-27,2025,4,10,October,D002,C005,V008,R05,P006,Consulting expense - Finance,Direct Debit,Posted,2395.36,239.54,2634.9,,INV-177687,AUD,1.0
TX005620,2026-04-28,2026,2,4,April,D004,C004,V008,R01,P008,Contractors expense - Marketing,Direct Debit,Posted,6134.52,613.45,6747.97,,INV-476993,AUD,1.0
TX005621,2025-02-06,2025,1,2,February,D002,C001,V009,R05,P008,Software & SaaS expense - Finance,Invoice,Posted,848.46,84.85,933.31,PO-65171,INV-405261,AUD,1.0
TX005622,2026-01-31,2026,1,1,January,D001,C012,V004,R04,P004,Telecommunications expense - Information Technology,Corporate Card,Accrued,159.13,15.91,175.04,,,AUD,1.0
TX005623,2024-12-21,2024,4,12,December,D002,C016,V011,R04,P008,Insurance expense - Finance,Invoice,Posted,237.41,23.74,261.15,PO-24437,INV-985697,AUD,1.0
TX005624,2025-03-08,2025,1,3,March,D007,C007,V011,R04,P008,Training expense - Customer Service,Invoice,Posted,441.02,44.1,485.12,PO-52158,INV-619358,AUD,1.0
TX005625,2024-11-03,2024,4,11,November,D006,C018,V015,R01,P008,Freight & Logistics expense - Operations,Corporate Card,Posted,731.02,73.1,804.12,,,AUD,1.0
TX005626,2025-01-10,2025,1,1,January,D003,C004,V032,R02,P002,Contractors expense - Human Resources,Invoice,Posted,491.37,49.14,540.51,PO-83648,INV-918156,AUD,1.0
TX005627,2025-09-19,2025,3,9,September,D003,C008,V030,R03,P003,Recruitment expense - Human Resources,Invoice,Posted,343.45,34.34,377.79,PO-56720,INV-982956,AUD,1.0
TX005628,2025-10-09,2025,4,10,October,D002,C004,V027,R01,P008,Contractors expense - Finance,Invoice,Posted,747.6,74.76,822.36,PO-66866,INV-956234,AUD,1.0
TX005629,2024-01-13,2024,1,1,January,D007,C004,V018,R03,P008,Contractors expense - Customer Service,Expense Claim,Posted,4745.86,474.59,5220.45,,,AUD,1.0
TX005630,2024-12-29,2024,4,12,December,D006,C019,V035,R02,P008,Vehicle Expenses expense - Operations,Invoice,Posted,1674.7,167.47,1842.17,PO-42714,INV-807247,AUD,1.0
TX005631,2024-07-26,2024,3,7,July,D004,C009,V028,R03,P008,Advertising expense - Marketing,Invoice,Posted,1036.06,103.61,1139.67,PO-70083,INV-619792,USD,1.561
TX005632,2025-11-05,2025,4,11,November,D002,C007,V022,R01,P008,Training expense - Finance,Invoice,Posted,327.12,32.71,359.83,PO-69467,INV-957574,AUD,1.0
TX005633,2024-11-12,2024,4,11,November,D002,C007,V010,R01,P008,Training expense - Finance,Invoice,Posted,570.95,57.1,628.05,PO-57450,INV-241787,AUD,1.0
TX005634,2025-09-04,2025,3,9,September,D004,C004,V032,R01,P008,Contractors expense - Marketing,Invoice,Posted,521.36,52.14,573.5,PO-66461,INV-392573,AUD,1.0
TX005635,2024-12-11,2024,4,12,December,D004,C004,V026,R03,P002,Contractors expense - Marketing,Direct Debit,Posted,2218.02,221.8,2439.82,,INV-842930,AUD,1.0
TX005636,2025-09-16,2025,3,9,September,D005,C009,V007,R03,P003,Advertising expense - Sales,Invoice,Posted,2289.74,228.97,2518.71,PO-17291,INV-842012,AUD,1.0
TX005637,2026-05-31,2026,2,5,May,D007,C020,V001,R02,P008,Customer Support Tools expense - Customer Service,Invoice,Posted,1691.96,169.2,1861.16,PO-63541,INV-778946,AUD,1.0
TX005638,2024-09-09,2024,3,9,September,D004,C009,V029,R04,P001,Advertising expense - Marketing,Direct Debit,Accrued,1389.07,138.91,1527.98,,INV-266985,AUD,1.0
TX005639,2026-02-03,2026,1,2,February,D003,C007,V026,R01,P001,Training expense - Human Resources,Invoice,Posted,364.33,36.43,400.76,PO-43077,INV-665173,USD,1.495
TX005640,2026-05-19,2026,2,5,May,D002,C006,V001,R04,P003,Travel expense - Finance,Invoice,Posted,480.43,48.04,528.47,PO-38564,INV-218608,AUD,1.0
TX005641,2026-02-13,2026,1,2,February,D008,C016,V011,R02,P008,Insurance expense - Facilities,Expense Claim,Posted,727.71,72.77,800.48,,,AUD,1.0
TX005642,2025-07-11,2025,3,7,July,D008,C004,V033,R01,P008,Contractors expense - Facilities,Corporate Card,Posted,2742.02,274.2,3016.22,,,AUD,1.0
TX005643,2024-12-05,2024,4,12,December,D001,C020,V024,R03,P008,Customer Support Tools expense - Information Technology,Invoice,Posted,380.04,38.0,418.04,PO-93005,INV-376330,AUD,1.0
TX005644,2025-07-17,2025,3,7,July,D008,C011,V031,R01,P004,Office Supplies expense - Facilities,Invoice,Posted,365.63,36.56,402.19,PO-59292,INV-964480,AUD,1.0
TX005645,2025-07-10,2025,3,7,July,D004,C004,V005,R01,P008,Contractors expense - Marketing,Direct Debit,Posted,2341.4,234.14,2575.54,,INV-969904,USD,1.5323
TX005646,2026-05-04,2026,2,5,May,D002,C007,V017,R01,P003,Training expense - Finance,Invoice,Posted,329.23,32.92,362.15,PO-42487,INV-321298,AUD,1.0
TX005647,2025-01-28,2025,1,1,January,D008,C016,V019,R02,P005,Insurance expense - Facilities,Corporate Card,Posted,272.85,27.29,300.14,,,AUD,1.0
TX005648,2025-06-21,2025,2,6,June,D002,C004,V010,R02,P008,Contractors expense - Finance,Invoice,Posted,4721.06,472.11,5193.17,PO-63400,INV-948508,AUD,1.0
TX005649,2026-01-01,2026,1,1,January,D008,C016,V029,R03,P008,Insurance expense - Facilities,Direct Debit,Posted,270.7,27.07,297.77,,INV-496175,AUD,1.0
TX005650,2025-01-23,2025,1,1,January,D004,C010,V011,R02,P008,Events expense - Marketing,Invoice,Posted,1452.76,145.28,1598.04,PO-86082,INV-595076,USD,1.5898
TX005651,2025-05-26,2025,2,5,May,D008,C013,V020,R01,P008,Rent expense - Facilities,Invoice,Posted,2707.91,270.79,2978.7,PO-37820,INV-553465,AUD,1.0
TX005652,2025-07-06,2025,3,7,July,D002,C016,V028,R01,P008,Insurance expense - Finance,Invoice,Posted,807.36,80.74,888.1,PO-55150,INV-953260,AUD,1.0
TX005653,2024-11-02,2024,4,11,November,D007,C001,V006,R01,P004,Software & SaaS expense - Customer Service,Invoice,Posted,2305.97,230.6,2536.57,PO-68519,INV-298473,AUD,1.0
TX005654,2024-04-16,2024,2,4,April,D005,C019,V017,R01,P008,Vehicle Expenses expense - Sales,Corporate Card,Posted,8765.05,876.5,9641.55,,,AUD,1.0
TX005655,2024-12-05,2024,4,12,December,D001,C020,V014,R01,P003,Customer Support Tools expense - Information Technology,Corporate Card,Posted,174.29,17.43,191.72,,,AUD,1.0
TX005656,2025-10-21,2025,4,10,October,D001,C005,V020,R05,P001,Consulting expense - Information Technology,Direct Debit,Posted,4452.44,445.24,4897.68,,INV-869993,AUD,1.0
TX005657,2026-01-07,2026,1,1,January,D008,C016,V034,R01,P008,Insurance expense - Facilities,Invoice,Posted,191.26,19.13,210.39,PO-23553,INV-536436,AUD,1.0
TX005658,2025-12-15,2025,4,12,December,D006,C018,V013,R01,P005,Freight & Logistics expense - Operations,Invoice,Posted,901.62,90.16,991.78,PO-39656,INV-553115,AUD,1.0
TX005659,2024-01-01,2024,1,1,January,D007,C007,V021,R02,P002,Training expense - Customer Service,Invoice,Posted,225.86,22.59,248.45,PO-84198,INV-557865,AUD,1.0
TX005660,2024-05-13,2024,2,5,May,D003,C008,V019,R01,P008,Recruitment expense - Human Resources,Invoice,Posted,667.77,66.78,734.55,PO-96202,INV-561498,AUD,1.0
TX005661,2024-07-13,2024,3,7,July,D003,C007,V029,R01,P001,Training expense - Human Resources,Corporate Card,Posted,183.79,18.38,202.17,,,AUD,1.0
TX005662,2024-09-15,2024,3,9,September,D001,C001,V020,R01,P008,Software & SaaS expense - Information Technology,Corporate Card,Posted,870.27,87.03,957.3,,,AUD,1.0
TX005663,2026-04-22,2026,2,4,April,D006,C004,V029,R01,P006,Contractors expense - Operations,Corporate Card,Posted,3047.37,304.74,3352.11,,,AUD,1.0
TX005664,2024-12-21,2024,4,12,December,D007,C004,V030,R01,P004,Contractors expense - Customer Service,Direct Debit,Posted,1870.15,187.02,2057.17,,INV-350894,AUD,1.0
TX005665,2025-04-12,2025,2,4,April,D002,C001,V021,R04,P008,Software & SaaS expense - Finance,Invoice,Posted,1253.66,125.37,1379.03,PO-13428,INV-863017,AUD,1.0
TX005666,2025-04-10,2025,2,4,April,D006,C003,V030,R02,P008,Hardware expense - Operations,Invoice,Posted,175.62,17.56,193.18,PO-11169,INV-532779,AUD,1.0
TX005667,2025-02-23,2025,1,2,February,D008,C013,V005,R04,P008,Rent expense - Facilities,Invoice,Posted,5801.9,580.19,6382.09,PO-97682,INV-923429,AUD,1.0
TX005668,2026-04-04,2026,2,4,April,D007,C020,V028,R05,P004,Customer Support Tools expense - Customer Service,Invoice,Pending,1917.52,191.75,2109.27,PO-51510,INV-457234,AUD,1.0
TX005669,2025-09-02,2025,3,9,September,D007,C007,V032,R02,P008,Training expense - Customer Service,Corporate Card,Posted,447.02,44.7,491.72,,,AUD,1.0
TX005670,2024-04-27,2024,2,4,April,D005,C010,V016,R02,P008,Events expense - Sales,Direct Debit,Posted,788.95,78.9,867.85,,INV-723113,AUD,1.0
TX005671,2024-10-23,2024,4,10,October,D007,C001,V031,R02,P008,Software & SaaS expense - Customer Service,Invoice,Posted,1972.75,197.28,2170.03,PO-43499,INV-794127,AUD,1.0
TX005672,2025-11-20,2025,4,11,November,D002,C004,V028,R02,P008,Contractors expense - Finance,Invoice,Posted,2404.51,240.45,2644.96,PO-19579,INV-322807,AUD,1.0
TX005673,2026-02-19,2026,1,2,February,D005,C010,V028,R01,P008,Events expense - Sales,Corporate Card,Posted,764.69,76.47,841.16,,,AUD,1.0
TX005674,2024-03-10,2024,1,3,March,D007,C007,V030,R01,P008,Training expense - Customer Service,Invoice,Accrued,492.6,49.26,541.86,PO-21248,INV-411335,AUD,1.0
TX005675,2024-08-25,2024,3,8,August,D004,C010,V001,R05,P008,Events expense - Marketing,Invoice,Posted,600.21,60.02,660.23,PO-59257,INV-898619,AUD,1.0
TX005676,2026-06-13,2026,2,6,June,D001,C001,V032,R01,P008,Software & SaaS expense - Information Technology,Invoice,Posted,3160.93,316.09,3477.02,PO-77661,INV-683458,AUD,1.0
TX005677,2025-12-26,2025,4,12,December,D003,C007,V011,R01,P003,Training expense - Human Resources,Invoice,Posted,163.61,16.36,179.97,PO-35594,INV-570965,AUD,1.0
TX005678,2024-10-01,2024,4,10,October,D006,C006,V016,R02,P006,Travel expense - Operations,Invoice,Posted,767.73,76.77,844.5,PO-53456,INV-631550,AUD,1.0
TX005679,2026-03-16,2026,1,3,March,D005,C019,V029,R02,P003,Vehicle Expenses expense - Sales,Direct Debit,Posted,654.12,65.41,719.53,,INV-586838,AUD,1.0
TX005680,2025-11-17,2025,4,11,November,D001,C001,V025,R05,P003,Software & SaaS expense - Information Technology,Invoice,Posted,885.37,88.54,973.91,PO-42249,INV-597578,AUD,1.0
TX005681,2024-05-02,2024,2,5,May,D002,C007,V030,R01,P002,Training expense - Finance,Invoice,Posted,685.01,68.5,753.51,PO-16489,INV-313746,AUD,1.0
TX005682,2026-04-01,2026,2,4,April,D008,C013,V019,R01,P005,Rent expense - Facilities,Invoice,Posted,1119.34,111.93,1231.27,PO-43934,INV-429938,AUD,1.0
TX005683,2024-12-17,2024,4,12,December,D005,C006,V030,R03,P008,Travel expense - Sales,Direct Debit,Posted,261.59,26.16,287.75,,INV-749964,AUD,1.0
TX005684,2026-05-06,2026,2,5,May,D008,C015,V009,R03,P008,Repairs & Maintenance expense - Facilities,Direct Debit,Pending,697.39,69.74,767.13,,INV-741627,AUD,1.0
TX005685,2024-06-20,2024,2,6,June,D004,C009,V012,R03,P008,Advertising expense - Marketing,Direct Debit,Posted,1500.82,150.08,1650.9,,INV-799141,AUD,1.0
TX005686,2024-11-25,2024,4,11,November,D001,C004,V006,R02,P002,Contractors expense - Information Technology,Direct Debit,Posted,1378.17,137.82,1515.99,,INV-463085,AUD,1.0
TX005687,2024-01-30,2024,1,1,January,D004,C006,V035,R01,P008,Travel expense - Marketing,Corporate Card,Posted,1006.92,100.69,1107.61,,,AUD,1.0
TX005688,2025-11-01,2025,4,11,November,D001,C003,V031,R02,P008,Hardware expense - Information Technology,Corporate Card,Posted,783.18,78.32,861.5,,,AUD,1.0
TX005689,2024-02-11,2024,1,2,February,D005,C019,V003,R03,P003,Vehicle Expenses expense - Sales,Corporate Card,Posted,733.34,73.33,806.67,,,AUD,1.0
TX005690,2024-05-21,2024,2,5,May,D004,C009,V001,R02,P008,Advertising expense - Marketing,Direct Debit,Posted,2049.67,204.97,2254.64,,INV-968727,AUD,1.0
TX005691,2026-06-15,2026,2,6,June,D002,C007,V001,R01,P006,Training expense - Finance,Direct Debit,Posted,760.82,76.08,836.9,,INV-669973,AUD,1.0
TX005692,2024-02-12,2024,1,2,February,D001,C003,V021,R04,P003,Hardware expense - Information Technology,Corporate Card,Posted,427.11,42.71,469.82,,,AUD,1.0
TX005693,2025-06-04,2025,2,6,June,D008,C003,V012,R02,P001,Hardware expense - Facilities,Corporate Card,Posted,1103.57,110.36,1213.93,,,AUD,1.0
TX005694,2026-02-06,2026,1,2,February,D008,C014,V004,R02,P008,Utilities expense - Facilities,Invoice,Posted,1220.58,122.06,1342.64,PO-44706,INV-941706,AUD,1.0
TX005695,2024-07-25,2024,3,7,July,D004,C006,V014,R03,P008,Travel expense - Marketing,Direct Debit,Posted,265.0,26.5,291.5,,INV-519322,AUD,1.0
TX005696,2025-10-06,2025,4,10,October,D002,C004,V028,R01,P008,Contractors expense - Finance,Corporate Card,Posted,678.92,67.89,746.81,,,AUD,1.0
TX005697,2025-05-23,2025,2,5,May,D004,C001,V007,R03,P008,Software & SaaS expense - Marketing,Invoice,Posted,1943.74,194.37,2138.11,PO-54504,INV-316097,AUD,1.0
TX005698,2024-07-21,2024,3,7,July,D005,C019,V023,R03,P008,Vehicle Expenses expense - Sales,Invoice,Posted,1274.06,127.41,1401.47,PO-98979,INV-177120,AUD,1.0
TX005699,2025-06-03,2025,2,6,June,D001,C002,V006,R01,P008,Cloud Services expense - Information Technology,Corporate Card,Posted,822.85,82.29,905.14,,,AUD,1.0
TX005700,2024-11-16,2024,4,11,November,D001,C002,V024,R01,P008,Cloud Services expense - Information Technology,Direct Debit,Posted,2505.97,250.6,2756.57,,INV-683402,AUD,1.0
TX005701,2026-02-11,2026,1,2,February,D005,C009,V016,R03,P008,Advertising expense - Sales,Invoice,Posted,607.81,60.78,668.59,PO-45047,INV-794280,AUD,1.0
TX005702,2025-10-27,2025,4,10,October,D003,C007,V029,R04,P001,Training expense - Human Resources,Invoice,Posted,472.33,47.23,519.56,PO-69020,INV-241515,AUD,1.0
TX005703,2025-10-13,2025,4,10,October,D008,C003,V001,R01,P008,Hardware expense - Facilities,Invoice,Posted,213.66,21.37,235.03,PO-89348,INV-761004,AUD,1.0
TX005704,2026-05-18,2026,2,5,May,D005,C001,V027,R02,P008,Software & SaaS expense - Sales,Direct Debit,Posted,699.14,69.91,769.05,,INV-498282,AUD,1.0
TX005705,2024-10-08,2024,4,10,October,D006,C018,V006,R05,P008,Freight & Logistics expense - Operations,Invoice,Posted,2823.24,282.32,3105.56,PO-87751,INV-252114,AUD,1.0
TX005706,2026-03-14,2026,1,3,March,D005,C009,V014,R01,P003,Advertising expense - Sales,Invoice,Posted,2786.46,278.65,3065.11,PO-40189,INV-902350,AUD,1.0
TX005707,2024-02-08,2024,1,2,February,D001,C012,V011,R01,P008,Telecommunications expense - Information Technology,Invoice,Posted,499.27,49.93,549.2,PO-99459,INV-101829,AUD,1.0
TX005708,2025-08-18,2025,3,8,August,D006,C018,V011,R02,P003,Freight & Logistics expense - Operations,Invoice,Posted,507.62,50.76,558.38,PO-52675,INV-474545,AUD,1.0
TX005709,2025-02-06,2025,1,2,February,D004,C001,V028,R02,P007,Software & SaaS expense - Marketing,Corporate Card,Posted,1407.15,140.72,1547.87,,,AUD,1.0
TX005710,2025-05-06,2025,2,5,May,D005,C009,V001,R01,P008,Advertising expense - Sales,Invoice,Posted,1715.11,171.51,1886.62,PO-86899,INV-613961,AUD,1.0
TX005711,2025-01-26,2025,1,1,January,D004,C011,V016,R01,P002,Office Supplies expense - Marketing,Invoice,Posted,934.69,93.47,1028.16,PO-21622,INV-342763,AUD,1.0
TX005712,2025-08-15,2025,3,8,August,D002,C005,V032,R01,P001,Consulting expense - Finance,Expense Claim,Posted,913.09,91.31,1004.4,,,AUD,1.0
TX005713,2024-03-12,2024,1,3,March,D005,C001,V031,R01,P008,Software & SaaS expense - Sales,Expense Claim,Posted,1447.93,144.79,1592.72,,,AUD,1.0
TX005714,2024-07-25,2024,3,7,July,D008,C003,V012,R02,P008,Hardware expense - Facilities,Direct Debit,Posted,947.59,94.76,1042.35,,INV-914398,AUD,1.0
TX005715,2026-05-28,2026,2,5,May,D006,C011,V012,R03,P008,Office Supplies expense - Operations,Invoice,Posted,557.4,55.74,613.14,PO-47596,INV-772820,AUD,1.0
TX005716,2024-04-02,2024,2,4,April,D007,C007,V024,R05,P008,Training expense - Customer Service,Invoice,Posted,1927.61,192.76,2120.37,PO-80829,INV-600197,AUD,1.0
TX005717,2026-04-27,2026,2,4,April,D001,C002,V008,R04,P002,Cloud Services expense - Information Technology,Corporate Card,Posted,1883.09,188.31,2071.4,,,AUD,1.0
TX005718,2025-07-15,2025,3,7,July,D005,C006,V024,R04,P008,Travel expense - Sales,Invoice,Accrued,690.67,69.07,759.74,PO-82325,INV-172800,AUD,1.0
TX005719,2024-08-20,2024,3,8,August,D006,C019,V025,R02,P008,Vehicle Expenses expense - Operations,Corporate Card,Posted,1431.72,143.17,1574.89,,,AUD,1.0
TX005720,2025-03-15,2025,1,3,March,D006,C006,V032,R02,P005,Travel expense - Operations,Direct Debit,Posted,850.78,85.08,935.86,,INV-992127,AUD,1.0
TX005721,2024-03-27,2024,1,3,March,D008,C004,V019,R02,P008,Contractors expense - Facilities,Invoice,Posted,1446.27,144.63,1590.9,PO-88482,INV-378307,AUD,1.0
TX005722,2026-06-16,2026,2,6,June,D005,C010,V015,R01,P004,Events expense - Sales,Invoice,Posted,969.18,96.92,1066.1,PO-99249,INV-102836,AUD,1.0
TX005723,2025-03-08,2025,1,3,March,D008,C011,V011,R01,P008,Office Supplies expense - Facilities,Invoice,Posted,186.76,18.68,205.44,PO-68653,INV-893585,AUD,1.0
TX005724,2024-03-07,2024,1,3,March,D002,C001,V004,R02,P004,Software & SaaS expense - Finance,Invoice,Posted,1800.45,180.05,1980.5,PO-76629,INV-516185,AUD,1.0
TX005725,2025-07-30,2025,3,7,July,D001,C001,V007,R03,P008,Software & SaaS expense - Information Technology,Corporate Card,Posted,672.83,67.28,740.11,,,AUD,1.0
TX005726,2026-04-30,2026,2,4,April,D006,C006,V018,R01,P001,Travel expense - Operations,Expense Claim,Posted,229.92,22.99,252.91,,,AUD,1.0
TX005727,2024-09-12,2024,3,9,September,D003,C011,V021,R01,P008,Office Supplies expense - Human Resources,Invoice,Posted,840.99,84.1,925.09,PO-28812,INV-322178,AUD,1.0
TX005728,2026-03-28,2026,1,3,March,D007,C012,V027,R01,P008,Telecommunications expense - Customer Service,Corporate Card,Posted,741.21,74.12,815.33,,,AUD,1.0
TX005729,2025-07-24,2025,3,7,July,D008,C016,V022,R03,P008,Insurance expense - Facilities,Invoice,Posted,547.17,54.72,601.89,PO-78380,INV-750521,AUD,1.0
TX005730,2025-05-07,2025,2,5,May,D003,C006,V034,R03,P008,Travel expense - Human Resources,Corporate Card,Posted,605.04,60.5,665.54,,,AUD,1.0
TX005731,2025-03-31,2025,1,3,March,D003,C011,V014,R02,P008,Office Supplies expense - Human Resources,Invoice,Posted,110.0,11.0,121.0,PO-96182,INV-867589,AUD,1.0
TX005732,2025-09-22,2025,3,9,September,D004,C009,V026,R01,P008,Advertising expense - Marketing,Corporate Card,Posted,467.34,46.73,514.07,,,AUD,1.0
TX005733,2024-06-07,2024,2,6,June,D001,C004,V021,R01,P008,Contractors expense - Information Technology,Corporate Card,Posted,2631.91,263.19,2895.1,,,AUD,1.0
TX005734,2026-03-10,2026,1,3,March,D003,C006,V007,R01,P008,Travel expense - Human Resources,Direct Debit,Posted,988.89,98.89,1087.78,,INV-382669,AUD,1.0
TX005735,2024-06-22,2024,2,6,June,D002,C017,V017,R01,P002,Legal & Compliance expense - Finance,Direct Debit,Posted,1494.82,149.48,1644.3,,INV-420808,AUD,1.0
TX005736,2024-08-11,2024,3,8,August,D003,C006,V025,R01,P008,Travel expense - Human Resources,Invoice,Posted,998.71,99.87,1098.58,PO-19814,INV-477300,AUD,1.0
TX005737,2025-08-29,2025,3,8,August,D005,C012,V009,R04,P008,Telecommunications expense - Sales,Invoice,Posted,718.88,71.89,790.77,PO-56211,INV-972044,AUD,1.0
TX005738,2026-06-01,2026,2,6,June,D003,C007,V031,R01,P001,Training expense - Human Resources,Invoice,Posted,342.83,34.28,377.11,PO-28717,INV-342928,AUD,1.0
TX005739,2025-02-09,2025,1,2,February,D002,C006,V016,R04,P008,Travel expense - Finance,Invoice,Posted,1023.32,102.33,1125.65,PO-70228,INV-785903,AUD,1.0
TX005740,2025-04-13,2025,2,4,April,D003,C011,V007,R03,P008,Office Supplies expense - Human Resources,Invoice,Posted,210.09,21.01,231.1,PO-11747,INV-751417,AUD,1.0
TX005741,2024-01-25,2024,1,1,January,D002,C004,V031,R03,P008,Contractors expense - Finance,Invoice,Posted,2275.46,227.55,2503.01,PO-85363,INV-384231,AUD,1.0
TX005742,2024-07-20,2024,3,7,July,D002,C005,V032,R01,P002,Consulting expense - Finance,Invoice,Posted,5217.86,521.79,5739.65,PO-21858,INV-486014,AUD,1.0
TX005743,2025-02-21,2025,1,2,February,D004,C009,V018,R02,P008,Advertising expense - Marketing,Corporate Card,Posted,4012.86,401.29,4414.15,,,AUD,1.0
TX005744,2024-11-27,2024,4,11,November,D007,C020,V027,R02,P008,Customer Support Tools expense - Customer Service,Direct Debit,Posted,527.66,52.77,580.43,,INV-959947,AUD,1.0
TX005745,2024-11-12,2024,4,11,November,D003,C008,V031,R03,P001,Recruitment expense - Human Resources,Invoice,Pending,962.89,96.29,1059.18,PO-40465,INV-355464,AUD,1.0
TX005746,2024-04-30,2024,2,4,April,D002,C016,V004,R01,P008,Insurance expense - Finance,Invoice,Posted,301.52,30.15,331.67,PO-36844,INV-940217,AUD,1.0
TX005747,2025-08-07,2025,3,8,August,D001,C003,V006,R04,P008,Hardware expense - Information Technology,Invoice,Posted,1010.12,101.01,1111.13,PO-31079,INV-746016,AUD,1.0
TX005748,2025-04-18,2025,2,4,April,D007,C012,V019,R01,P007,Telecommunications expense - Customer Service,Corporate Card,Posted,1178.93,117.89,1296.82,,,AUD,1.0
TX005749,2025-03-26,2025,1,3,March,D007,C001,V010,R01,P001,Software & SaaS expense - Customer Service,Invoice,Posted,864.53,86.45,950.98,PO-74028,INV-394431,AUD,1.0
TX005750,2024-02-09,2024,1,2,February,D006,C003,V019,R02,P004,Hardware expense - Operations,Direct Debit,Posted,1947.96,194.8,2142.76,,INV-431340,AUD,1.0
TX005751,2025-07-07,2025,3,7,July,D003,C011,V022,R01,P008,Office Supplies expense - Human Resources,Invoice,Posted,122.9,12.29,135.19,PO-60244,INV-901343,AUD,1.0
TX005752,2024-04-12,2024,2,4,April,D008,C013,V003,R03,P008,Rent expense - Facilities,Invoice,Posted,777.1,77.71,854.81,PO-61989,INV-326204,AUD,1.0
TX005753,2024-04-20,2024,2,4,April,D001,C003,V023,R05,P008,Hardware expense - Information Technology,Invoice,Posted,520.92,52.09,573.01,PO-17783,INV-604588,AUD,1.0
TX005754,2026-03-14,2026,1,3,March,D004,C004,V004,R02,P008,Contractors expense - Marketing,Corporate Card,Posted,1909.79,190.98,2100.77,,,AUD,1.0
TX005755,2025-06-22,2025,2,6,June,D003,C001,V002,R03,P008,Software & SaaS expense - Human Resources,Expense Claim,Posted,2684.96,268.5,2953.46,,,AUD,1.0
TX005756,2025-09-29,2025,3,9,September,D004,C010,V025,R02,P008,Events expense - Marketing,Invoice,Pending,2481.95,248.19,2730.14,PO-93144,INV-218463,AUD,1.0
TX005757,2024-01-15,2024,1,1,January,D007,C001,V010,R01,P004,Software & SaaS expense - Customer Service,Corporate Card,Posted,1348.03,134.8,1482.83,,,AUD,1.0
TX005758,2024-08-04,2024,3,8,August,D008,C011,V009,R01,P008,Office Supplies expense - Facilities,Corporate Card,Posted,212.09,21.21,233.3,,,AUD,1.0
TX005759,2025-10-28,2025,4,10,October,D002,C007,V035,R04,P008,Training expense - Finance,Corporate Card,Posted,257.66,25.77,283.43,,,AUD,1.0
TX005760,2026-03-21,2026,1,3,March,D008,C013,V030,R02,P008,Rent expense - Facilities,Invoice,Posted,3292.81,329.28,3622.09,PO-92113,INV-366517,AUD,1.0
TX005761,2026-04-16,2026,2,4,April,D004,C010,V003,R02,P001,Events expense - Marketing,Invoice,Posted,610.51,61.05,671.56,PO-80888,INV-494209,AUD,1.0
TX005762,2024-12-28,2024,4,12,December,D008,C011,V016,R02,P008,Office Supplies expense - Facilities,Corporate Card,Posted,92.12,9.21,101.33,,,AUD,1.0
TX005763,2025-12-18,2025,4,12,December,D008,C011,V005,R01,P003,Office Supplies expense - Facilities,Direct Debit,Posted,287.23,28.72,315.95,,INV-991786,AUD,1.0
TX005764,2024-07-28,2024,3,7,July,D002,C005,V024,R05,P001,Consulting expense - Finance,Corporate Card,Posted,1675.31,167.53,1842.84,,,AUD,1.0
TX005765,2025-10-30,2025,4,10,October,D005,C006,V018,R01,P006,Travel expense - Sales,Expense Claim,Posted,698.36,69.84,768.2,,,AUD,1.0
TX005766,2024-04-10,2024,2,4,April,D004,C004,V033,R03,P008,Contractors expense - Marketing,Corporate Card,Posted,1323.38,132.34,1455.72,,,AUD,1.0
TX005767,2024-06-02,2024,2,6,June,D005,C019,V013,R03,P008,Vehicle Expenses expense - Sales,Invoice,Posted,1483.97,148.4,1632.37,PO-86244,INV-122361,AUD,1.0
TX005768,2024-09-21,2024,3,9,September,D001,C001,V021,R03,P004,Software & SaaS expense - Information Technology,Invoice,Posted,1941.27,194.13,2135.4,PO-48137,INV-347301,AUD,1.0
TX005769,2026-01-02,2026,1,1,January,D003,C006,V024,R04,P005,Travel expense - Human Resources,Invoice,Posted,496.57,49.66,546.23,PO-56519,INV-760949,AUD,1.0
TX005770,2024-03-18,2024,1,3,March,D003,C004,V022,R02,P008,Contractors expense - Human Resources,Direct Debit,Posted,425.32,42.53,467.85,,INV-151608,AUD,1.0
TX005771,2025-03-21,2025,1,3,March,D003,C008,V009,R02,P008,Recruitment expense - Human Resources,Corporate Card,Posted,544.92,54.49,599.41,,,AUD,1.0
TX005772,2026-04-17,2026,2,4,April,D006,C011,V019,R01,P008,Office Supplies expense - Operations,Invoice,Posted,337.99,33.8,371.79,PO-37450,INV-933799,AUD,1.0
TX005773,2024-01-19,2024,1,1,January,D003,C006,V024,R03,P008,Travel expense - Human Resources,Direct Debit,Posted,959.89,95.99,1055.88,,INV-770841,AUD,1.0
TX005774,2025-02-12,2025,1,2,February,D001,C005,V026,R01,P001,Consulting expense - Information Technology,Invoice,Accrued,3038.82,303.88,3342.7,PO-41143,INV-983490,AUD,1.0
TX005775,2026-03-02,2026,1,3,March,D006,C004,V021,R04,P008,Contractors expense - Operations,Invoice,Posted,1009.76,100.98,1110.74,PO-18069,INV-359294,AUD,1.0
TX005776,2025-03-21,2025,1,3,March,D008,C014,V014,R02,P008,Utilities expense - Facilities,Direct Debit,Posted,631.45,63.15,694.6,,INV-783799,AUD,1.0
TX005777,2024-07-06,2024,3,7,July,D008,C013,V035,R05,P008,Rent expense - Facilities,Invoice,Posted,4239.86,423.99,4663.85,PO-85998,INV-993169,AUD,1.0
TX005778,2024-01-18,2024,1,1,January,D006,C004,V019,R02,P008,Contractors expense - Operations,Invoice,Posted,888.61,88.86,977.47,PO-77620,INV-579111,USD,1.5013
TX005779,2025-06-06,2025,2,6,June,D003,C006,V008,R04,P003,Travel expense - Human Resources,Direct Debit,Posted,1462.53,146.25,1608.78,,INV-144207,AUD,1.0
TX005780,2026-05-27,2026,2,5,May,D006,C019,V017,R01,P008,Vehicle Expenses expense - Operations,Expense Claim,Posted,2367.05,236.71,2603.76,,,AUD,1.0
TX005781,2025-07-10,2025,3,7,July,D006,C019,V003,R01,P008,Vehicle Expenses expense - Operations,Invoice,Posted,1477.06,147.71,1624.77,PO-56278,INV-630337,AUD,1.0
TX005782,2024-11-23,2024,4,11,November,D002,C001,V005,R01,P008,Software & SaaS expense - Finance,Invoice,Posted,1762.89,176.29,1939.18,PO-97483,INV-315602,AUD,1.0
TX005783,2024-06-26,2024,2,6,June,D003,C001,V005,R04,P006,Software & SaaS expense - Human Resources,Direct Debit,Posted,549.1,54.91,604.01,,INV-558915,AUD,1.0
TX005784,2025-05-08,2025,2,5,May,D008,C014,V020,R01,P008,Utilities expense - Facilities,Invoice,Posted,576.12,57.61,633.73,PO-15791,INV-179668,USD,1.4775
TX005785,2025-04-07,2025,2,4,April,D008,C011,V019,R03,P008,Office Supplies expense - Facilities,Invoice,Posted,666.61,66.66,733.27,PO-83784,INV-923838,AUD,1.0
TX005786,2026-04-19,2026,2,4,April,D004,C009,V018,R04,P008,Advertising expense - Marketing,Corporate Card,Posted,1142.01,114.2,1256.21,,,AUD,1.0
TX005787,2024-02-22,2024,1,2,February,D006,C011,V009,R03,P008,Office Supplies expense - Operations,Direct Debit,Posted,204.41,20.44,224.85,,INV-174027,AUD,1.0
TX005788,2026-01-18,2026,1,1,January,D002,C004,V033,R03,P005,Contractors expense - Finance,Direct Debit,Posted,2865.85,286.58,3152.43,,INV-570750,AUD,1.0
TX005789,2026-03-20,2026,1,3,March,D001,C001,V019,R02,P003,Software & SaaS expense - Information Technology,Invoice,Posted,1909.09,190.91,2100.0,PO-38202,INV-612188,AUD,1.0
TX005790,2024-01-15,2024,1,1,January,D004,C006,V019,R01,P008,Travel expense - Marketing,Invoice,Posted,664.06,66.41,730.47,PO-28203,INV-755813,AUD,1.0
TX005791,2025-04-11,2025,2,4,April,D005,C006,V008,R02,P008,Travel expense - Sales,Invoice,Posted,806.11,80.61,886.72,PO-63769,INV-241130,AUD,1.0
TX005792,2024-02-26,2024,1,2,February,D006,C004,V022,R03,P008,Contractors expense - Operations,Invoice,Posted,1669.37,166.94,1836.31,PO-87998,INV-299254,AUD,1.0
TX005793,2024-07-13,2024,3,7,July,D004,C001,V012,R01,P008,Software & SaaS expense - Marketing,Invoice,Posted,144.87,14.49,159.36,PO-24608,INV-316619,AUD,1.0
TX005794,2024-09-13,2024,3,9,September,D008,C014,V021,R01,P008,Utilities expense - Facilities,Invoice,Posted,428.45,42.84,471.29,PO-51883,INV-932924,AUD,1.0
TX005795,2026-02-13,2026,1,2,February,D001,C012,V021,R01,P008,Telecommunications expense - Information Technology,Corporate Card,Posted,485.4,48.54,533.94,,,AUD,1.0
TX005796,2024-07-03,2024,3,7,July,D007,C007,V032,R03,P008,Training expense - Customer Service,Invoice,Posted,180.52,18.05,198.57,PO-43556,INV-260655,AUD,1.0
TX005797,2026-05-23,2026,2,5,May,D002,C006,V023,R02,P002,Travel expense - Finance,Invoice,Posted,1131.27,113.13,1244.4,PO-84448,INV-865012,AUD,1.0
TX005798,2024-01-16,2024,1,1,January,D005,C009,V028,R01,P008,Advertising expense - Sales,Invoice,Posted,640.2,64.02,704.22,PO-29239,INV-415333,AUD,1.0
TX005799,2024-02-27,2024,1,2,February,D007,C012,V007,R02,P008,Telecommunications expense - Customer Service,Invoice,Posted,360.3,36.03,396.33,PO-82654,INV-736703,AUD,1.0
TX005800,2026-04-09,2026,2,4,April,D001,C001,V010,R02,P008,Software & SaaS expense - Information Technology,Direct Debit,Posted,628.75,62.88,691.63,,INV-294641,AUD,1.0
TX005801,2024-04-27,2024,2,4,April,D007,C004,V011,R01,P008,Contractors expense - Customer Service,Invoice,Accrued,3064.81,306.48,3371.29,PO-13776,INV-572475,AUD,1.0
TX005802,2025-03-20,2025,1,3,March,D006,C006,V033,R02,P008,Travel expense - Operations,Direct Debit,Posted,1103.77,110.38,1214.15,,INV-713293,AUD,1.0
TX005803,2025-04-22,2025,2,4,April,D008,C011,V008,R05,P008,Office Supplies expense - Facilities,Direct Debit,Posted,380.61,38.06,418.67,,INV-410138,AUD,1.0
TX005804,2024-05-28,2024,2,5,May,D003,C001,V031,R01,P008,Software & SaaS expense - Human Resources,Invoice,Posted,4714.32,471.43,5185.75,PO-41715,INV-285467,AUD,1.0
TX005805,2024-09-07,2024,3,9,September,D003,C008,V003,R01,P004,Recruitment expense - Human Resources,Corporate Card,Posted,277.5,27.75,305.25,,,AUD,1.0
TX005806,2025-06-07,2025,2,6,June,D005,C006,V033,R01,P008,Travel expense - Sales,Corporate Card,Posted,320.83,32.08,352.91,,,AUD,1.0
TX005807,2025-10-26,2025,4,10,October,D005,C012,V015,R01,P003,Telecommunications expense - Sales,Invoice,Posted,206.28,20.63,226.91,PO-29432,INV-866723,AUD,1.0
TX005808,2026-02-17,2026,1,2,February,D001,C012,V024,R02,P002,Telecommunications expense - Information Technology,Invoice,Posted,172.38,17.24,189.62,PO-66025,INV-476328,AUD,1.0
TX005809,2025-06-28,2025,2,6,June,D003,C007,V007,R01,P001,Training expense - Human Resources,Invoice,Pending,1940.46,194.05,2134.51,PO-98005,INV-325642,AUD,1.0
TX005810,2025-06-20,2025,2,6,June,D008,C016,V011,R02,P008,Insurance expense - Facilities,Invoice,Posted,296.73,29.67,326.4,PO-74628,INV-475118,AUD,1.0
TX005811,2025-01-16,2025,1,1,January,D002,C005,V034,R04,P008,Consulting expense - Finance,Direct Debit,Accrued,2234.96,223.5,2458.46,,INV-947953,AUD,1.0
TX005812,2025-07-31,2025,3,7,July,D002,C006,V034,R02,P001,Travel expense - Finance,Corporate Card,Posted,227.84,22.78,250.62,,,AUD,1.0
TX005813,2024-12-10,2024,4,12,December,D007,C012,V029,R02,P008,Telecommunications expense - Customer Service,Invoice,Posted,801.84,80.18,882.02,PO-47075,INV-862653,AUD,1.0
TX005814,2024-09-21,2024,3,9,September,D005,C001,V029,R01,P006,Software & SaaS expense - Sales,Expense Claim,Posted,2138.7,213.87,2352.57,,,AUD,1.0
TX005815,2025-06-29,2025,2,6,June,D002,C004,V008,R01,P008,Contractors expense - Finance,Invoice,Posted,1679.2,167.92,1847.12,PO-56106,INV-626404,AUD,1.0
TX005816,2024-10-06,2024,4,10,October,D005,C009,V011,R02,P003,Advertising expense - Sales,Invoice,Accrued,1248.3,124.83,1373.13,PO-92208,INV-698680,AUD,1.0
TX005817,2024-03-26,2024,1,3,March,D004,C001,V024,R01,P007,Software & SaaS expense - Marketing,Expense Claim,Posted,513.47,51.35,564.82,,,AUD,1.0
TX005818,2024-11-24,2024,4,11,November,D005,C006,V004,R01,P003,Travel expense - Sales,Invoice,Posted,110.44,11.04,121.48,PO-43458,INV-572792,AUD,1.0
TX005819,2024-07-08,2024,3,7,July,D003,C007,V003,R03,P003,Training expense - Human Resources,Invoice,Posted,110.51,11.05,121.56,PO-20892,INV-812145,AUD,1.0
TX005820,2026-04-07,2026,2,4,April,D003,C004,V028,R01,P008,Contractors expense - Human Resources,Direct Debit,Posted,525.25,52.53,577.78,,INV-667617,AUD,1.0
TX005821,2026-02-08,2026,1,2,February,D008,C015,V016,R01,P003,Repairs & Maintenance expense - Facilities,Invoice,Posted,268.33,26.83,295.16,PO-38440,INV-279643,AUD,1.0
TX005822,2025-09-30,2025,3,9,September,D008,C011,V002,R02,P003,Office Supplies expense - Facilities,Corporate Card,Posted,658.04,65.8,723.84,,,AUD,1.0
TX005823,2026-04-26,2026,2,4,April,D006,C006,V029,R01,P006,Travel expense - Operations,Direct Debit,Posted,1112.58,111.26,1223.84,,INV-298751,AUD,1.0
TX005824,2024-04-28,2024,2,4,April,D008,C015,V009,R02,P008,Repairs & Maintenance expense - Facilities,Invoice,Posted,685.03,68.5,753.53,PO-61148,INV-676659,AUD,1.0
TX005825,2024-11-20,2024,4,11,November,D002,C007,V023,R01,P001,Training expense - Finance,Invoice,Posted,1003.48,100.35,1103.83,PO-47136,INV-268554,AUD,1.0
TX005826,2025-11-04,2025,4,11,November,D001,C020,V008,R03,P004,Customer Support Tools expense - Information Technology,Invoice,Posted,625.03,62.5,687.53,PO-23298,INV-613704,AUD,1.0
TX005827,2024-02-04,2024,1,2,February,D005,C001,V035,R01,P008,Software & SaaS expense - Sales,Invoice,Posted,927.77,92.78,1020.55,PO-70678,INV-863585,AUD,1.0
TX005828,2024-01-04,2024,1,1,January,D003,C001,V031,R02,P004,Software & SaaS expense - Human Resources,Invoice,Posted,2826.03,282.6,3108.63,PO-16788,INV-970954,AUD,1.0
TX005829,2025-04-07,2025,2,4,April,D008,C003,V032,R02,P008,Hardware expense - Facilities,Expense Claim,Posted,466.8,46.68,513.48,,,AUD,1.0
TX005830,2026-04-28,2026,2,4,April,D001,C004,V034,R01,P005,Contractors expense - Information Technology,Corporate Card,Posted,1794.55,179.46,1974.01,,,AUD,1.0
TX005831,2024-10-20,2024,4,10,October,D006,C003,V033,R04,P008,Hardware expense - Operations,Invoice,Posted,907.05,90.7,997.75,PO-48392,INV-431532,AUD,1.0
TX005832,2024-04-19,2024,2,4,April,D003,C007,V027,R01,P003,Training expense - Human Resources,Invoice,Posted,584.29,58.43,642.72,PO-45372,INV-196286,AUD,1.0
TX005833,2025-12-12,2025,4,12,December,D008,C016,V012,R02,P003,Insurance expense - Facilities,Invoice,Posted,511.62,51.16,562.78,PO-79111,INV-808338,USD,1.4822
TX005834,2024-12-15,2024,4,12,December,D007,C020,V001,R02,P008,Customer Support Tools expense - Customer Service,Invoice,Posted,330.39,33.04,363.43,PO-66925,INV-832708,USD,1.5623
TX005835,2024-08-29,2024,3,8,August,D005,C006,V024,R04,P003,Travel expense - Sales,Invoice,Accrued,928.34,92.83,1021.17,PO-53503,INV-242310,AUD,1.0
TX005836,2024-12-23,2024,4,12,December,D002,C017,V012,R01,P003,Legal & Compliance expense - Finance,Invoice,Posted,474.48,47.45,521.93,PO-81907,INV-386520,AUD,1.0
TX005837,2026-01-14,2026,1,1,January,D008,C011,V020,R01,P002,Office Supplies expense - Facilities,Invoice,Accrued,180.15,18.02,198.17,PO-71892,INV-492351,AUD,1.0
TX005838,2025-04-10,2025,2,4,April,D004,C004,V003,R04,P003,Contractors expense - Marketing,Direct Debit,Posted,7103.84,710.38,7814.22,,INV-263013,AUD,1.0
TX005839,2025-09-20,2025,3,9,September,D008,C016,V035,R01,P008,Insurance expense - Facilities,Invoice,Posted,151.23,15.12,166.35,PO-92573,INV-366152,AUD,1.0
TX005840,2025-11-28,2025,4,11,November,D006,C018,V014,R02,P008,Freight & Logistics expense - Operations,Invoice,Accrued,1195.3,119.53,1314.83,PO-78448,INV-991167,USD,1.509
TX005841,2024-05-06,2024,2,5,May,D006,C006,V028,R01,P002,Travel expense - Operations,Corporate Card,Posted,950.93,95.09,1046.02,,,AUD,1.0
TX005842,2026-02-22,2026,1,2,February,D002,C017,V018,R03,P004,Legal & Compliance expense - Finance,Invoice,Posted,1063.07,106.31,1169.38,PO-87639,INV-709388,AUD,1.0
TX005843,2024-08-02,2024,3,8,August,D004,C004,V006,R04,P005,Contractors expense - Marketing,Direct Debit,Posted,1480.54,148.05,1628.59,,INV-384283,AUD,1.0
TX005844,2025-08-27,2025,3,8,August,D005,C001,V029,R02,P008,Software & SaaS expense - Sales,Corporate Card,Posted,947.99,94.8,1042.79,,,AUD,1.0
TX005845,2025-09-27,2025,3,9,September,D003,C007,V005,R05,P008,Training expense - Human Resources,Invoice,Posted,88.39,8.84,97.23,PO-78812,INV-453463,USD,1.4854
TX005846,2025-04-05,2025,2,4,April,D006,C004,V008,R01,P005,Contractors expense - Operations,Corporate Card,Accrued,411.85,41.19,453.04,,,AUD,1.0
TX005847,2024-04-23,2024,2,4,April,D001,C005,V021,R01,P008,Consulting expense - Information Technology,Corporate Card,Posted,589.9,58.99,648.89,,,AUD,1.0
TX005848,2024-03-24,2024,1,3,March,D003,C001,V020,R05,P008,Software & SaaS expense - Human Resources,Invoice,Accrued,1630.91,163.09,1794.0,PO-71998,INV-696978,AUD,1.0
TX005849,2025-11-17,2025,4,11,November,D005,C006,V003,R02,P007,Travel expense - Sales,Direct Debit,Posted,257.71,25.77,283.48,,INV-937502,AUD,1.0
TX005850,2024-12-03,2024,4,12,December,D004,C004,V016,R02,P008,Contractors expense - Marketing,Corporate Card,Posted,1126.33,112.63,1238.96,,,AUD,1.0
TX005851,2025-02-20,2025,1,2,February,D006,C003,V014,R04,P008,Hardware expense - Operations,Invoice,Posted,722.23,72.22,794.45,PO-55198,INV-427206,AUD,1.0
TX005852,2026-01-05,2026,1,1,January,D006,C004,V011,R01,P001,Contractors expense - Operations,Expense Claim,Posted,1829.85,182.99,2012.84,,,AUD,1.0
TX005853,2024-10-08,2024,4,10,October,D001,C003,V004,R04,P007,Hardware expense - Information Technology,Direct Debit,Posted,913.66,91.37,1005.03,,INV-392695,AUD,1.0
TX005854,2025-03-06,2025,1,3,March,D001,C001,V017,R03,P008,Software & SaaS expense - Information Technology,Invoice,Posted,816.87,81.69,898.56,PO-87892,INV-824436,AUD,1.0
TX005855,2024-06-04,2024,2,6,June,D006,C006,V017,R05,P004,Travel expense - Operations,Invoice,Posted,543.85,54.39,598.24,PO-10657,INV-231530,AUD,1.0
TX005856,2024-06-30,2024,2,6,June,D001,C012,V025,R03,P007,Telecommunications expense - Information Technology,Corporate Card,Posted,321.86,32.19,354.05,,,AUD,1.0
TX005857,2026-06-29,2026,2,6,June,D006,C018,V031,R02,P008,Freight & Logistics expense - Operations,Invoice,Posted,276.09,27.61,303.7,PO-30033,INV-672236,AUD,1.0
TX005858,2025-12-08,2025,4,12,December,D004,C006,V031,R04,P004,Travel expense - Marketing,Invoice,Posted,160.2,16.02,176.22,PO-77195,INV-492617,AUD,1.0
TX005859,2025-05-04,2025,2,5,May,D006,C004,V007,R05,P001,Contractors expense - Operations,Invoice,Posted,968.14,96.81,1064.95,PO-73480,INV-510375,AUD,1.0
TX005860,2025-02-10,2025,1,2,February,D002,C006,V018,R05,P008,Travel expense - Finance,Invoice,Posted,777.85,77.79,855.64,PO-25392,INV-282931,AUD,1.0
TX005861,2026-03-30,2026,1,3,March,D006,C011,V023,R01,P002,Office Supplies expense - Operations,Invoice,Posted,346.64,34.66,381.3,PO-39737,INV-734765,AUD,1.0
TX005862,2025-06-10,2025,2,6,June,D002,C016,V023,R02,P008,Insurance expense - Finance,Corporate Card,Posted,310.63,31.06,341.69,,,AUD,1.0
TX005863,2026-06-02,2026,2,6,June,D007,C001,V017,R01,P008,Software & SaaS expense - Customer Service,Invoice,Posted,1509.44,150.94,1660.38,PO-69393,INV-289657,USD,1.5102
TX005864,2024-07-28,2024,3,7,July,D003,C001,V016,R02,P001,Software & SaaS expense - Human Resources,Invoice,Posted,318.66,31.87,350.53,PO-82994,INV-217891,AUD,1.0
TX005865,2024-01-13,2024,1,1,January,D004,C004,V001,R01,P003,Contractors expense - Marketing,Invoice,Posted,858.53,85.85,944.38,PO-92355,INV-437794,AUD,1.0
TX005866,2026-02-15,2026,1,2,February,D005,C006,V027,R05,P002,Travel expense - Sales,Invoice,Posted,665.01,66.5,731.51,PO-49416,INV-355939,AUD,1.0
TX005867,2025-04-04,2025,2,4,April,D002,C017,V024,R01,P002,Legal & Compliance expense - Finance,Direct Debit,Posted,696.75,69.67,766.42,,INV-532229,AUD,1.0
TX005868,2025-12-15,2025,4,12,December,D004,C006,V006,R01,P008,Travel expense - Marketing,Invoice,Posted,394.08,39.41,433.49,PO-84086,INV-219632,AUD,1.0
TX005869,2025-06-03,2025,2,6,June,D003,C004,V032,R01,P002,Contractors expense - Human Resources,Expense Claim,Posted,2248.7,224.87,2473.57,,,AUD,1.0
TX005870,2024-03-08,2024,1,3,March,D008,C016,V006,R01,P008,Insurance expense - Facilities,Corporate Card,Posted,99.39,9.94,109.33,,,AUD,1.0
TX005871,2024-06-08,2024,2,6,June,D002,C005,V011,R02,P002,Consulting expense - Finance,Direct Debit,Posted,320.2,32.02,352.22,,INV-515676,AUD,1.0
TX005872,2025-06-23,2025,2,6,June,D008,C014,V023,R01,P008,Utilities expense - Facilities,Invoice,Posted,544.83,54.48,599.31,PO-86184,INV-573725,AUD,1.0
TX005873,2026-06-28,2026,2,6,June,D008,C016,V002,R04,P008,Insurance expense - Facilities,Direct Debit,Posted,518.07,51.81,569.88,,INV-538301,AUD,1.0
TX005874,2025-04-27,2025,2,4,April,D004,C010,V015,R03,P003,Events expense - Marketing,Direct Debit,Posted,1102.91,110.29,1213.2,,INV-615618,AUD,1.0
TX005875,2024-07-08,2024,3,7,July,D001,C002,V011,R01,P008,Cloud Services expense - Information Technology,Expense Claim,Posted,663.22,66.32,729.54,,,AUD,1.0
TX005876,2024-09-22,2024,3,9,September,D007,C020,V035,R03,P004,Customer Support Tools expense - Customer Service,Invoice,Posted,475.44,47.54,522.98,PO-47877,INV-702734,AUD,1.0
TX005877,2024-05-18,2024,2,5,May,D004,C006,V009,R03,P008,Travel expense - Marketing,Invoice,Posted,1502.72,150.27,1652.99,PO-46541,INV-204288,AUD,1.0
TX005878,2025-04-20,2025,2,4,April,D007,C004,V022,R04,P008,Contractors expense - Customer Service,Corporate Card,Pending,823.17,82.32,905.49,,,AUD,1.0
TX005879,2025-12-16,2025,4,12,December,D008,C016,V008,R05,P006,Insurance expense - Facilities,Invoice,Posted,71.42,7.14,78.56,PO-77183,INV-254231,AUD,1.0
TX005880,2024-03-12,2024,1,3,March,D002,C004,V017,R01,P002,Contractors expense - Finance,Invoice,Posted,2415.87,241.59,2657.46,PO-54556,INV-961725,AUD,1.0
TX005881,2024-01-19,2024,1,1,January,D006,C011,V025,R03,P008,Office Supplies expense - Operations,Corporate Card,Posted,230.8,23.08,253.88,,,AUD,1.0
TX005882,2024-08-16,2024,3,8,August,D003,C008,V015,R01,P002,Recruitment expense - Human Resources,Invoice,Posted,1393.29,139.33,1532.62,PO-58107,INV-838309,AUD,1.0
TX005883,2025-09-16,2025,3,9,September,D007,C004,V011,R01,P008,Contractors expense - Customer Service,Corporate Card,Posted,3081.33,308.13,3389.46,,,AUD,1.0
TX005884,2025-08-31,2025,3,8,August,D004,C010,V011,R01,P005,Events expense - Marketing,Expense Claim,Accrued,391.66,39.17,430.83,,,AUD,1.0
TX005885,2024-01-06,2024,1,1,January,D008,C015,V001,R01,P004,Repairs & Maintenance expense - Facilities,Corporate Card,Posted,343.66,34.37,378.03,,,AUD,1.0
TX005886,2024-06-18,2024,2,6,June,D006,C019,V018,R01,P007,Vehicle Expenses expense - Operations,Corporate Card,Posted,1378.54,137.85,1516.39,,,AUD,1.0
TX005887,2024-03-07,2024,1,3,March,D008,C004,V021,R02,P008,Contractors expense - Facilities,Invoice,Posted,2461.14,246.11,2707.25,PO-52530,INV-871572,AUD,1.0
TX005888,2024-12-06,2024,4,12,December,D007,C007,V013,R01,P004,Training expense - Customer Service,Invoice,Posted,817.11,81.71,898.82,PO-11634,INV-349589,AUD,1.0
TX005889,2024-02-18,2024,1,2,February,D003,C004,V020,R05,P008,Contractors expense - Human Resources,Invoice,Posted,983.28,98.33,1081.61,PO-87788,INV-932200,AUD,1.0
TX005890,2026-05-12,2026,2,5,May,D001,C004,V004,R02,P005,Contractors expense - Information Technology,Corporate Card,Posted,3633.68,363.37,3997.05,,,AUD,1.0
TX005891,2025-02-20,2025,1,2,February,D005,C009,V022,R02,P005,Advertising expense - Sales,Invoice,Pending,1317.07,131.71,1448.78,PO-11657,INV-243769,AUD,1.0
TX005892,2025-06-22,2025,2,6,June,D004,C006,V035,R02,P008,Travel expense - Marketing,Invoice,Posted,326.37,32.64,359.01,PO-94538,INV-954084,USD,1.4562
TX005893,2024-06-24,2024,2,6,June,D003,C008,V018,R01,P008,Recruitment expense - Human Resources,Expense Claim,Posted,1188.87,118.89,1307.76,,,AUD,1.0
TX005894,2025-09-03,2025,3,9,September,D001,C002,V017,R05,P008,Cloud Services expense - Information Technology,Invoice,Posted,5041.64,504.16,5545.8,PO-25073,INV-963420,AUD,1.0
TX005895,2025-02-16,2025,1,2,February,D007,C020,V033,R03,P003,Customer Support Tools expense - Customer Service,Direct Debit,Posted,609.75,60.98,670.73,,INV-624306,USD,1.5371
TX005896,2026-06-09,2026,2,6,June,D006,C018,V024,R02,P008,Freight & Logistics expense - Operations,Direct Debit,Posted,1496.31,149.63,1645.94,,INV-232816,AUD,1.0
TX005897,2026-03-03,2026,1,3,March,D007,C001,V019,R01,P008,Software & SaaS expense - Customer Service,Invoice,Posted,1091.89,109.19,1201.08,PO-20136,INV-883631,AUD,1.0
TX005898,2025-01-12,2025,1,1,January,D005,C009,V017,R02,P001,Advertising expense - Sales,Invoice,Posted,4912.86,491.29,5404.15,PO-76979,INV-959187,AUD,1.0
TX005899,2024-02-08,2024,1,2,February,D001,C002,V015,R04,P008,Cloud Services expense - Information Technology,Invoice,Posted,1305.61,130.56,1436.17,PO-60383,INV-849164,AUD,1.0
TX005900,2024-03-10,2024,1,3,March,D008,C014,V010,R03,P008,Utilities expense - Facilities,Invoice,Posted,2163.78,216.38,2380.16,PO-58272,INV-855167,AUD,1.0
TX005901,2026-04-22,2026,2,4,April,D006,C011,V010,R01,P003,Office Supplies expense - Operations,Invoice,Posted,56.67,5.67,62.34,PO-57042,INV-400050,AUD,1.0
TX005902,2024-05-27,2024,2,5,May,D007,C020,V034,R05,P008,Customer Support Tools expense - Customer Service,Invoice,Posted,1135.74,113.57,1249.31,PO-92714,INV-183903,AUD,1.0
TX005903,2024-05-19,2024,2,5,May,D005,C006,V003,R01,P008,Travel expense - Sales,Invoice,Posted,916.58,91.66,1008.24,PO-73412,INV-250649,AUD,1.0
TX005904,2025-03-24,2025,1,3,March,D006,C011,V014,R01,P002,Office Supplies expense - Operations,Invoice,Posted,369.34,36.93,406.27,PO-20420,INV-381710,AUD,1.0
TX005905,2025-02-07,2025,1,2,February,D008,C004,V004,R01,P008,Contractors expense - Facilities,Corporate Card,Posted,1995.23,199.52,2194.75,,,AUD,1.0
TX005906,2026-04-26,2026,2,4,April,D003,C007,V013,R01,P008,Training expense - Human Resources,Invoice,Posted,592.39,59.24,651.63,PO-45141,INV-353509,AUD,1.0
TX005907,2024-09-23,2024,3,9,September,D002,C007,V024,R02,P008,Training expense - Finance,Invoice,Accrued,654.33,65.43,719.76,PO-58651,INV-187061,AUD,1.0
TX005908,2025-01-17,2025,1,1,January,D001,C002,V017,R01,P006,Cloud Services expense - Information Technology,Invoice,Posted,5370.0,537.0,5907.0,PO-21068,INV-598395,AUD,1.0
TX005909,2025-02-22,2025,1,2,February,D004,C010,V002,R02,P008,Events expense - Marketing,Invoice,Posted,850.67,85.07,935.74,PO-35522,INV-250445,AUD,1.0
TX005910,2025-01-02,2025,1,1,January,D004,C006,V024,R01,P008,Travel expense - Marketing,Invoice,Posted,245.78,24.58,270.36,PO-52535,INV-955778,AUD,1.0
TX005911,2025-02-27,2025,1,2,February,D001,C001,V019,R03,P008,Software & SaaS expense - Information Technology,Invoice,Posted,612.78,61.28,674.06,PO-64340,INV-586344,AUD,1.0
TX005912,2026-04-01,2026,2,4,April,D001,C004,V006,R04,P008,Contractors expense - Information Technology,Corporate Card,Posted,5054.14,505.41,5559.55,,,AUD,1.0
TX005913,2024-08-04,2024,3,8,August,D003,C004,V013,R01,P005,Contractors expense - Human Resources,Invoice,Posted,3963.46,396.35,4359.81,PO-53905,INV-518498,AUD,1.0
TX005914,2024-02-08,2024,1,2,February,D003,C007,V007,R02,P005,Training expense - Human Resources,Direct Debit,Posted,148.24,14.82,163.06,,INV-337896,AUD,1.0
TX005915,2025-09-27,2025,3,9,September,D008,C004,V017,R01,P008,Contractors expense - Facilities,Corporate Card,Posted,883.73,88.37,972.1,,,AUD,1.0
TX005916,2025-08-25,2025,3,8,August,D007,C001,V006,R04,P008,Software & SaaS expense - Customer Service,Invoice,Posted,822.92,82.29,905.21,PO-79574,INV-968003,AUD,1.0
TX005917,2024-03-20,2024,1,3,March,D007,C007,V035,R01,P008,Training expense - Customer Service,Direct Debit,Posted,164.67,16.47,181.14,,INV-994126,AUD,1.0
TX005918,2024-06-07,2024,2,6,June,D001,C012,V024,R03,P008,Telecommunications expense - Information Technology,Invoice,Posted,261.31,26.13,287.44,PO-20494,INV-434747,AUD,1.0
TX005919,2024-06-23,2024,2,6,June,D001,C001,V034,R03,P007,Software & SaaS expense - Information Technology,Invoice,Posted,1339.98,134.0,1473.98,PO-98635,INV-293963,AUD,1.0
TX005920,2024-10-01,2024,4,10,October,D007,C020,V011,R03,P008,Customer Support Tools expense - Customer Service,Corporate Card,Posted,499.58,49.96,549.54,,,AUD,1.0
TX005921,2024-01-12,2024,1,1,January,D002,C004,V013,R03,P006,Contractors expense - Finance,Expense Claim,Posted,1109.91,110.99,1220.9,,,AUD,1.0
TX005922,2025-09-24,2025,3,9,September,D005,C009,V035,R01,P008,Advertising expense - Sales,Invoice,Posted,756.09,75.61,831.7,PO-30744,INV-493715,AUD,1.0
TX005923,2025-02-08,2025,1,2,February,D002,C006,V029,R03,P003,Travel expense - Finance,Invoice,Posted,298.91,29.89,328.8,PO-12910,INV-683941,AUD,1.0
TX005924,2025-02-07,2025,1,2,February,D007,C001,V026,R01,P002,Software & SaaS expense - Customer Service,Direct Debit,Posted,553.37,55.34,608.71,,INV-968920,AUD,1.0
TX005925,2024-03-02,2024,1,3,March,D005,C019,V020,R01,P008,Vehicle Expenses expense - Sales,Corporate Card,Posted,812.07,81.21,893.28,,,AUD,1.0
TX005926,2025-05-26,2025,2,5,May,D008,C013,V025,R04,P003,Rent expense - Facilities,Direct Debit,Accrued,1757.07,175.71,1932.78,,INV-145423,AUD,1.0
TX005927,2025-11-07,2025,4,11,November,D007,C012,V034,R03,P008,Telecommunications expense - Customer Service,Corporate Card,Posted,329.85,32.99,362.84,,,AUD,1.0
TX005928,2025-12-14,2025,4,12,December,D002,C017,V020,R01,P006,Legal & Compliance expense - Finance,Invoice,Posted,318.91,31.89,350.8,PO-71743,INV-949799,AUD,1.0
TX005929,2024-01-14,2024,1,1,January,D006,C003,V010,R03,P008,Hardware expense - Operations,Invoice,Posted,346.29,34.63,380.92,PO-39097,INV-281959,AUD,1.0
TX005930,2026-06-02,2026,2,6,June,D003,C006,V034,R01,P008,Travel expense - Human Resources,Invoice,Posted,928.59,92.86,1021.45,PO-36085,INV-656572,AUD,1.0
TX005931,2024-09-05,2024,3,9,September,D005,C001,V010,R02,P008,Software & SaaS expense - Sales,Invoice,Accrued,390.57,39.06,429.63,PO-13369,INV-247025,AUD,1.0
TX005932,2025-08-06,2025,3,8,August,D002,C004,V028,R01,P003,Contractors expense - Finance,Invoice,Pending,1908.37,190.84,2099.21,PO-63839,INV-938709,AUD,1.0
TX005933,2024-11-30,2024,4,11,November,D001,C004,V033,R01,P003,Contractors expense - Information Technology,Invoice,Posted,1300.96,130.1,1431.06,PO-62891,INV-836571,AUD,1.0
TX005934,2024-08-29,2024,3,8,August,D002,C007,V016,R03,P005,Training expense - Finance,Direct Debit,Posted,239.02,23.9,262.92,,INV-977243,AUD,1.0
TX005935,2024-11-19,2024,4,11,November,D001,C004,V007,R02,P008,Contractors expense - Information Technology,Direct Debit,Posted,1901.74,190.17,2091.91,,INV-479356,AUD,1.0
TX005936,2024-09-02,2024,3,9,September,D004,C006,V003,R02,P008,Travel expense - Marketing,Invoice,Accrued,2447.53,244.75,2692.28,PO-41983,INV-957901,AUD,1.0
TX005937,2024-07-16,2024,3,7,July,D003,C011,V016,R01,P008,Office Supplies expense - Human Resources,Direct Debit,Posted,128.04,12.8,140.84,,INV-866858,AUD,1.0
TX005938,2025-06-13,2025,2,6,June,D001,C002,V006,R01,P004,Cloud Services expense - Information Technology,Expense Claim,Posted,1722.3,172.23,1894.53,,,AUD,1.0
TX005939,2025-01-21,2025,1,1,January,D005,C009,V027,R02,P008,Advertising expense - Sales,Corporate Card,Accrued,2136.87,213.69,2350.56,,,AUD,1.0
TX005940,2024-12-31,2024,4,12,December,D006,C003,V004,R01,P008,Hardware expense - Operations,Corporate Card,Posted,2069.4,206.94,2276.34,,,AUD,1.0
TX005941,2024-08-19,2024,3,8,August,D008,C003,V021,R04,P008,Hardware expense - Facilities,Corporate Card,Posted,641.18,64.12,705.3,,,AUD,1.0
TX005942,2024-04-01,2024,2,4,April,D005,C006,V035,R05,P008,Travel expense - Sales,Invoice,Posted,272.54,27.25,299.79,PO-30371,INV-939572,AUD,1.0
TX005943,2024-12-29,2024,4,12,December,D002,C005,V001,R03,P002,Consulting expense - Finance,Corporate Card,Posted,1421.9,142.19,1564.09,,,AUD,1.0
TX005944,2025-11-15,2025,4,11,November,D002,C006,V003,R01,P005,Travel expense - Finance,Invoice,Posted,1012.47,101.25,1113.72,PO-53452,INV-473845,AUD,1.0
TX005945,2024-04-13,2024,2,4,April,D008,C016,V018,R01,P003,Insurance expense - Facilities,Direct Debit,Posted,324.46,32.45,356.91,,INV-684273,AUD,1.0
TX005946,2024-05-19,2024,2,5,May,D006,C018,V032,R04,P005,Freight & Logistics expense - Operations,Invoice,Posted,1334.36,133.44,1467.8,PO-67194,INV-598833,AUD,1.0
TX005947,2025-04-14,2025,2,4,April,D008,C013,V004,R03,P008,Rent expense - Facilities,Invoice,Posted,1995.29,199.53,2194.82,PO-68041,INV-753073,AUD,1.0
TX005948,2026-05-26,2026,2,5,May,D005,C019,V013,R01,P008,Vehicle Expenses expense - Sales,Invoice,Posted,770.39,77.04,847.43,PO-33454,INV-241786,AUD,1.0
TX005949,2025-09-13,2025,3,9,September,D004,C010,V006,R02,P008,Events expense - Marketing,Invoice,Posted,1371.72,137.17,1508.89,PO-71201,INV-456487,AUD,1.0
TX005950,2025-09-12,2025,3,9,September,D004,C011,V023,R02,P002,Office Supplies expense - Marketing,Invoice,Posted,1149.99,115.0,1264.99,PO-71838,INV-175916,AUD,1.0
TX005951,2024-07-29,2024,3,7,July,D005,C010,V022,R03,P008,Events expense - Sales,Invoice,Posted,383.85,38.39,422.24,PO-90632,INV-322472,AUD,1.0
TX005952,2024-10-07,2024,4,10,October,D002,C001,V027,R01,P003,Software & SaaS expense - Finance,Invoice,Posted,647.85,64.79,712.64,PO-59187,INV-701229,AUD,1.0
TX005953,2025-02-12,2025,1,2,February,D008,C015,V026,R01,P008,Repairs & Maintenance expense - Facilities,Invoice,Posted,527.94,52.79,580.73,PO-51368,INV-113002,AUD,1.0
TX005954,2024-05-07,2024,2,5,May,D007,C001,V003,R01,P008,Software & SaaS expense - Customer Service,Direct Debit,Accrued,576.56,57.66,634.22,,INV-239024,AUD,1.0
TX005955,2024-08-25,2024,3,8,August,D008,C015,V016,R03,P008,Repairs & Maintenance expense - Facilities,Direct Debit,Posted,412.83,41.28,454.11,,INV-753910,AUD,1.0
TX005956,2025-02-27,2025,1,2,February,D006,C004,V004,R03,P008,Contractors expense - Operations,Invoice,Posted,2067.28,206.73,2274.01,PO-22612,INV-543247,AUD,1.0
TX005957,2025-06-22,2025,2,6,June,D007,C012,V026,R01,P004,Telecommunications expense - Customer Service,Corporate Card,Posted,307.46,30.75,338.21,,,AUD,1.0
TX005958,2024-09-17,2024,3,9,September,D005,C006,V022,R01,P008,Travel expense - Sales,Invoice,Posted,1635.89,163.59,1799.48,PO-14379,INV-928702,AUD,1.0
TX005959,2026-01-09,2026,1,1,January,D008,C015,V017,R02,P004,Repairs & Maintenance expense - Facilities,Invoice,Posted,939.38,93.94,1033.32,PO-93449,INV-298494,AUD,1.0
TX005960,2024-10-14,2024,4,10,October,D002,C005,V010,R01,P004,Consulting expense - Finance,Expense Claim,Posted,1302.78,130.28,1433.06,,,AUD,1.0
TX005961,2026-03-19,2026,1,3,March,D001,C001,V035,R03,P008,Software & SaaS expense - Information Technology,Expense Claim,Pending,1090.88,109.09,1199.97,,,AUD,1.0
TX005962,2026-01-12,2026,1,1,January,D007,C001,V028,R01,P003,Software & SaaS expense - Customer Service,Invoice,Posted,1896.32,189.63,2085.95,PO-19649,INV-963354,AUD,1.0
TX005963,2025-06-18,2025,2,6,June,D005,C006,V019,R03,P006,Travel expense - Sales,Invoice,Posted,544.54,54.45,598.99,PO-31080,INV-886930,AUD,1.0
TX005964,2025-07-28,2025,3,7,July,D003,C006,V028,R05,P008,Travel expense - Human Resources,Invoice,Posted,375.16,37.52,412.68,PO-47630,INV-987245,AUD,1.0
TX005965,2025-06-20,2025,2,6,June,D001,C002,V007,R01,P008,Cloud Services expense - Information Technology,Invoice,Posted,543.34,54.33,597.67,PO-54445,INV-849515,AUD,1.0
TX005966,2024-10-31,2024,4,10,October,D007,C012,V019,R01,P008,Telecommunications expense - Customer Service,Invoice,Posted,325.6,32.56,358.16,PO-36182,INV-979673,AUD,1.0
TX005967,2025-10-31,2025,4,10,October,D006,C003,V019,R01,P004,Hardware expense - Operations,Invoice,Posted,2583.95,258.39,2842.34,PO-82659,INV-919686,AUD,1.0
TX005968,2026-02-27,2026,1,2,February,D006,C006,V027,R03,P008,Travel expense - Operations,Invoice,Posted,328.27,32.83,361.1,PO-47194,INV-917549,AUD,1.0
TX005969,2025-06-06,2025,2,6,June,D007,C012,V012,R01,P001,Telecommunications expense - Customer Service,Invoice,Posted,111.53,11.15,122.68,PO-36268,INV-245163,AUD,1.0
TX005970,2026-03-22,2026,1,3,March,D007,C007,V011,R03,P002,Training expense - Customer Service,Invoice,Posted,446.3,44.63,490.93,PO-76625,INV-444135,AUD,1.0
TX005971,2024-01-23,2024,1,1,January,D002,C007,V001,R01,P008,Training expense - Finance,Invoice,Posted,321.11,32.11,353.22,PO-86386,INV-813555,AUD,1.0
TX005972,2024-02-10,2024,1,2,February,D001,C012,V002,R05,P002,Telecommunications expense - Information Technology,Expense Claim,Posted,356.53,35.65,392.18,,,AUD,1.0
TX005973,2024-11-08,2024,4,11,November,D001,C020,V001,R01,P001,Customer Support Tools expense - Information Technology,Direct Debit,Posted,643.06,64.31,707.37,,INV-956534,AUD,1.0
TX005974,2025-04-17,2025,2,4,April,D003,C008,V021,R02,P003,Recruitment expense - Human Resources,Expense Claim,Posted,156.16,15.62,171.78,,,AUD,1.0
TX005975,2024-06-22,2024,2,6,June,D001,C002,V019,R01,P008,Cloud Services expense - Information Technology,Corporate Card,Posted,3365.79,336.58,3702.37,,,AUD,1.0
TX005976,2024-10-24,2024,4,10,October,D003,C004,V033,R01,P008,Contractors expense - Human Resources,Corporate Card,Posted,991.52,99.15,1090.67,,,AUD,1.0
TX005977,2025-06-04,2025,2,6,June,D003,C004,V003,R01,P002,Contractors expense - Human Resources,Invoice,Pending,425.15,42.52,467.67,PO-77358,INV-912576,AUD,1.0
TX005978,2024-06-15,2024,2,6,June,D003,C007,V022,R02,P003,Training expense - Human Resources,Direct Debit,Posted,248.87,24.89,273.76,,INV-614480,AUD,1.0
TX005979,2026-04-13,2026,2,4,April,D006,C011,V035,R01,P007,Office Supplies expense - Operations,Expense Claim,Posted,110.22,11.02,121.24,,,AUD,1.0
TX005980,2025-06-28,2025,2,6,June,D005,C009,V025,R04,P008,Advertising expense - Sales,Invoice,Posted,2688.29,268.83,2957.12,PO-47316,INV-612407,AUD,1.0
TX005981,2024-04-11,2024,2,4,April,D007,C020,V031,R03,P001,Customer Support Tools expense - Customer Service,Invoice,Posted,681.65,68.17,749.82,PO-58075,INV-372972,AUD,1.0
TX005982,2024-02-10,2024,1,2,February,D007,C007,V013,R05,P001,Training expense - Customer Service,Direct Debit,Posted,151.48,15.15,166.63,,INV-575525,AUD,1.0
TX005983,2024-04-22,2024,2,4,April,D005,C006,V021,R01,P008,Travel expense - Sales,Direct Debit,Posted,345.29,34.53,379.82,,INV-631597,AUD,1.0
TX005984,2024-08-27,2024,3,8,August,D005,C012,V010,R03,P008,Telecommunications expense - Sales,Invoice,Posted,1007.45,100.75,1108.2,PO-67837,INV-567733,AUD,1.0
TX005985,2025-07-08,2025,3,7,July,D006,C019,V021,R02,P008,Vehicle Expenses expense - Operations,Invoice,Posted,1238.39,123.84,1362.23,PO-25436,INV-918766,AUD,1.0
TX005986,2026-05-30,2026,2,5,May,D008,C013,V028,R05,P008,Rent expense - Facilities,Invoice,Posted,1182.56,118.26,1300.82,PO-66419,INV-256261,AUD,1.0
TX005987,2025-02-23,2025,1,2,February,D005,C010,V008,R04,P008,Events expense - Sales,Invoice,Posted,421.14,42.11,463.25,PO-41079,INV-442890,AUD,1.0
TX005988,2024-02-05,2024,1,2,February,D001,C012,V005,R02,P008,Telecommunications expense - Information Technology,Corporate Card,Posted,861.46,86.15,947.61,,,AUD,1.0
TX005989,2024-11-04,2024,4,11,November,D008,C003,V013,R01,P002,Hardware expense - Facilities,Invoice,Posted,861.99,86.2,948.19,PO-96877,INV-464292,AUD,1.0
TX005990,2024-02-14,2024,1,2,February,D008,C011,V016,R02,P003,Office Supplies expense - Facilities,Invoice,Posted,772.88,77.29,850.17,PO-11773,INV-178600,AUD,1.0
TX005991,2025-02-06,2025,1,2,February,D005,C012,V009,R02,P007,Telecommunications expense - Sales,Invoice,Posted,298.42,29.84,328.26,PO-13282,INV-301710,AUD,1.0
TX005992,2024-10-19,2024,4,10,October,D003,C008,V026,R04,P005,Recruitment expense - Human Resources,Invoice,Posted,176.85,17.68,194.53,PO-70961,INV-502839,AUD,1.0
TX005993,2025-01-29,2025,1,1,January,D001,C020,V009,R01,P008,Customer Support Tools expense - Information Technology,Invoice,Posted,865.28,86.53,951.81,PO-40057,INV-718527,AUD,1.0
TX005994,2026-06-20,2026,2,6,June,D004,C006,V016,R02,P001,Travel expense - Marketing,Invoice,Posted,166.26,16.63,182.89,PO-72361,INV-424970,AUD,1.0
TX005995,2026-01-08,2026,1,1,January,D003,C004,V033,R01,P005,Contractors expense - Human Resources,Corporate Card,Pending,739.66,73.97,813.63,,,AUD,1.0
TX005996,2025-08-01,2025,3,8,August,D002,C004,V034,R02,P008,Contractors expense - Finance,Direct Debit,Posted,2250.46,225.05,2475.51,,INV-667274,AUD,1.0
TX005997,2024-03-01,2024,1,3,March,D007,C004,V035,R03,P006,Contractors expense - Customer Service,Invoice,Posted,621.52,62.15,683.67,PO-34387,INV-742919,AUD,1.0
TX005998,2025-05-19,2025,2,5,May,D002,C004,V033,R01,P008,Contractors expense - Finance,Invoice,Posted,3035.81,303.58,3339.39,PO-34112,INV-198114,AUD,1.0
TX005999,2026-06-01,2026,2,6,June,D002,C004,V012,R01,P008,Contractors expense - Finance,Invoice,Posted,2021.54,202.15,2223.69,PO-71365,INV-145948,AUD,1.0
TX006000,2025-10-22,2025,4,10,October,D006,C006,V006,R04,P003,Travel expense - Operations,Invoice,Posted,228.18,22.82,251.0,PO-28435,INV-829944,AUD,1.0
